Position,"Track Name",Artist,Streams,URL
1,"Despacito - Remix","Luis Fonsi",1222422,https://open.spotify.com/track/5CtI0qwDJkDQGwXD1H1cLb
2,"Wild Thoughts","DJ Khaled",1212786,https://open.spotify.com/track/1OAh8uOEOvTDqkKFsKksCi
3,"Glorious (feat. Skylar Grey)",Macklemore,1150989,https://open.spotify.com/track/3HVr6jTVwBHBa2flM0eURR
4,Feels,"Calvin Harris",1131970,https://open.spotify.com/track/5bcTCxgc7xVfSaMV3RuVke
5,"Strip That Down","Liam Payne",1118924,https://open.spotify.com/track/6EpRaXYhGOB3fj4V2uDkMJ
6,Unforgettable,"French Montana",1095688,https://open.spotify.com/track/3B54sVLJ402zGa6Xm4YGNe
7,Thunder,"Imagine Dragons",1030809,https://open.spotify.com/track/0tKcYR2II1VCQWT79i5NrW
8,Mama,"Jonas Blue",1006087,https://open.spotify.com/track/0NiXXAI876aGImAd6rTj8w
9,"I'm the One","DJ Khaled",982519,https://open.spotify.com/track/3DXncPQOG4VBw3QHh3S817
10,"2U (feat. Justin Bieber)","David Guetta",978933,https://open.spotify.com/track/3A7qX2QjDlPnazUsRk5y0M
11,Attention,"Charlie Puth",926066,https://open.spotify.com/track/4iLqG9SeJSnt0cSPICSjxv
12,"Pretty Girl - Cheat Codes X CADE Remix","Maggie Lindemann",858080,https://open.spotify.com/track/1NDxZ7cFAo481dtYWdrUnR
13,"Slow Hands","Niall Horan",832832,https://open.spotify.com/track/167NczpNbRF7oWakJaY3Hh
14,"Your Song","Rita Ora",828839,https://open.spotify.com/track/4c2W3VKsOFoIg2SFaO6DY5
15,HUMBLE.,"Kendrick Lamar",827427,https://open.spotify.com/track/7KXjTSCq5nL1LoYtL7XAwS
16,Congratulations,"Post Malone",815341,https://open.spotify.com/track/3a1lNhkSLSkpJE4MSHpDu9
17,"There for You","Martin Garrix",778128,https://open.spotify.com/track/6jA8HL9i4QGzsj6fjoxp8Y
18,"There's Nothing Holdin' Me Back","Shawn Mendes",770515,https://open.spotify.com/track/79cuOz3SPQTuFrp8WgftAu
19,"Sorry Not Sorry","Demi Lovato",764915,https://open.spotify.com/track/25C5CowdsfXld2jJanbiex
20,"Back to You (feat. Bebe Rexha & Digital Farm Animals)","Louis Tomlinson",744132,https://open.spotify.com/track/7F9vK8hNFMml4GtHsaXui6
21,Redbone,"Childish Gambino",741507,https://open.spotify.com/track/3kxfsdsCpFgN412fpnW85Y
22,"Most Girls","Hailee Steinfeld",716006,https://open.spotify.com/track/2mfUa8bLs2s5N4VaqJZ4lZ
23,"New Rules","Dua Lipa",694835,https://open.spotify.com/track/2ekn2ttSfGqwhhate0LSR0
24,Praying,Kesha,688675,https://open.spotify.com/track/79NlESqzFSW0hdBWgls4FX
25,"Bad Liar","Selena Gomez",681181,https://open.spotify.com/track/1sCxVKWImDZSZKvG0U9B23
26,"Shape of You","Ed Sheeran",677925,https://open.spotify.com/track/7qiZfU4dY1lWllzX7mPBI3
27,Location,Khalid,662524,https://open.spotify.com/track/152lZdxL1OR0ZMW6KquMif
28,"XO TOUR Llif3","Lil Uzi Vert",662348,https://open.spotify.com/track/2eMwDehkIC1j68U6FA3Eiq
29,"Body Like A Back Road","Sam Hunt",654374,https://open.spotify.com/track/7mldq42yDuxiUNn08nvzHO
30,"No Promises (feat. Demi Lovato)","Cheat Codes",650858,https://open.spotify.com/track/1louJpMmzEicAn7lzDalPW
31,"Know No Better (feat. Quavo)","Major Lazer",650434,https://open.spotify.com/track/3Ytr1SUCUi6J3L9dRFx5iH
32,"I Like Me Better",Lauv,626910,https://open.spotify.com/track/1wjzFQodRWrPcQ0AnYnvQ9
33,"Symphony (feat. Zara Larsson)","Clean Bandit",625315,https://open.spotify.com/track/1x5sYLZiu9r5E43kMlt9f8
34,"Swalla (feat. Nicki Minaj & Ty Dolla $ign)","Jason Derulo",603038,https://open.spotify.com/track/6kex4EBAj0WHXDKZMEJaaF
35,"Now Or Never",Halsey,602777,https://open.spotify.com/track/7i2DJ88J7jQ8K7zqFX2fW8
36,"Fetish (feat. Gucci Mane)","Selena Gomez",596975,https://open.spotify.com/track/0XLOf9LhyazPX9Ld8jPiUq
37,"Crying in the Club","Camila Cabello",589664,https://open.spotify.com/track/1SJtlNRJDeYHioymcvsqev
38,"Fake Magic","Peking Duk",569199,https://open.spotify.com/track/0lvXfUug5YmOHOyHgXufqF
39,"Stay (with Alessia Cara)",Zedd,565765,https://open.spotify.com/track/0dA2Mk56wEzDgegdC6R17g
40,Signs,Drake,555936,https://open.spotify.com/track/5EnYT6F7wEcdege6mDHEfO
41,"More Than You Know","Axwell /\ Ingrosso",540742,https://open.spotify.com/track/3PEgB3fkiojxms35ntsTgs
42,Waves,"Dean Lewis",517059,https://open.spotify.com/track/64xJ1MMFxxK6osZxJH857T
43,Malibu,"Miley Cyrus",513616,https://open.spotify.com/track/2habSXqcJGExM6JJyskY7O
44,"Something Just Like This","The Chainsmokers",504273,https://open.spotify.com/track/6RUKPb4LETWmmr3iAEQktW
45,"Mi Gente","J Balvin",502655,https://open.spotify.com/track/2rb5MvYT7ZIxbKW5hfcHx8
46,Slide,"Calvin Harris",498810,https://open.spotify.com/track/7tr2za8SQg2CI8EDgrdtNl
47,"Moments (feat. Gavin James)","Bliss n Eso",495717,https://open.spotify.com/track/6SlJooJullmwjBsrnRNROA
48,Believer,"Imagine Dragons",468965,https://open.spotify.com/track/0CcQNd8CINkwQfe1RDtGV6
49,"Get Low (with Liam Payne)",Zedd,461731,https://open.spotify.com/track/1CKd1PnqfYx0H12V9MSaIY
50,"It Ain't Me (with Selena Gomez)",Kygo,450684,https://open.spotify.com/track/3eR23VReFzcdmS7TYCrhCe
51,"Galway Girl","Ed Sheeran",406401,https://open.spotify.com/track/0afhq8XCExXpqazXczTSve
52,"Fallin' - Original Song from the TV Series ""The Secret Daughter""","Jessica Mauboy",378098,https://open.spotify.com/track/2GsteFRbq6UyW0WfUWgQtX
53,"Lay It On Me","Vance Joy",361274,https://open.spotify.com/track/7MUNNBJKYo3cdokp06wEOB
54,"Mask Off",Future,345231,https://open.spotify.com/track/3rOSwuTsUlJp0Pu0MkN8r8
55,1-800-273-8255,Logic,316874,https://open.spotify.com/track/5tz69p7tJuGPeMGwNTxYuV
56,"That's What I Like","Bruno Mars",308999,https://open.spotify.com/track/0KKkJNfGyhkQ5aFogxQAPU
57,"Butterfly Effect","Travis Scott",305897,https://open.spotify.com/track/1yxgsra98r3qAtxqiGZPiX
58,Passionfruit,Drake,302725,https://open.spotify.com/track/7hDc8b7IXETo14hHIHdnhd
59,"Young Dumb & Broke",Khalid,301547,https://open.spotify.com/track/5Z3GHaZ6ec9bsiI5BenrbY
60,"Nights With You",MØ,297834,https://open.spotify.com/track/5q5gzmbBS5yQzos2BvVr1t
61,"The Cure","Lady Gaga",288928,https://open.spotify.com/track/51PIvodunv6NmX5250zxAh
62,"LOYALTY. FEAT. RIHANNA.","Kendrick Lamar",280393,https://open.spotify.com/track/6SwRhMLwNqEi6alNPVG00n
63,DNA.,"Kendrick Lamar",278703,https://open.spotify.com/track/6HZILIRieu8S0iqY8kIKhj
64,"Say You Won't Let Go","James Arthur",266766,https://open.spotify.com/track/5uCax9HTNlzGybIStD3vDh
65,Happier,"Ed Sheeran",266494,https://open.spotify.com/track/2RttW7RAu5nOAfq6YFvApB
66,Why,"Sabrina Carpenter",263661,https://open.spotify.com/track/2jYmK1cb3Uya6FFsocdpzO
67,goosebumps,"Travis Scott",261994,https://open.spotify.com/track/6gBFPUFcJLzWGx4lenP6h2
68,"Castle on the Hill","Ed Sheeran",261850,https://open.spotify.com/track/6PCUP3dWmTjcTtXY02oFdT
69,"Super Far",LANY,255978,https://open.spotify.com/track/74ODGXs4byLTRdnKGM4s6E
70,Perfect,"Ed Sheeran",246476,https://open.spotify.com/track/0tgVpDi06FyKpA1z0VMD4v
71,Issues,"Julia Michaels",244606,https://open.spotify.com/track/6D0b04NJIKfEMg040WioJQ
72,Closer,"The Chainsmokers",240161,https://open.spotify.com/track/7BKLCZ1jbUBVqRi2FVlTVw
73,Rollin,"Calvin Harris",239260,https://open.spotify.com/track/0lMbuWUpfTWhEmOKxppEau
74,"Call On Me - Ryan Riback Extended Remix",Starley,238098,https://open.spotify.com/track/78rIJddV4X0HkNAInEcYde
75,"iSpy (feat. Lil Yachty)",KYLE,227792,https://open.spotify.com/track/2EEeOnHehOozLq4aS0n6SL
76,"I Don’t Wanna Live Forever (Fifty Shades Darker) - From ""Fifty Shades Darker (Original Motion Picture Soundtrack)""",ZAYN,227050,https://open.spotify.com/track/3NdDpSvN911VPGivFlV5d0
77,"Bank Account","21 Savage",226420,https://open.spotify.com/track/5eqK0tbzUPo2SoeZsov04s
78,"Never Be Like You",Flume,225169,https://open.spotify.com/track/12REd1n8PeiHHWOh066tpr
79,"Green Light",Lorde,222074,https://open.spotify.com/track/0gbBzIqrECJOEPvQJIBFs5
80,Starving,"Hailee Steinfeld",220176,https://open.spotify.com/track/1qOLh0tI7trd1zdDKxYZTe
81,Starboy,"The Weeknd",216642,https://open.spotify.com/track/5aAx2yezTd8zXrkmtKl66Z
82,"Sign of the Times","Harry Styles",210934,https://open.spotify.com/track/5Ohxk2dO5COHF1krpoPigN
83,"Bounce Back","Big Sean",209482,https://open.spotify.com/track/0SGkqnVQo9KPytSri1H6cF
84,"The Louvre",Lorde,204669,https://open.spotify.com/track/5r011NB07RHjABbuVGVIbd
85,"Love Galore",SZA,204511,https://open.spotify.com/track/0q75NwOoFiARAVp4EXU4Bs
86,"Don't Leave",Snakehips,199548,https://open.spotify.com/track/0Zx8khUcEfCFK2AEoIhC92
87,"Despacito (Featuring Daddy Yankee)","Luis Fonsi",197026,https://open.spotify.com/track/4aWmUDTfIPGksMNLV2rQP2
88,Down,"Fifth Harmony",196303,https://open.spotify.com/track/7LEydI5NfjY6mZfKwYIptZ
89,"LOVE. FEAT. ZACARI.","Kendrick Lamar",196225,https://open.spotify.com/track/6PGoSes0D9eUDeeAafB2As
90,"In The End","Linkin Park",195717,https://open.spotify.com/track/60a0Rd6pjrkxjPbaKzXjfq
91,"Mr. Brightside","The Killers",194357,https://open.spotify.com/track/7oK9VyNzrYvRFo7nQEYkWN
92,"Scared to Be Lonely","Martin Garrix",194180,https://open.spotify.com/track/3ebXMykcMXOcLeJ9xZ17XH
93,"Solo Dance","Martin Jensen",190352,https://open.spotify.com/track/6HUnnBwYZqcED1eQztxMBN
94,"One Dance",Drake,188613,https://open.spotify.com/track/1xznGGDReH1oQq0xzbwXa3
95,Adore,"Amy Shark",188014,https://open.spotify.com/track/1rPCgtaIF0CyKRgAwhtpbF
96,"First Time",Kygo,184981,https://open.spotify.com/track/2Gl0FzuLxflY6nPifJp5Dr
97,"Love$ick (feat. A$AP Rocky)","Mura Masa",183743,https://open.spotify.com/track/7Kq16WtEJzdRSNQgdXsn7Y
98,"Still Got Time",ZAYN,182801,https://open.spotify.com/track/000xQL6tZNLJzIrtIgxqSl
99,"Rockabye (feat. Sean Paul & Anne-Marie)","Clean Bandit",181292,https://open.spotify.com/track/5knuzwU65gJK7IF5yJsuaW
100,"CAN'T STOP THE FEELING! (Original Song from DreamWorks Animation's ""TROLLS"")","Justin Timberlake",180737,https://open.spotify.com/track/6JV2JOEocMgcZxYSZelKcc
101,"Swish Swish","Katy Perry",179078,https://open.spotify.com/track/2kVHAQKVtczchKctctzbtK
102,"Feel It Still","Portugal. The Man",178895,https://open.spotify.com/track/6QgjcU0zLnzq5OrUoSZ3OK
103,Boys,"Charli XCX",177475,https://open.spotify.com/track/5o4yGlG0PfeVUa6ClIyOxq
104,"Cold Water (feat. Justin Bieber & MØ)","Major Lazer",175814,https://open.spotify.com/track/6DNtNfH8hXkqOX1sjqmI7p
105,Photograph,"Ed Sheeran",175782,https://open.spotify.com/track/6fxVffaTuwjgEk5h9QyRjy
106,"Rich Love (with Seeb)",OneRepublic,175229,https://open.spotify.com/track/7aF09WaavZAmAWuUeYxlYD
107,Chameleon,Pnau,173291,https://open.spotify.com/track/4rex1k9pBVFaIVKBBssZzi
108,"I Feel It Coming","The Weeknd",172266,https://open.spotify.com/track/5GXAXm5YOmYT0kL5jHvYBt
109,"Thinking Out Loud","Ed Sheeran",169923,https://open.spotify.com/track/1Slwb6dOYkBlWal1PGtnNg
110,"Would You Ever",Skrillex,168087,https://open.spotify.com/track/57p8CBvPOxrvyCbn6ttl5r
111,"All Night","The Vamps",167596,https://open.spotify.com/track/4b4KcovePX8Ke2cLIQTLM0
112,"Homemade Dynamite",Lorde,167538,https://open.spotify.com/track/12o6dxWGk29uIAP3OWY0pM
113,"Lose Yourself - Soundtrack Version",Eminem,167335,https://open.spotify.com/track/5Z01UMMf7V1o0MzF86s6WJ
114,Magnolia,"Playboi Carti",167026,https://open.spotify.com/track/1e1JKLEDKP7hEQzJfNAgPl
115,"Who Dat Boy","Tyler, The Creator",166708,https://open.spotify.com/track/21yRtB6B8EMounImAfHRCP
116,"Fresh Eyes","Andy Grammer",166614,https://open.spotify.com/track/4nMlau89VAjmV7agkl7OY3
117,Paris,"The Chainsmokers",165816,https://open.spotify.com/track/72jbDTw1piOOj770jWNeaG
118,Numb,"Linkin Park",165703,https://open.spotify.com/track/2nLtzopw4rPReszdYBJU6h
119,"You Don't Know Me - Radio Edit","Jax Jones",165440,https://open.spotify.com/track/00lNx0OcTJrS3MKHcB80HY
120,"Sun Comes Up",Rudimental,163579,https://open.spotify.com/track/6SUocL0caib4mLHe8ZrZzi
121,Hotel,"Kita Alexander",163522,https://open.spotify.com/track/2BTw5ZxeBygVJpdMK1Ur3c
122,Privacy,"Chris Brown",163097,https://open.spotify.com/track/2Vf2Pflg5rTWSvSCK4qq4A
123,"Bad and Boujee (feat. Lil Uzi Vert)",Migos,162429,https://open.spotify.com/track/4Km5HrUvYTaSUfiSGPJeQR
124,"Ignition - Remix","R. Kelly",162228,https://open.spotify.com/track/5dNfHmqgr128gMY2tc5CeJ
125,Selfish,Future,161843,https://open.spotify.com/track/2Ce5IyMlVRVvN997ZJjJJA
126,Dive,"Ed Sheeran",161686,https://open.spotify.com/track/51ChrwmUPDJvedPQnIU8Ls
127,1955,"Hilltop Hoods",160977,https://open.spotify.com/track/6oSmp7qnvAxUXeUKhl67a6
128,"White Iverson","Post Malone",160231,https://open.spotify.com/track/6eT7xZZlB2mwyzJ2sUKG6w
129,Riptide,"Vance Joy",158134,https://open.spotify.com/track/7yq4Qj7cqayVTp3FF9CWbm
130,"Came Here for Love",Sigala,157970,https://open.spotify.com/track/3kGfazcbVvVkuZunzlLgTD
131,"All Night (feat. Knox Fortune)","Chance The Rapper",157601,https://open.spotify.com/track/60xaS8mYBKUW4VQQ666N0T
132,"Two High","Moon Taxi",155838,https://open.spotify.com/track/3sJHkcxojoJD2Ytbo1yLLF
133,"Lush Life","Zara Larsson",154796,https://open.spotify.com/track/1rIKgCH4H52lrvDcz50hS8
134,"Let It Go","James Bay",152562,https://open.spotify.com/track/13HVjjWUZFaWilh2QUJKsP
135,"It's A Vibe","2 Chainz",151621,https://open.spotify.com/track/6H0AwSQ20mo62jGlPGB8S6
136,Portland,Drake,151512,https://open.spotify.com/track/2bjwRfXMk4uRgOD9IBYl9h
137,"All Time Low","Jon Bellion",151301,https://open.spotify.com/track/1CnPYaKxTVb4LWOtiGOm0m
138,Capsize,FRENSHIP,151051,https://open.spotify.com/track/2XMTqoHHSH0lvuXrvIEdco
139,"Fake Love",Drake,149766,https://open.spotify.com/track/343YBumqHu19cGoGARUTsd
140,"Look At Me!",XXXTENTACION,148886,https://open.spotify.com/track/4ARPvK8DHLwt4oX65ZAFMw
141,"Way Down We Go",Kaleo,148509,https://open.spotify.com/track/0y1QJc3SJVPKJ1OvFmFqe6
142,"Love Yourself","Justin Bieber",147736,https://open.spotify.com/track/3hB5DgAiMAQ4DzYbsMq1IT
143,Georgia,"Vance Joy",147071,https://open.spotify.com/track/6Fha6tXHkL3r9m9nNqQG8p
144,"Can't Hold Us - feat. Ray Dalton","Macklemore & Ryan Lewis",145629,https://open.spotify.com/track/3bidbhpOYeV4knp8AIu8Xn
145,"Let Me Love You","DJ Snake",143684,https://open.spotify.com/track/4pdPtRcBmOSQDlJ3Fk945m
146,Cocoon,"Milky Chance",142743,https://open.spotify.com/track/0L87MffumRNWrY2SNUFcvs
147,Caroline,Aminé,142682,https://open.spotify.com/track/5hTpBe8h35rJ67eAWHQsJx
148,"Scars To Your Beautiful","Alessia Cara",142628,https://open.spotify.com/track/0prNGof3XqfTvNDxHonvdK
149,"Don't Let Me Down","The Chainsmokers",142506,https://open.spotify.com/track/0QsvXIfqM0zZoerQfsI9lm
150,"Treat You Better","Shawn Mendes",142372,https://open.spotify.com/track/4Hf7WnR761jpxPr5D46Bcd
151,Stronger,"Kanye West",141569,https://open.spotify.com/track/6C7RJEIUDqKkJRZVWdkfkH
152,Mercy,"Shawn Mendes",141378,https://open.spotify.com/track/4TZy1wLyHec06pwgFYDh1a
153,"Gold Digger","Kanye West",139737,https://open.spotify.com/track/5XJJdNPkwmbUwE79gv0NxK
154,ELEMENT.,"Kendrick Lamar",139046,https://open.spotify.com/track/1EaKU4dMbesXXd3BrLCtYG
155,"The Night We Met","Lord Huron",137861,https://open.spotify.com/track/6mORGLOz79w6VsCRLWYYuK
156,"Slippery (feat. Gucci Mane)",Migos,137324,https://open.spotify.com/track/6p8NuHm8uCGnn2Dtbtf7zE
157,Saved,Khalid,137029,https://open.spotify.com/track/248OFOZef6ShXv6DGgbnxU
158,"Work from Home","Fifth Harmony",136423,https://open.spotify.com/track/4tCtwWceOPWzenK2HAIJSb
159,"911 / Mr. Lonely","Tyler, The Creator",136384,https://open.spotify.com/track/4bEcoz1OcfMgUbp2ft8ieQ
160,"All My Love (feat. Conor Maynard)","Cash Cash",136156,https://open.spotify.com/track/1839RWzPRZCVgvamu4sHSN
161,"September Song","JP Cooper",135512,https://open.spotify.com/track/0FuTx2s3YH1ppmtiM6l0zI
162,"Heavy (feat. Kiiara)","Linkin Park",134830,https://open.spotify.com/track/104buTcnP2AsxqB7U1FIZ4
163,"Wonderwall - Remastered",Oasis,134495,https://open.spotify.com/track/5qqabIl2vWzo9ApSC317sa
164,"Let Her Go",Passenger,134436,https://open.spotify.com/track/2jyjhRf6DVbMPU5zxagN2h
165,Jungle,"Tash Sultana",133903,https://open.spotify.com/track/7ol59kVwq3DQyyjKZ2DRzy
166,"Side To Side","Ariana Grande",133302,https://open.spotify.com/track/4pLwZjInHj3SimIyN9SnOz
167,Snow,"Angus & Julia Stone",131592,https://open.spotify.com/track/62Rr9VBVpvrrbkNQLsPzb8
168,"Cheap Thrills",Sia,131571,https://open.spotify.com/track/27SdWb2rFzO6GWiYDBTD9j
169,"No Role Modelz","J. Cole",131300,https://open.spotify.com/track/62vpWI1CHwFy7tMIcSStl8
170,"Maybe It's My First Time","Meg Mac",131057,https://open.spotify.com/track/1ywMOfO0f9atfKRVtA9TiE
171,"It's Gotta Be You",Isaiah,130501,https://open.spotify.com/track/6cAKeFFYW2aClZSUyvqAEW
172,"We Don't Talk Anymore (feat. Selena Gomez)","Charlie Puth",130374,https://open.spotify.com/track/68EMU2RD1ECNeOeJ5qAXCV
173,Touch,"Little Mix",130301,https://open.spotify.com/track/5Ua3GXyHwiSfpNTMjq6m2z
174,"Shed a Light","Robin Schulz",130043,https://open.spotify.com/track/1cG0umU5TKStygKsPFZ9pY
175,Sorry,"Justin Bieber",129536,https://open.spotify.com/track/69bp2EbF7Q2rqc5N3ylezZ
176,"Instruction (feat. Demi Lovato & Stefflon Don)","Jax Jones",129016,https://open.spotify.com/track/0XfOi87h82i09rQjWYG0Bm
177,"The Future (feat. Antony & Cleopatra)",Motez,128649,https://open.spotify.com/track/5NQBZ9RAdV5Q6N7ORTI3RX
178,"do re mi",blackbear,128439,https://open.spotify.com/track/3Q3myFA7q4Op95DOpHplaY
179,"Go Flex","Post Malone",128194,https://open.spotify.com/track/5yuShbu70mtHXY0yLzCQLQ
180,Crazy,"Gnarls Barkley",128028,https://open.spotify.com/track/1vxw6aYJls2oq3gW0DujAo
181,"How Far I'll Go - From ""Moana""","Alessia Cara",126491,https://open.spotify.com/track/5hYTyyh2odQKphUbMqc5gN
182,"24K Magic","Bruno Mars",125959,https://open.spotify.com/track/6b8Be6ljOzmkOmFslEb23P
183,Fading,"Vallis Alps",125399,https://open.spotify.com/track/2fKEunM0KZVpVLwlvmVlDZ
184,"Supermarket Flowers","Ed Sheeran",125150,https://open.spotify.com/track/4VuS959DSpr82t3qBqCrWG
185,"Lean On (feat. MØ & DJ Snake)","Major Lazer",125023,https://open.spotify.com/track/4WjH9Bzt3kx7z8kl0awxh4
186,"This Is What You Came For","Calvin Harris",125023,https://open.spotify.com/track/0azC730Exh71aQlOt9Zj3y
187,"Sunset Lover","Petit Biscuit",124780,https://open.spotify.com/track/0hNduWmlWmEmuwEFcYvRu1
188,"'Till I Collapse",Eminem,124448,https://open.spotify.com/track/6yr8GiTHWvFfi4o6Q5ebdT
189,"Hey Ya! - Radio Mix / Club Mix",OutKast,124262,https://open.spotify.com/track/2PpruBYCo4H7WOBJ7Q2EwM
190,"V. 3005","Childish Gambino",123261,https://open.spotify.com/track/7wwifjNAb172PtDpKK3CoR
191,"Perfect Places",Lorde,123186,https://open.spotify.com/track/1wC93sZRGcTgKLN2UWRSwW
192,Notion,"Tash Sultana",122184,https://open.spotify.com/track/6NosuXu0gXczpqyYiYzfFd
193,"Numb / Encore","JAY Z",121719,https://open.spotify.com/track/5sNESr6pQfIhL3krM8CtZn
194,Sexual,NEIKED,120867,https://open.spotify.com/track/3AsAuGTaDQzavZZThyYlop
195,"The Ocean","Mike Perry",120374,https://open.spotify.com/track/2CPqh63wRVscbceKcPxwvv
196,"Water Under the Bridge",Adele,120092,https://open.spotify.com/track/4vb4mFvYsr2h6enhjJsq9Y
197,Mended,"Vera Blue",119984,https://open.spotify.com/track/3cO4ZL8NcUU7i5o4k12tAS
198,"i hate u, i love u (feat. olivia o'brien)",gnash,119961,https://open.spotify.com/track/7vRriwrloYVaoAe3a9wJHe
199,"My Way","Calvin Harris",119554,https://open.spotify.com/track/1vvNmPOiUuyCbgWmtc6yfm
200,"7 Years","Lukas Graham",119263,https://open.spotify.com/track/7129iqBafaphfc3WPCGC0L
