Position,"Track Name",Artist,Streams,URL
1,"Despacito - Remix","Luis Fonsi",1275356,https://open.spotify.com/track/5CtI0qwDJkDQGwXD1H1cLb
2,"Wild Thoughts","DJ Khaled",1218758,https://open.spotify.com/track/1OAh8uOEOvTDqkKFsKksCi
3,"Strip That Down","Liam Payne",1099548,https://open.spotify.com/track/6EpRaXYhGOB3fj4V2uDkMJ
4,Feels,"Calvin Harris",1081572,https://open.spotify.com/track/5bcTCxgc7xVfSaMV3RuVke
5,Unforgettable,"French Montana",1028071,https://open.spotify.com/track/3B54sVLJ402zGa6Xm4YGNe
6,"I'm the One","DJ Khaled",995932,https://open.spotify.com/track/3DXncPQOG4VBw3QHh3S817
7,Mama,"Jonas Blue",958380,https://open.spotify.com/track/0NiXXAI876aGImAd6rTj8w
8,"Glorious (feat. Skylar Grey)",Macklemore,934205,https://open.spotify.com/track/3HVr6jTVwBHBa2flM0eURR
9,Thunder,"Imagine Dragons",933391,https://open.spotify.com/track/0tKcYR2II1VCQWT79i5NrW
10,"2U (feat. Justin Bieber)","David Guetta",908897,https://open.spotify.com/track/3A7qX2QjDlPnazUsRk5y0M
11,Attention,"Charlie Puth",899674,https://open.spotify.com/track/4iLqG9SeJSnt0cSPICSjxv
12,HUMBLE.,"Kendrick Lamar",817109,https://open.spotify.com/track/7KXjTSCq5nL1LoYtL7XAwS
13,"Slow Hands","Niall Horan",815623,https://open.spotify.com/track/167NczpNbRF7oWakJaY3Hh
14,"Pretty Girl - Cheat Codes X CADE Remix","Maggie Lindemann",809149,https://open.spotify.com/track/1NDxZ7cFAo481dtYWdrUnR
15,"Your Song","Rita Ora",780784,https://open.spotify.com/track/4c2W3VKsOFoIg2SFaO6DY5
16,Congratulations,"Post Malone",779765,https://open.spotify.com/track/3a1lNhkSLSkpJE4MSHpDu9
17,"There for You","Martin Garrix",758412,https://open.spotify.com/track/6jA8HL9i4QGzsj6fjoxp8Y
18,"There's Nothing Holdin' Me Back","Shawn Mendes",748302,https://open.spotify.com/track/79cuOz3SPQTuFrp8WgftAu
19,Redbone,"Childish Gambino",745772,https://open.spotify.com/track/3kxfsdsCpFgN412fpnW85Y
20,"Sorry Not Sorry","Demi Lovato",714959,https://open.spotify.com/track/25C5CowdsfXld2jJanbiex
21,"Shape of You","Ed Sheeran",680948,https://open.spotify.com/track/7qiZfU4dY1lWllzX7mPBI3
22,"Most Girls","Hailee Steinfeld",659009,https://open.spotify.com/track/2mfUa8bLs2s5N4VaqJZ4lZ
23,"XO TOUR Llif3","Lil Uzi Vert",646878,https://open.spotify.com/track/2eMwDehkIC1j68U6FA3Eiq
24,"Bad Liar","Selena Gomez",644221,https://open.spotify.com/track/1sCxVKWImDZSZKvG0U9B23
25,"No Promises (feat. Demi Lovato)","Cheat Codes",619484,https://open.spotify.com/track/1louJpMmzEicAn7lzDalPW
26,"Symphony (feat. Zara Larsson)","Clean Bandit",606369,https://open.spotify.com/track/1x5sYLZiu9r5E43kMlt9f8
27,"Know No Better (feat. Quavo)","Major Lazer",598207,https://open.spotify.com/track/3Ytr1SUCUi6J3L9dRFx5iH
28,Location,Khalid,597110,https://open.spotify.com/track/152lZdxL1OR0ZMW6KquMif
29,Praying,Kesha,583318,https://open.spotify.com/track/79NlESqzFSW0hdBWgls4FX
30,"Swalla (feat. Nicki Minaj & Ty Dolla $ign)","Jason Derulo",580304,https://open.spotify.com/track/6kex4EBAj0WHXDKZMEJaaF
31,"Now Or Never",Halsey,574760,https://open.spotify.com/track/7i2DJ88J7jQ8K7zqFX2fW8
32,"Fetish (feat. Gucci Mane)","Selena Gomez",569926,https://open.spotify.com/track/0XLOf9LhyazPX9Ld8jPiUq
33,"Body Like A Back Road","Sam Hunt",569360,https://open.spotify.com/track/7mldq42yDuxiUNn08nvzHO
34,"I Like Me Better",Lauv,569224,https://open.spotify.com/track/1wjzFQodRWrPcQ0AnYnvQ9
35,"Crying in the Club","Camila Cabello",565523,https://open.spotify.com/track/1SJtlNRJDeYHioymcvsqev
36,Signs,Drake,545246,https://open.spotify.com/track/5EnYT6F7wEcdege6mDHEfO
37,"Stay (with Alessia Cara)",Zedd,545036,https://open.spotify.com/track/0dA2Mk56wEzDgegdC6R17g
38,Slide,"Calvin Harris",528769,https://open.spotify.com/track/7tr2za8SQg2CI8EDgrdtNl
39,"Fake Magic","Peking Duk",522783,https://open.spotify.com/track/0lvXfUug5YmOHOyHgXufqF
40,Malibu,"Miley Cyrus",521894,https://open.spotify.com/track/2habSXqcJGExM6JJyskY7O
41,"Back to You (feat. Bebe Rexha & Digital Farm Animals)","Louis Tomlinson",505542,https://open.spotify.com/track/7F9vK8hNFMml4GtHsaXui6
42,"Something Just Like This","The Chainsmokers",490561,https://open.spotify.com/track/6RUKPb4LETWmmr3iAEQktW
43,Waves,"Dean Lewis",485238,https://open.spotify.com/track/64xJ1MMFxxK6osZxJH857T
44,"Moments (feat. Gavin James)","Bliss n Eso",476760,https://open.spotify.com/track/6SlJooJullmwjBsrnRNROA
45,"In The End","Linkin Park",465256,https://open.spotify.com/track/60a0Rd6pjrkxjPbaKzXjfq
46,"Galway Girl","Ed Sheeran",442850,https://open.spotify.com/track/0afhq8XCExXpqazXczTSve
47,"It Ain't Me (with Selena Gomez)",Kygo,442329,https://open.spotify.com/track/3eR23VReFzcdmS7TYCrhCe
48,Believer,"Imagine Dragons",429052,https://open.spotify.com/track/0CcQNd8CINkwQfe1RDtGV6
49,"Get Low (with Liam Payne)",Zedd,425797,https://open.spotify.com/track/1CKd1PnqfYx0H12V9MSaIY
50,"New Rules","Dua Lipa",415267,https://open.spotify.com/track/2ekn2ttSfGqwhhate0LSR0
51,Numb,"Linkin Park",402294,https://open.spotify.com/track/2nLtzopw4rPReszdYBJU6h
52,"More Than You Know","Axwell /\ Ingrosso",385323,https://open.spotify.com/track/4q8PHoRsPUB52LFylX8Ulz
53,"Mask Off",Future,381925,https://open.spotify.com/track/3rOSwuTsUlJp0Pu0MkN8r8
54,"Lay It On Me","Vance Joy",359189,https://open.spotify.com/track/7MUNNBJKYo3cdokp06wEOB
55,1-800-273-8255,Logic,339196,https://open.spotify.com/track/5tz69p7tJuGPeMGwNTxYuV
56,"Mi Gente","J Balvin",339151,https://open.spotify.com/track/2rb5MvYT7ZIxbKW5hfcHx8
57,"Fallin' - Original Song from the TV Series ""The Secret Daughter""","Jessica Mauboy",336426,https://open.spotify.com/track/2GsteFRbq6UyW0WfUWgQtX
58,"That's What I Like","Bruno Mars",325811,https://open.spotify.com/track/0KKkJNfGyhkQ5aFogxQAPU
59,Passionfruit,Drake,306270,https://open.spotify.com/track/7hDc8b7IXETo14hHIHdnhd
60,"Heavy (feat. Kiiara)","Linkin Park",303737,https://open.spotify.com/track/104buTcnP2AsxqB7U1FIZ4
61,Happier,"Ed Sheeran",303263,https://open.spotify.com/track/2RttW7RAu5nOAfq6YFvApB
62,"The Cure","Lady Gaga",290615,https://open.spotify.com/track/51PIvodunv6NmX5250zxAh
63,"Nights With You",MØ,282254,https://open.spotify.com/track/5q5gzmbBS5yQzos2BvVr1t
64,"Butterfly Effect","Travis Scott",281542,https://open.spotify.com/track/1yxgsra98r3qAtxqiGZPiX
65,DNA.,"Kendrick Lamar",276286,https://open.spotify.com/track/6HZILIRieu8S0iqY8kIKhj
66,"Castle on the Hill","Ed Sheeran",262396,https://open.spotify.com/track/6PCUP3dWmTjcTtXY02oFdT
67,"Young Dumb & Broke",Khalid,260411,https://open.spotify.com/track/5Z3GHaZ6ec9bsiI5BenrbY
68,"What I've Done","Linkin Park",258511,https://open.spotify.com/track/4kfm1uI9QGaoN9qm6CkAMn
69,"Say You Won't Let Go","James Arthur",255526,https://open.spotify.com/track/5uCax9HTNlzGybIStD3vDh
70,goosebumps,"Travis Scott",250407,https://open.spotify.com/track/6gBFPUFcJLzWGx4lenP6h2
71,Rollin,"Calvin Harris",246836,https://open.spotify.com/track/0lMbuWUpfTWhEmOKxppEau
72,"iSpy (feat. Lil Yachty)",KYLE,243691,https://open.spotify.com/track/2EEeOnHehOozLq4aS0n6SL
73,Perfect,"Ed Sheeran",240848,https://open.spotify.com/track/0tgVpDi06FyKpA1z0VMD4v
74,"Call On Me - Ryan Riback Extended Remix",Starley,236364,https://open.spotify.com/track/78rIJddV4X0HkNAInEcYde
75,"Green Light",Lorde,235426,https://open.spotify.com/track/0gbBzIqrECJOEPvQJIBFs5
76,"Numb / Encore","JAY Z",231065,https://open.spotify.com/track/5sNESr6pQfIhL3krM8CtZn
77,Closer,"The Chainsmokers",227663,https://open.spotify.com/track/7BKLCZ1jbUBVqRi2FVlTVw
78,"Homemade Dynamite",Lorde,225575,https://open.spotify.com/track/12o6dxWGk29uIAP3OWY0pM
79,"Never Be Like You",Flume,225071,https://open.spotify.com/track/12REd1n8PeiHHWOh066tpr
80,Issues,"Julia Michaels",224143,https://open.spotify.com/track/1sXUWdKx03aP9Gmzft58rt
81,"Sign of the Times","Harry Styles",220689,https://open.spotify.com/track/5Ohxk2dO5COHF1krpoPigN
82,"I Don’t Wanna Live Forever (Fifty Shades Darker) - From ""Fifty Shades Darker (Original Motion Picture Soundtrack)""",ZAYN,216044,https://open.spotify.com/track/3NdDpSvN911VPGivFlV5d0
83,"Who Dat Boy","Tyler, The Creator",212849,https://open.spotify.com/track/21yRtB6B8EMounImAfHRCP
84,Starboy,"The Weeknd",211337,https://open.spotify.com/track/5aAx2yezTd8zXrkmtKl66Z
85,Starving,"Hailee Steinfeld",209645,https://open.spotify.com/track/1qOLh0tI7trd1zdDKxYZTe
86,"Don't Leave",Snakehips,208045,https://open.spotify.com/track/0Zx8khUcEfCFK2AEoIhC92
87,"The Louvre",Lorde,207708,https://open.spotify.com/track/5r011NB07RHjABbuVGVIbd
88,"Despacito (Featuring Daddy Yankee)","Luis Fonsi",200974,https://open.spotify.com/track/4aWmUDTfIPGksMNLV2rQP2
89,"Swish Swish","Katy Perry",199026,https://open.spotify.com/track/2kVHAQKVtczchKctctzbtK
90,Selfish,Future,197728,https://open.spotify.com/track/2Ce5IyMlVRVvN997ZJjJJA
91,"Bounce Back","Big Sean",196079,https://open.spotify.com/track/0SGkqnVQo9KPytSri1H6cF
92,"Scared to Be Lonely","Martin Garrix",194164,https://open.spotify.com/track/3ebXMykcMXOcLeJ9xZ17XH
93,"One Step Closer","Linkin Park",194147,https://open.spotify.com/track/3K4HG9evC7dg3N0R9cYqk4
94,Down,"Fifth Harmony",189400,https://open.spotify.com/track/7LEydI5NfjY6mZfKwYIptZ
95,Adore,"Amy Shark",188108,https://open.spotify.com/track/1rPCgtaIF0CyKRgAwhtpbF
96,"LOVE. FEAT. ZACARI.","Kendrick Lamar",186312,https://open.spotify.com/track/6PGoSes0D9eUDeeAafB2As
97,"Love$ick (feat. A$AP Rocky)","Mura Masa",185924,https://open.spotify.com/track/7Kq16WtEJzdRSNQgdXsn7Y
98,"Solo Dance","Martin Jensen",184768,https://open.spotify.com/track/6HUnnBwYZqcED1eQztxMBN
99,"One Dance",Drake,184127,https://open.spotify.com/track/1xznGGDReH1oQq0xzbwXa3
100,"Mr. Brightside","The Killers",181643,https://open.spotify.com/track/7oK9VyNzrYvRFo7nQEYkWN
101,"First Time",Kygo,181301,https://open.spotify.com/track/2Gl0FzuLxflY6nPifJp5Dr
102,"Rockabye (feat. Sean Paul & Anne-Marie)","Clean Bandit",178265,https://open.spotify.com/track/5knuzwU65gJK7IF5yJsuaW
103,"Still Got Time",ZAYN,174156,https://open.spotify.com/track/000xQL6tZNLJzIrtIgxqSl
104,"CAN'T STOP THE FEELING! (Original Song from DreamWorks Animation's ""TROLLS"")","Justin Timberlake",173623,https://open.spotify.com/track/6JV2JOEocMgcZxYSZelKcc
105,"Super Far",LANY,172746,https://open.spotify.com/track/74ODGXs4byLTRdnKGM4s6E
106,"I Feel It Coming","The Weeknd",172386,https://open.spotify.com/track/5GXAXm5YOmYT0kL5jHvYBt
107,"LOYALTY. FEAT. RIHANNA.","Kendrick Lamar",172134,https://open.spotify.com/track/6SwRhMLwNqEi6alNPVG00n
108,Chameleon,Pnau,171380,https://open.spotify.com/track/4rex1k9pBVFaIVKBBssZzi
109,"Cold Water (feat. Justin Bieber & MØ)","Major Lazer",168514,https://open.spotify.com/track/6DNtNfH8hXkqOX1sjqmI7p
110,Photograph,"Ed Sheeran",168300,https://open.spotify.com/track/6fxVffaTuwjgEk5h9QyRjy
111,Magnolia,"Playboi Carti",166829,https://open.spotify.com/track/1e1JKLEDKP7hEQzJfNAgPl
112,"You Don't Know Me - Radio Edit","Jax Jones",164138,https://open.spotify.com/track/00lNx0OcTJrS3MKHcB80HY
113,"Thinking Out Loud","Ed Sheeran",163790,https://open.spotify.com/track/1Slwb6dOYkBlWal1PGtnNg
114,"Bad and Boujee (feat. Lil Uzi Vert)",Migos,161023,https://open.spotify.com/track/4Km5HrUvYTaSUfiSGPJeQR
115,"Fresh Eyes","Andy Grammer",160478,https://open.spotify.com/track/4nMlau89VAjmV7agkl7OY3
116,Paris,"The Chainsmokers",160027,https://open.spotify.com/track/72jbDTw1piOOj770jWNeaG
117,"911 / Mr. Lonely","Tyler, The Creator",159925,https://open.spotify.com/track/4bEcoz1OcfMgUbp2ft8ieQ
118,Privacy,"Chris Brown",159102,https://open.spotify.com/track/2Vf2Pflg5rTWSvSCK4qq4A
119,"All Night","The Vamps",157286,https://open.spotify.com/track/4b4KcovePX8Ke2cLIQTLM0
120,"All Time Low","Jon Bellion",157253,https://open.spotify.com/track/1CnPYaKxTVb4LWOtiGOm0m
121,1955,"Hilltop Hoods",153410,https://open.spotify.com/track/6oSmp7qnvAxUXeUKhl67a6
122,"Lose Yourself - Soundtrack Version",Eminem,153237,https://open.spotify.com/track/5Z01UMMf7V1o0MzF86s6WJ
123,"Ignition - Remix","R. Kelly",153215,https://open.spotify.com/track/5dNfHmqgr128gMY2tc5CeJ
124,"Rich Love (with Seeb)",OneRepublic,152677,https://open.spotify.com/track/7aF09WaavZAmAWuUeYxlYD
125,"All Night (feat. Knox Fortune)","Chance The Rapper",151367,https://open.spotify.com/track/60xaS8mYBKUW4VQQ666N0T
126,Riptide,"Vance Joy",151302,https://open.spotify.com/track/7yq4Qj7cqayVTp3FF9CWbm
127,"White Iverson","Post Malone",150541,https://open.spotify.com/track/6eT7xZZlB2mwyzJ2sUKG6w
128,Dive,"Ed Sheeran",150486,https://open.spotify.com/track/51ChrwmUPDJvedPQnIU8Ls
129,"Bleed It Out","Linkin Park",150208,https://open.spotify.com/track/3qmvK8QARSPkFTuKeIXSbs
130,Capsize,FRENSHIP,149817,https://open.spotify.com/track/2XMTqoHHSH0lvuXrvIEdco
131,Crawling,"Linkin Park",147801,https://open.spotify.com/track/57BrRMwf9LrcmuOsyGilwr
132,"Bank Account","21 Savage",147564,https://open.spotify.com/track/5eqK0tbzUPo2SoeZsov04s
133,Portland,Drake,147028,https://open.spotify.com/track/2bjwRfXMk4uRgOD9IBYl9h
134,"See You Again","Tyler, The Creator",146480,https://open.spotify.com/track/7KA4W4McWYRpgf0fWsJZWB
135,"Came Here for Love",Sigala,146271,https://open.spotify.com/track/3kGfazcbVvVkuZunzlLgTD
136,"Way Down We Go",Kaleo,146229,https://open.spotify.com/track/0y1QJc3SJVPKJ1OvFmFqe6
137,Hotel,"Kita Alexander",146097,https://open.spotify.com/track/2BTw5ZxeBygVJpdMK1Ur3c
138,"Fake Love",Drake,145568,https://open.spotify.com/track/343YBumqHu19cGoGARUTsd
139,Georgia,"Vance Joy",145434,https://open.spotify.com/track/6Fha6tXHkL3r9m9nNqQG8p
140,"Look At Me!",XXXTENTACION,145260,https://open.spotify.com/track/4ARPvK8DHLwt4oX65ZAFMw
141,"One More Light","Linkin Park",143862,https://open.spotify.com/track/3xXBsjrbG1xQIm1xv1cKOt
142,"Let It Go","James Bay",143787,https://open.spotify.com/track/13HVjjWUZFaWilh2QUJKsP
143,"Good Goodbye (feat. Pusha T and Stormzy)","Linkin Park",143227,https://open.spotify.com/track/650OeHTLxZAQmb4aEbGmaA
144,"September Song","JP Cooper",143014,https://open.spotify.com/track/0FuTx2s3YH1ppmtiM6l0zI
145,Boredom,"Tyler, The Creator",142028,https://open.spotify.com/track/5WNYg3usc6H8N3MBEp4zVk
146,"Love Yourself","Justin Bieber",142008,https://open.spotify.com/track/3hB5DgAiMAQ4DzYbsMq1IT
147,Papercut,"Linkin Park",141571,https://open.spotify.com/track/1Vej0qeQ3ioKwpI6FUbRv1
148,"Two High","Moon Taxi",141543,https://open.spotify.com/track/3sJHkcxojoJD2Ytbo1yLLF
149,"Somewhere I Belong","Linkin Park",139324,https://open.spotify.com/track/3agtg0x11wPvLIWkYR39nZ
150,"Let Me Love You","DJ Snake",139211,https://open.spotify.com/track/4pdPtRcBmOSQDlJ3Fk945m
151,"Scars To Your Beautiful","Alessia Cara",138347,https://open.spotify.com/track/0prNGof3XqfTvNDxHonvdK
152,"It's A Vibe","2 Chainz",137579,https://open.spotify.com/track/6H0AwSQ20mo62jGlPGB8S6
153,Cocoon,"Milky Chance",137537,https://open.spotify.com/track/0L87MffumRNWrY2SNUFcvs
154,"Treat You Better","Shawn Mendes",137338,https://open.spotify.com/track/4Hf7WnR761jpxPr5D46Bcd
155,"Can't Hold Us - feat. Ray Dalton","Macklemore & Ryan Lewis",136401,https://open.spotify.com/track/3bidbhpOYeV4knp8AIu8Xn
156,"do re mi",blackbear,135645,https://open.spotify.com/track/3Q3myFA7q4Op95DOpHplaY
157,ELEMENT.,"Kendrick Lamar",135327,https://open.spotify.com/track/1EaKU4dMbesXXd3BrLCtYG
158,"Don't Let Me Down","The Chainsmokers",135290,https://open.spotify.com/track/0QsvXIfqM0zZoerQfsI9lm
159,Stronger,"Kanye West",135188,https://open.spotify.com/track/6C7RJEIUDqKkJRZVWdkfkH
160,Jungle,"Tash Sultana",134527,https://open.spotify.com/track/7ol59kVwq3DQyyjKZ2DRzy
161,"Gold Digger","Kanye West",134007,https://open.spotify.com/track/5XJJdNPkwmbUwE79gv0NxK
162,Mercy,"Shawn Mendes",133912,https://open.spotify.com/track/4TZy1wLyHec06pwgFYDh1a
163,"Maybe It's My First Time","Meg Mac",132314,https://open.spotify.com/track/1ywMOfO0f9atfKRVtA9TiE
164,Mended,"Vera Blue",131922,https://open.spotify.com/track/3cO4ZL8NcUU7i5o4k12tAS
165,"Work from Home","Fifth Harmony",131705,https://open.spotify.com/track/4tCtwWceOPWzenK2HAIJSb
166,"Side To Side","Ariana Grande",130425,https://open.spotify.com/track/4pLwZjInHj3SimIyN9SnOz
167,"Slippery (feat. Gucci Mane)",Migos,130311,https://open.spotify.com/track/6p8NuHm8uCGnn2Dtbtf7zE
168,"The Night We Met","Lord Huron",130097,https://open.spotify.com/track/6mORGLOz79w6VsCRLWYYuK
169,Touch,"Little Mix",129562,https://open.spotify.com/track/5Ua3GXyHwiSfpNTMjq6m2z
170,"Cheap Thrills",Sia,129554,https://open.spotify.com/track/27SdWb2rFzO6GWiYDBTD9j
171,Faint,"Linkin Park",129515,https://open.spotify.com/track/4Yf5bqU3NK4kNOypcrLYwU
172,"Summer Bummer (feat. A$AP Rocky & Playboi Carti)","Lana Del Rey",128968,https://open.spotify.com/track/5QqyRUZeBE04yJxsD1OC0I
173,"Lust For Life (with The Weeknd)","Lana Del Rey",128838,https://open.spotify.com/track/4L7Y2OAPiY2I2GndZjAs5K
174,"Wonderwall - Remastered",Oasis,128398,https://open.spotify.com/track/5qqabIl2vWzo9ApSC317sa
175,"Instruction (feat. Demi Lovato & Stefflon Don)","Jax Jones",127381,https://open.spotify.com/track/0XfOi87h82i09rQjWYG0Bm
176,"Lush Life","Zara Larsson",126946,https://open.spotify.com/track/1rIKgCH4H52lrvDcz50hS8
177,"Shed a Light","Robin Schulz",126756,https://open.spotify.com/track/1cG0umU5TKStygKsPFZ9pY
178,"I Ain't Got Time!","Tyler, The Creator",126709,https://open.spotify.com/track/430qNtapCS3Ue1yoSql1oV
179,"How Far I'll Go - From ""Moana""","Alessia Cara",125821,https://open.spotify.com/track/5hYTyyh2odQKphUbMqc5gN
180,"24K Magic","Bruno Mars",125702,https://open.spotify.com/track/6b8Be6ljOzmkOmFslEb23P
181,Sorry,"Justin Bieber",125444,https://open.spotify.com/track/69bp2EbF7Q2rqc5N3ylezZ
182,"No Role Modelz","J. Cole",125211,https://open.spotify.com/track/62vpWI1CHwFy7tMIcSStl8
183,Love,"Lana Del Rey",124992,https://open.spotify.com/track/4xyNG8vZR3g8FnphVkbjRo
184,"Sun Comes Up",Rudimental,124706,https://open.spotify.com/track/6SUocL0caib4mLHe8ZrZzi
185,Fading,"Vallis Alps",124652,https://open.spotify.com/track/2fKEunM0KZVpVLwlvmVlDZ
186,"Battle Symphony","Linkin Park",124548,https://open.spotify.com/track/3FQCJI2t5LTbsRPfYVBSVB
187,"We Don't Talk Anymore (feat. Selena Gomez)","Charlie Puth",123087,https://open.spotify.com/track/68EMU2RD1ECNeOeJ5qAXCV
188,"Supermarket Flowers","Ed Sheeran",122761,https://open.spotify.com/track/4VuS959DSpr82t3qBqCrWG
189,"Fast Car","Jonas Blue",122359,https://open.spotify.com/track/6OZh916QF8XNunWaP97WEZ
190,"Feel It Still","Portugal. The Man",122201,https://open.spotify.com/track/6QgjcU0zLnzq5OrUoSZ3OK
191,"This Is What You Came For","Calvin Harris",121212,https://open.spotify.com/track/0azC730Exh71aQlOt9Zj3y
192,"Perfect Places",Lorde,121189,https://open.spotify.com/track/1wC93sZRGcTgKLN2UWRSwW
193,"Lean On (feat. MØ & DJ Snake)","Major Lazer",121006,https://open.spotify.com/track/4WjH9Bzt3kx7z8kl0awxh4
194,Snow,"Angus & Julia Stone",120819,https://open.spotify.com/track/62Rr9VBVpvrrbkNQLsPzb8
195,"Let Her Go",Passenger,120794,https://open.spotify.com/track/2jyjhRf6DVbMPU5zxagN2h
196,Sexual,NEIKED,120639,https://open.spotify.com/track/3AsAuGTaDQzavZZThyYlop
197,"Leave Out All The Rest","Linkin Park",120548,https://open.spotify.com/track/1yFiaFeSLpw4nDYTeErRZ6
198,"Love Galore",SZA,120170,https://open.spotify.com/track/0q75NwOoFiARAVp4EXU4Bs
199,Caroline,Aminé,120115,https://open.spotify.com/track/5GFDrUTLGJix84sNhjCG0g
200,Stranger,"Peking Duk",119714,https://open.spotify.com/track/0jVPEBd4wyHupkTHwzQRyc
