Position,"Track Name",Artist,Streams,URL
1,"Glorious (feat. Skylar Grey)",Macklemore,1279998,https://open.spotify.com/track/3HVr6jTVwBHBa2flM0eURR
2,"Wild Thoughts","DJ Khaled",1211080,https://open.spotify.com/track/1OAh8uOEOvTDqkKFsKksCi
3,"Despacito - Remix","Luis Fonsi",1174710,https://open.spotify.com/track/5CtI0qwDJkDQGwXD1H1cLb
4,Feels,"Calvin Harris",1162067,https://open.spotify.com/track/5bcTCxgc7xVfSaMV3RuVke
5,Unforgettable,"French Montana",1145592,https://open.spotify.com/track/3B54sVLJ402zGa6Xm4YGNe
6,"Strip That Down","Liam Payne",1135217,https://open.spotify.com/track/6EpRaXYhGOB3fj4V2uDkMJ
7,Thunder,"Imagine Dragons",1075038,https://open.spotify.com/track/0tKcYR2II1VCQWT79i5NrW
8,Mama,"Jonas Blue",1013358,https://open.spotify.com/track/0NiXXAI876aGImAd6rTj8w
9,"2U (feat. Justin Bieber)","David Guetta",978502,https://open.spotify.com/track/3A7qX2QjDlPnazUsRk5y0M
10,"I'm the One","DJ Khaled",949970,https://open.spotify.com/track/3DXncPQOG4VBw3QHh3S817
11,Attention,"Charlie Puth",933640,https://open.spotify.com/track/4iLqG9SeJSnt0cSPICSjxv
12,"Pretty Girl - Cheat Codes X CADE Remix","Maggie Lindemann",910682,https://open.spotify.com/track/1NDxZ7cFAo481dtYWdrUnR
13,"Back to You (feat. Bebe Rexha & Digital Farm Animals)","Louis Tomlinson",889411,https://open.spotify.com/track/7F9vK8hNFMml4GtHsaXui6
14,"Sorry Not Sorry","Demi Lovato",861370,https://open.spotify.com/track/25C5CowdsfXld2jJanbiex
15,"New Rules","Dua Lipa",859542,https://open.spotify.com/track/2ekn2ttSfGqwhhate0LSR0
16,"Your Song","Rita Ora",854554,https://open.spotify.com/track/4c2W3VKsOFoIg2SFaO6DY5
17,"Slow Hands","Niall Horan",825841,https://open.spotify.com/track/167NczpNbRF7oWakJaY3Hh
18,HUMBLE.,"Kendrick Lamar",811864,https://open.spotify.com/track/7KXjTSCq5nL1LoYtL7XAwS
19,"There for You","Martin Garrix",800526,https://open.spotify.com/track/6jA8HL9i4QGzsj6fjoxp8Y
20,"There's Nothing Holdin' Me Back","Shawn Mendes",786663,https://open.spotify.com/track/79cuOz3SPQTuFrp8WgftAu
21,Praying,Kesha,777833,https://open.spotify.com/track/79NlESqzFSW0hdBWgls4FX
22,Congratulations,"Post Malone",773823,https://open.spotify.com/track/3a1lNhkSLSkpJE4MSHpDu9
23,"Most Girls","Hailee Steinfeld",739834,https://open.spotify.com/track/2mfUa8bLs2s5N4VaqJZ4lZ
24,Location,Khalid,727197,https://open.spotify.com/track/152lZdxL1OR0ZMW6KquMif
25,Redbone,"Childish Gambino",702434,https://open.spotify.com/track/3kxfsdsCpFgN412fpnW85Y
26,"Mi Gente","J Balvin",701001,https://open.spotify.com/track/2rb5MvYT7ZIxbKW5hfcHx8
27,"Body Like A Back Road","Sam Hunt",699688,https://open.spotify.com/track/7mldq42yDuxiUNn08nvzHO
28,"Know No Better (feat. Quavo)","Major Lazer",683208,https://open.spotify.com/track/3Ytr1SUCUi6J3L9dRFx5iH
29,"I Like Me Better",Lauv,678904,https://open.spotify.com/track/1wjzFQodRWrPcQ0AnYnvQ9
30,"Shape of You","Ed Sheeran",673263,https://open.spotify.com/track/7qiZfU4dY1lWllzX7mPBI3
31,"Bad Liar","Selena Gomez",669613,https://open.spotify.com/track/1sCxVKWImDZSZKvG0U9B23
32,"XO TOUR Llif3","Lil Uzi Vert",668902,https://open.spotify.com/track/2eMwDehkIC1j68U6FA3Eiq
33,"No Promises (feat. Demi Lovato)","Cheat Codes",650145,https://open.spotify.com/track/1louJpMmzEicAn7lzDalPW
34,"Symphony (feat. Zara Larsson)","Clean Bandit",630334,https://open.spotify.com/track/1x5sYLZiu9r5E43kMlt9f8
35,"Now Or Never",Halsey,616867,https://open.spotify.com/track/7i2DJ88J7jQ8K7zqFX2fW8
36,"More Than You Know","Axwell /\ Ingrosso",607466,https://open.spotify.com/track/3PEgB3fkiojxms35ntsTgs
37,"Swalla (feat. Nicki Minaj & Ty Dolla $ign)","Jason Derulo",607304,https://open.spotify.com/track/6kex4EBAj0WHXDKZMEJaaF
38,"Crying in the Club","Camila Cabello",605156,https://open.spotify.com/track/1SJtlNRJDeYHioymcvsqev
39,"Fake Magic","Peking Duk",600603,https://open.spotify.com/track/0lvXfUug5YmOHOyHgXufqF
40,"Stay (with Alessia Cara)",Zedd,576430,https://open.spotify.com/track/0dA2Mk56wEzDgegdC6R17g
41,"Fetish (feat. Gucci Mane)","Selena Gomez",544656,https://open.spotify.com/track/0XLOf9LhyazPX9Ld8jPiUq
42,Waves,"Dean Lewis",541986,https://open.spotify.com/track/64xJ1MMFxxK6osZxJH857T
43,Malibu,"Miley Cyrus",514137,https://open.spotify.com/track/2habSXqcJGExM6JJyskY7O
44,Signs,Drake,514037,https://open.spotify.com/track/5EnYT6F7wEcdege6mDHEfO
45,"Moments (feat. Gavin James)","Bliss n Eso",508838,https://open.spotify.com/track/6SlJooJullmwjBsrnRNROA
46,"Something Just Like This","The Chainsmokers",507389,https://open.spotify.com/track/6RUKPb4LETWmmr3iAEQktW
47,"Fallin' - Original Song from the TV Series ""The Secret Daughter""","Jessica Mauboy",490187,https://open.spotify.com/track/2GsteFRbq6UyW0WfUWgQtX
48,Slide,"Calvin Harris",485693,https://open.spotify.com/track/7tr2za8SQg2CI8EDgrdtNl
49,"Get Low (with Liam Payne)",Zedd,485044,https://open.spotify.com/track/1CKd1PnqfYx0H12V9MSaIY
50,Believer,"Imagine Dragons",478464,https://open.spotify.com/track/0CcQNd8CINkwQfe1RDtGV6
51,"It Ain't Me (with Selena Gomez)",Kygo,413615,https://open.spotify.com/track/3eR23VReFzcdmS7TYCrhCe
52,"Lay It On Me","Vance Joy",383257,https://open.spotify.com/track/7MUNNBJKYo3cdokp06wEOB
53,"Young Dumb & Broke",Khalid,383247,https://open.spotify.com/track/5Z3GHaZ6ec9bsiI5BenrbY
54,"LOYALTY. FEAT. RIHANNA.","Kendrick Lamar",349316,https://open.spotify.com/track/6SwRhMLwNqEi6alNPVG00n
55,Why,"Sabrina Carpenter",339104,https://open.spotify.com/track/2jYmK1cb3Uya6FFsocdpzO
56,"Butterfly Effect","Travis Scott",336325,https://open.spotify.com/track/1yxgsra98r3qAtxqiGZPiX
57,"Galway Girl","Ed Sheeran",334231,https://open.spotify.com/track/0afhq8XCExXpqazXczTSve
58,"Bank Account","21 Savage",326247,https://open.spotify.com/track/5eqK0tbzUPo2SoeZsov04s
59,"Super Far",LANY,324430,https://open.spotify.com/track/74ODGXs4byLTRdnKGM4s6E
60,"Mask Off",Future,313436,https://open.spotify.com/track/3rOSwuTsUlJp0Pu0MkN8r8
61,"Nights With You",MØ,309104,https://open.spotify.com/track/5q5gzmbBS5yQzos2BvVr1t
62,1-800-273-8255,Logic,305076,https://open.spotify.com/track/5tz69p7tJuGPeMGwNTxYuV
63,"That's What I Like","Bruno Mars",301304,https://open.spotify.com/track/0KKkJNfGyhkQ5aFogxQAPU
64,Passionfruit,Drake,293014,https://open.spotify.com/track/7hDc8b7IXETo14hHIHdnhd
65,"The Cure","Lady Gaga",290245,https://open.spotify.com/track/51PIvodunv6NmX5250zxAh
66,DNA.,"Kendrick Lamar",275170,https://open.spotify.com/track/6HZILIRieu8S0iqY8kIKhj
67,"Say You Won't Let Go","James Arthur",272528,https://open.spotify.com/track/5uCax9HTNlzGybIStD3vDh
68,goosebumps,"Travis Scott",268222,https://open.spotify.com/track/6gBFPUFcJLzWGx4lenP6h2
69,"Castle on the Hill","Ed Sheeran",259978,https://open.spotify.com/track/6PCUP3dWmTjcTtXY02oFdT
70,Perfect,"Ed Sheeran",249033,https://open.spotify.com/track/0tgVpDi06FyKpA1z0VMD4v
71,Issues,"Julia Michaels",240405,https://open.spotify.com/track/0xG0SHshCStMEyNbNC5d4k
72,Closer,"The Chainsmokers",240047,https://open.spotify.com/track/7BKLCZ1jbUBVqRi2FVlTVw
73,"Call On Me - Ryan Riback Extended Remix",Starley,239108,https://open.spotify.com/track/78rIJddV4X0HkNAInEcYde
74,Rollin,"Calvin Harris",238644,https://open.spotify.com/track/0lMbuWUpfTWhEmOKxppEau
75,"Never Be Like You",Flume,231904,https://open.spotify.com/track/12REd1n8PeiHHWOh066tpr
76,Starving,"Hailee Steinfeld",227128,https://open.spotify.com/track/1qOLh0tI7trd1zdDKxYZTe
77,"I Don’t Wanna Live Forever (Fifty Shades Darker) - From ""Fifty Shades Darker (Original Motion Picture Soundtrack)""",ZAYN,224436,https://open.spotify.com/track/3NdDpSvN911VPGivFlV5d0
78,"Love Galore",SZA,222721,https://open.spotify.com/track/0q75NwOoFiARAVp4EXU4Bs
79,"Would You Ever",Skrillex,218201,https://open.spotify.com/track/57p8CBvPOxrvyCbn6ttl5r
80,"iSpy (feat. Lil Yachty)",KYLE,215816,https://open.spotify.com/track/2EEeOnHehOozLq4aS0n6SL
81,Happier,"Ed Sheeran",215740,https://open.spotify.com/track/2RttW7RAu5nOAfq6YFvApB
82,Starboy,"The Weeknd",215527,https://open.spotify.com/track/5aAx2yezTd8zXrkmtKl66Z
83,"Green Light",Lorde,214342,https://open.spotify.com/track/0gbBzIqrECJOEPvQJIBFs5
84,"Feel It Still","Portugal. The Man",213001,https://open.spotify.com/track/6QgjcU0zLnzq5OrUoSZ3OK
85,"Bounce Back","Big Sean",211517,https://open.spotify.com/track/0SGkqnVQo9KPytSri1H6cF
86,"The Louvre",Lorde,210528,https://open.spotify.com/track/5r011NB07RHjABbuVGVIbd
87,"Rich Love (with Seeb)",OneRepublic,206384,https://open.spotify.com/track/7aF09WaavZAmAWuUeYxlYD
88,Down,"Fifth Harmony",205166,https://open.spotify.com/track/7LEydI5NfjY6mZfKwYIptZ
89,"Sign of the Times","Harry Styles",204852,https://open.spotify.com/track/5Ohxk2dO5COHF1krpoPigN
90,"Mr. Brightside","The Killers",202635,https://open.spotify.com/track/7oK9VyNzrYvRFo7nQEYkWN
91,"LOVE. FEAT. ZACARI.","Kendrick Lamar",193080,https://open.spotify.com/track/6PGoSes0D9eUDeeAafB2As
92,"Solo Dance","Martin Jensen",190672,https://open.spotify.com/track/6HUnnBwYZqcED1eQztxMBN
93,Adore,"Amy Shark",190123,https://open.spotify.com/track/1rPCgtaIF0CyKRgAwhtpbF
94,"One Dance",Drake,189350,https://open.spotify.com/track/1xznGGDReH1oQq0xzbwXa3
95,"CAN'T STOP THE FEELING! (Original Song from DreamWorks Animation's ""TROLLS"")","Justin Timberlake",188009,https://open.spotify.com/track/6JV2JOEocMgcZxYSZelKcc
96,"Despacito (Featuring Daddy Yankee)","Luis Fonsi",185840,https://open.spotify.com/track/4aWmUDTfIPGksMNLV2rQP2
97,"Scared to Be Lonely","Martin Garrix",185733,https://open.spotify.com/track/3ebXMykcMXOcLeJ9xZ17XH
98,"Still Got Time",ZAYN,184858,https://open.spotify.com/track/000xQL6tZNLJzIrtIgxqSl
99,"Don't Leave",Snakehips,184678,https://open.spotify.com/track/0Zx8khUcEfCFK2AEoIhC92
100,Boys,"Charli XCX",183614,https://open.spotify.com/track/5o4yGlG0PfeVUa6ClIyOxq
101,"First Time",Kygo,183226,https://open.spotify.com/track/2Gl0FzuLxflY6nPifJp5Dr
102,"Love$ick (feat. A$AP Rocky)","Mura Masa",181575,https://open.spotify.com/track/7Kq16WtEJzdRSNQgdXsn7Y
103,Magnolia,"Playboi Carti",181117,https://open.spotify.com/track/1e1JKLEDKP7hEQzJfNAgPl
104,Photograph,"Ed Sheeran",179010,https://open.spotify.com/track/6fxVffaTuwjgEk5h9QyRjy
105,"Cold Water (feat. Justin Bieber & MØ)","Major Lazer",178933,https://open.spotify.com/track/6DNtNfH8hXkqOX1sjqmI7p
106,Hotel,"Kita Alexander",178731,https://open.spotify.com/track/2BTw5ZxeBygVJpdMK1Ur3c
107,"Rockabye (feat. Sean Paul & Anne-Marie)","Clean Bandit",177466,https://open.spotify.com/track/5knuzwU65gJK7IF5yJsuaW
108,"Thinking Out Loud","Ed Sheeran",175769,https://open.spotify.com/track/1Slwb6dOYkBlWal1PGtnNg
109,Privacy,"Chris Brown",174131,https://open.spotify.com/track/2Vf2Pflg5rTWSvSCK4qq4A
110,"Sun Comes Up",Rudimental,173613,https://open.spotify.com/track/6SUocL0caib4mLHe8ZrZzi
111,"Ignition - Remix","R. Kelly",173051,https://open.spotify.com/track/5dNfHmqgr128gMY2tc5CeJ
112,Stronger,"Kanye West",172861,https://open.spotify.com/track/6C7RJEIUDqKkJRZVWdkfkH
113,"Lose Yourself - Soundtrack Version",Eminem,172826,https://open.spotify.com/track/5Z01UMMf7V1o0MzF86s6WJ
114,"I Feel It Coming","The Weeknd",171907,https://open.spotify.com/track/5GXAXm5YOmYT0kL5jHvYBt
115,Chameleon,Pnau,171589,https://open.spotify.com/track/4rex1k9pBVFaIVKBBssZzi
116,"Came Here for Love",Sigala,170833,https://open.spotify.com/track/3kGfazcbVvVkuZunzlLgTD
117,OMG,"Camila Cabello",170680,https://open.spotify.com/track/4xBjsLUSjcx2h7PcRikpQp
118,"Fresh Eyes","Andy Grammer",170146,https://open.spotify.com/track/4nMlau89VAjmV7agkl7OY3
119,"Lush Life","Zara Larsson",169680,https://open.spotify.com/track/1rIKgCH4H52lrvDcz50hS8
120,1955,"Hilltop Hoods",169625,https://open.spotify.com/track/6oSmp7qnvAxUXeUKhl67a6
121,"Two High","Moon Taxi",168863,https://open.spotify.com/track/3sJHkcxojoJD2Ytbo1yLLF
122,"Swish Swish","Katy Perry",166449,https://open.spotify.com/track/2kVHAQKVtczchKctctzbtK
123,Selfish,Future,165084,https://open.spotify.com/track/2Ce5IyMlVRVvN997ZJjJJA
124,Saved,Khalid,163905,https://open.spotify.com/track/248OFOZef6ShXv6DGgbnxU
125,Paris,"The Chainsmokers",163051,https://open.spotify.com/track/72jbDTw1piOOj770jWNeaG
126,"Sunset Lover","Petit Biscuit",162482,https://open.spotify.com/track/0hNduWmlWmEmuwEFcYvRu1
127,Dive,"Ed Sheeran",161987,https://open.spotify.com/track/51ChrwmUPDJvedPQnIU8Ls
128,Riptide,"Vance Joy",161600,https://open.spotify.com/track/7yq4Qj7cqayVTp3FF9CWbm
129,"You Don't Know Me - Radio Edit","Jax Jones",161386,https://open.spotify.com/track/00lNx0OcTJrS3MKHcB80HY
130,"It's A Vibe","2 Chainz",160896,https://open.spotify.com/track/6H0AwSQ20mo62jGlPGB8S6
131,"All Night","The Vamps",160434,https://open.spotify.com/track/4b4KcovePX8Ke2cLIQTLM0
132,"Bad and Boujee (feat. Lil Uzi Vert)",Migos,160414,https://open.spotify.com/track/4Km5HrUvYTaSUfiSGPJeQR
133,"White Iverson","Post Malone",158098,https://open.spotify.com/track/6eT7xZZlB2mwyzJ2sUKG6w
134,"Let It Go","James Bay",157588,https://open.spotify.com/track/13HVjjWUZFaWilh2QUJKsP
135,"Who Dat Boy","Tyler, The Creator",154479,https://open.spotify.com/track/21yRtB6B8EMounImAfHRCP
136,Capsize,FRENSHIP,153725,https://open.spotify.com/track/2XMTqoHHSH0lvuXrvIEdco
137,"Reminder - Remix","The Weeknd",153591,https://open.spotify.com/track/7F1LWA9sIlTorHUo4amGqk
138,"All My Love (feat. Conor Maynard)","Cash Cash",153532,https://open.spotify.com/track/1839RWzPRZCVgvamu4sHSN
139,"Can't Hold Us - feat. Ray Dalton","Macklemore & Ryan Lewis",153064,https://open.spotify.com/track/3bidbhpOYeV4knp8AIu8Xn
140,Portland,Drake,151513,https://open.spotify.com/track/2bjwRfXMk4uRgOD9IBYl9h
141,"Fake Love",Drake,151072,https://open.spotify.com/track/343YBumqHu19cGoGARUTsd
142,"Look At Me!",XXXTENTACION,150663,https://open.spotify.com/track/4ARPvK8DHLwt4oX65ZAFMw
143,"Way Down We Go",Kaleo,150055,https://open.spotify.com/track/0y1QJc3SJVPKJ1OvFmFqe6
144,"Love Yourself","Justin Bieber",148902,https://open.spotify.com/track/3hB5DgAiMAQ4DzYbsMq1IT
145,Georgia,"Vance Joy",148751,https://open.spotify.com/track/6Fha6tXHkL3r9m9nNqQG8p
146,Cocoon,"Milky Chance",148002,https://open.spotify.com/track/0L87MffumRNWrY2SNUFcvs
147,"Instruction (feat. Demi Lovato & Stefflon Don)","Jax Jones",147674,https://open.spotify.com/track/0XfOi87h82i09rQjWYG0Bm
148,"All Night (feat. Knox Fortune)","Chance The Rapper",147142,https://open.spotify.com/track/60xaS8mYBKUW4VQQ666N0T
149,"The Night We Met","Lord Huron",146927,https://open.spotify.com/track/6mORGLOz79w6VsCRLWYYuK
150,"Work from Home","Fifth Harmony",146845,https://open.spotify.com/track/4tCtwWceOPWzenK2HAIJSb
151,"Treat You Better","Shawn Mendes",145597,https://open.spotify.com/track/4Hf7WnR761jpxPr5D46Bcd
152,Mercy,"Shawn Mendes",145537,https://open.spotify.com/track/4TZy1wLyHec06pwgFYDh1a
153,"Scars To Your Beautiful","Alessia Cara",144985,https://open.spotify.com/track/0prNGof3XqfTvNDxHonvdK
154,"Let Me Love You","DJ Snake",144651,https://open.spotify.com/track/4pdPtRcBmOSQDlJ3Fk945m
155,"Perfect Places",Lorde,144555,https://open.spotify.com/track/1wC93sZRGcTgKLN2UWRSwW
156,"All Time Low","Jon Bellion",144310,https://open.spotify.com/track/1CnPYaKxTVb4LWOtiGOm0m
157,"Gold Digger","Kanye West",143753,https://open.spotify.com/track/5XJJdNPkwmbUwE79gv0NxK
158,"Don't Let Me Down","The Chainsmokers",143741,https://open.spotify.com/track/0QsvXIfqM0zZoerQfsI9lm
159,"In The End","Linkin Park",143072,https://open.spotify.com/track/60a0Rd6pjrkxjPbaKzXjfq
160,"Wonderwall - Remastered",Oasis,142378,https://open.spotify.com/track/5qqabIl2vWzo9ApSC317sa
161,Caroline,Aminé,141326,https://open.spotify.com/track/5hTpBe8h35rJ67eAWHQsJx
162,"do re mi (feat. Gucci Mane)",blackbear,137358,https://open.spotify.com/track/53mrVsi49rLHIaKBiSvElG
163,"Slippery (feat. Gucci Mane)",Migos,136856,https://open.spotify.com/track/6p8NuHm8uCGnn2Dtbtf7zE
164,"It's Gotta Be You",Isaiah,136722,https://open.spotify.com/track/6cAKeFFYW2aClZSUyvqAEW
165,"Let Her Go",Passenger,136255,https://open.spotify.com/track/2jyjhRf6DVbMPU5zxagN2h
166,ELEMENT.,"Kendrick Lamar",135979,https://open.spotify.com/track/1EaKU4dMbesXXd3BrLCtYG
167,"No Role Modelz","J. Cole",135835,https://open.spotify.com/track/62vpWI1CHwFy7tMIcSStl8
168,"Side To Side","Ariana Grande",135788,https://open.spotify.com/track/4pLwZjInHj3SimIyN9SnOz
169,Crazy,"Gnarls Barkley",135740,https://open.spotify.com/track/1vxw6aYJls2oq3gW0DujAo
170,"We Don't Talk Anymore (feat. Selena Gomez)","Charlie Puth",133636,https://open.spotify.com/track/68EMU2RD1ECNeOeJ5qAXCV
171,"Cheap Thrills",Sia,132861,https://open.spotify.com/track/27SdWb2rFzO6GWiYDBTD9j
172,"Maybe It's My First Time","Meg Mac",132311,https://open.spotify.com/track/1ywMOfO0f9atfKRVtA9TiE
173,"do re mi",blackbear,131899,https://open.spotify.com/track/3Q3myFA7q4Op95DOpHplaY
174,"Go Flex","Post Malone",130364,https://open.spotify.com/track/5yuShbu70mtHXY0yLzCQLQ
175,Sorry,"Justin Bieber",130222,https://open.spotify.com/track/69bp2EbF7Q2rqc5N3ylezZ
176,Jungle,"Tash Sultana",130205,https://open.spotify.com/track/7ol59kVwq3DQyyjKZ2DRzy
177,Snow,"Angus & Julia Stone",129655,https://open.spotify.com/track/62Rr9VBVpvrrbkNQLsPzb8
178,"Hey Ya! - Radio Mix / Club Mix",OutKast,129079,https://open.spotify.com/track/2PpruBYCo4H7WOBJ7Q2EwM
179,"'Till I Collapse",Eminem,128343,https://open.spotify.com/track/6yr8GiTHWvFfi4o6Q5ebdT
180,"Shed a Light","Robin Schulz",128035,https://open.spotify.com/track/1cG0umU5TKStygKsPFZ9pY
181,"Supermarket Flowers","Ed Sheeran",127820,https://open.spotify.com/track/4VuS959DSpr82t3qBqCrWG
182,"Lean On (feat. MØ & DJ Snake)","Major Lazer",127672,https://open.spotify.com/track/4WjH9Bzt3kx7z8kl0awxh4
183,"How Far I'll Go - From ""Moana""","Alessia Cara",127287,https://open.spotify.com/track/5hYTyyh2odQKphUbMqc5gN
184,"Marmalade (feat. Lil Yachty)",Macklemore,126924,https://open.spotify.com/track/0RYXEibxMami3QuT8kn4Iz
185,"The Ocean","Mike Perry",126834,https://open.spotify.com/track/2CPqh63wRVscbceKcPxwvv
186,"V. 3005","Childish Gambino",126292,https://open.spotify.com/track/7wwifjNAb172PtDpKK3CoR
187,"This Is What You Came For","Calvin Harris",126114,https://open.spotify.com/track/0azC730Exh71aQlOt9Zj3y
188,Numb,"Linkin Park",125410,https://open.spotify.com/track/2nLtzopw4rPReszdYBJU6h
189,"The Future (feat. Antony & Cleopatra)",Motez,124675,https://open.spotify.com/track/5NQBZ9RAdV5Q6N7ORTI3RX
190,"No Scrubs",TLC,124215,https://open.spotify.com/track/1KGi9sZVMeszgZOWivFpxs
191,Notion,"Tash Sultana",123884,https://open.spotify.com/track/6NosuXu0gXczpqyYiYzfFd
192,"24K Magic","Bruno Mars",123742,https://open.spotify.com/track/6b8Be6ljOzmkOmFslEb23P
193,Fading,"Vallis Alps",123648,https://open.spotify.com/track/2fKEunM0KZVpVLwlvmVlDZ
194,"i hate u, i love u (feat. olivia o'brien)",gnash,123135,https://open.spotify.com/track/7vRriwrloYVaoAe3a9wJHe
195,"Water Under the Bridge",Adele,123023,https://open.spotify.com/track/4vb4mFvYsr2h6enhjJsq9Y
196,"Final Song",MØ,121853,https://open.spotify.com/track/4qqArAiTPueDxIp7cf87h7
197,"Perplexing Pegasus","Rae Sremmurd",121520,https://open.spotify.com/track/2nYwV62UABTH0NanrwVIdQ
198,Sexual,NEIKED,121449,https://open.spotify.com/track/3AsAuGTaDQzavZZThyYlop
199,Touch,"Little Mix",121391,https://open.spotify.com/track/5Ua3GXyHwiSfpNTMjq6m2z
200,"September Song","JP Cooper",120983,https://open.spotify.com/track/0FuTx2s3YH1ppmtiM6l0zI
