Position,"Track Name",Artist,Streams,URL
1,"Here With You","Lost Frequencies",212018,https://open.spotify.com/track/5KfECtKYcTC7WXpu5z6SY8
2,"Mi Gente","J Balvin",211780,https://open.spotify.com/track/2rb5MvYT7ZIxbKW5hfcHx8
3,Mama,"Jonas Blue",181364,https://open.spotify.com/track/0NiXXAI876aGImAd6rTj8w
4,"More Than You Know","Axwell /\ Ingrosso",179823,https://open.spotify.com/track/3PEgB3fkiojxms35ntsTgs
5,"Where Did You Go (Summer Love)",Regi,178129,https://open.spotify.com/track/0qF6fYxFtR6QocCLiv7W5S
6,"New Rules","Dua Lipa",174328,https://open.spotify.com/track/2ekn2ttSfGqwhhate0LSR0
7,Krantenwijk,"Lil' Kleine",172954,https://open.spotify.com/track/1X8py2jInjgIQ9Y9roDQZC
8,"Friends (with BloodPop®)","Justin Bieber",165836,https://open.spotify.com/track/7nZmah2llfvLDiUjm0kiyz
9,"2U (feat. Justin Bieber)","David Guetta",162714,https://open.spotify.com/track/3A7qX2QjDlPnazUsRk5y0M
10,Feels,"Calvin Harris",157457,https://open.spotify.com/track/5bcTCxgc7xVfSaMV3RuVke
11,"Wild Thoughts","DJ Khaled",153378,https://open.spotify.com/track/1OAh8uOEOvTDqkKFsKksCi
12,Unforgettable,"French Montana",150812,https://open.spotify.com/track/3B54sVLJ402zGa6Xm4YGNe
13,Thunder,"Imagine Dragons",144469,https://open.spotify.com/track/0tKcYR2II1VCQWT79i5NrW
14,"Despacito - Remix","Luis Fonsi",143778,https://open.spotify.com/track/5CtI0qwDJkDQGwXD1H1cLb
15,"Shape of You","Ed Sheeran",143055,https://open.spotify.com/track/7qiZfU4dY1lWllzX7mPBI3
16,"There for You","Martin Garrix",131976,https://open.spotify.com/track/6jA8HL9i4QGzsj6fjoxp8Y
17,"Your Song","Rita Ora",127844,https://open.spotify.com/track/4c2W3VKsOFoIg2SFaO6DY5
18,"Glorious (feat. Skylar Grey)",Macklemore,125023,https://open.spotify.com/track/3HVr6jTVwBHBa2flM0eURR
19,Attention,"Charlie Puth",123701,https://open.spotify.com/track/4iLqG9SeJSnt0cSPICSjxv
20,"There's Nothing Holdin' Me Back","Shawn Mendes",123227,https://open.spotify.com/track/79cuOz3SPQTuFrp8WgftAu
21,"Back to You (feat. Bebe Rexha & Digital Farm Animals)","Louis Tomlinson",121023,https://open.spotify.com/track/7F9vK8hNFMml4GtHsaXui6
22,"I'm the One","DJ Khaled",120349,https://open.spotify.com/track/3DXncPQOG4VBw3QHh3S817
23,"Without You (feat. Sandro Cavazza)",Avicii,112756,https://open.spotify.com/track/6WbADFqMvR8N5u0BvtsWQE
24,"Sorry Not Sorry","Demi Lovato",112333,https://open.spotify.com/track/25C5CowdsfXld2jJanbiex
25,"Strip That Down","Liam Payne",112296,https://open.spotify.com/track/6EpRaXYhGOB3fj4V2uDkMJ
26,"Complicated (feat. Kiiara)","Dimitri Vegas & Like Mike",111893,https://open.spotify.com/track/1Sl3njkhhz8nrSPZroDQ82
27,Réseaux,Niska,107432,https://open.spotify.com/track/2Pu2Kcm1cwFg4dDSdmFip4
28,"I Like Me Better",Lauv,107294,https://open.spotify.com/track/1wjzFQodRWrPcQ0AnYnvQ9
29,OK,"Robin Schulz",104131,https://open.spotify.com/track/3bWAqKDWg6u1davspr5IkS
30,Havana,"Camila Cabello",100811,https://open.spotify.com/track/0ofbQMrRDsUaVKq2mGLEAb
31,"Something Just Like This","The Chainsmokers",99154,https://open.spotify.com/track/6RUKPb4LETWmmr3iAEQktW
32,"Symphony (feat. Zara Larsson)","Clean Bandit",97156,https://open.spotify.com/track/1x5sYLZiu9r5E43kMlt9f8
33,Alleen,"Lil' Kleine",96015,https://open.spotify.com/track/1VDFn1PCpp8EOXLMURS8kP
34,"Swalla (feat. Nicki Minaj & Ty Dolla $ign)","Jason Derulo",93193,https://open.spotify.com/track/6kex4EBAj0WHXDKZMEJaaF
35,Silence,Marshmello,92805,https://open.spotify.com/track/7vGuf3Y35N4wmASOKLUVVU
36,"Despacito (Featuring Daddy Yankee)","Luis Fonsi",92450,https://open.spotify.com/track/4aWmUDTfIPGksMNLV2rQP2
37,"XO TOUR Llif3","Lil Uzi Vert",90259,https://open.spotify.com/track/2eMwDehkIC1j68U6FA3Eiq
38,"Summer Air",ItaloBrothers,87901,https://open.spotify.com/track/3GPI7hYiqD6enLRobhkBm8
39,Loterij,"Lil' Kleine",85848,https://open.spotify.com/track/260azNxQzQIloG7OpjQtTC
40,"Galway Girl","Ed Sheeran",83743,https://open.spotify.com/track/0afhq8XCExXpqazXczTSve
41,"Know No Better (feat. Quavo)","Major Lazer",83403,https://open.spotify.com/track/3Ytr1SUCUi6J3L9dRFx5iH
42,"Slow Hands","Niall Horan",82917,https://open.spotify.com/track/167NczpNbRF7oWakJaY3Hh
43,"No Promises (feat. Demi Lovato)","Cheat Codes",82623,https://open.spotify.com/track/1louJpMmzEicAn7lzDalPW
44,Believer,"Imagine Dragons",79787,https://open.spotify.com/track/0CcQNd8CINkwQfe1RDtGV6
45,"Fetish (feat. Gucci Mane)","Selena Gomez",79375,https://open.spotify.com/track/0XLOf9LhyazPX9Ld8jPiUq
46,Habiba,Boef,76944,https://open.spotify.com/track/6G41AeVgQkpvEbTxN5fNkW
47,HUMBLE.,"Kendrick Lamar",75962,https://open.spotify.com/track/7KXjTSCq5nL1LoYtL7XAwS
48,"You Don't Know Me - Radio Edit","Jax Jones",74860,https://open.spotify.com/track/00lNx0OcTJrS3MKHcB80HY
49,"Pretty Girl - Cheat Codes X CADE Remix","Maggie Lindemann",74644,https://open.spotify.com/track/1NDxZ7cFAo481dtYWdrUnR
50,"Θ. Macarena",Damso,71945,https://open.spotify.com/track/2UZW9WOPXdxw9YMG1bebS8
51,"Lonely Together (feat. Rita Ora)",Avicii,61237,https://open.spotify.com/track/2OALaHcDdKkjYEpAr0Qzab
52,"Sinds Nen Dag Of 2 (38 Jaar)","Van Echelpoel",58954,https://open.spotify.com/track/1l0snphuGKSJPTczjmcjKH
53,"Would You Ever",Skrillex,58547,https://open.spotify.com/track/57p8CBvPOxrvyCbn6ttl5r
54,"Bank Account","21 Savage",53386,https://open.spotify.com/track/5eqK0tbzUPo2SoeZsov04s
55,"Young Dumb & Broke",Khalid,52668,https://open.spotify.com/track/5Z3GHaZ6ec9bsiI5BenrbY
56,"Rich Love (with Seeb)",OneRepublic,52471,https://open.spotify.com/track/7aF09WaavZAmAWuUeYxlYD
57,Breathing,"Oscar and the Wolf",50540,https://open.spotify.com/track/3ZxYruWUtA4WNlWvO2gDPW
58,Issues,"Julia Michaels",50182,https://open.spotify.com/track/0xG0SHshCStMEyNbNC5d4k
59,"SUBEME LA RADIO","Enrique Iglesias",49450,https://open.spotify.com/track/7nKBxz47S9SD79N086fuhn
60,"What About Us",P!nk,47669,https://open.spotify.com/track/31MkGwj0SWgZaTvEt5Hgxv
61,"Lonely Place","Sara Gold",47280,https://open.spotify.com/track/73y1LV0U4ybMNDyO8S4fwW
62,Weak,AJR,46904,https://open.spotify.com/track/3E2Zh20GDCR9B1EYjfXWyv
63,"Came Here for Love",Sigala,46901,https://open.spotify.com/track/3kGfazcbVvVkuZunzlLgTD
64,"Mask Off",Future,46764,https://open.spotify.com/track/3rOSwuTsUlJp0Pu0MkN8r8
65,"It Ain't Me (with Selena Gomez)",Kygo,45836,https://open.spotify.com/track/3eR23VReFzcdmS7TYCrhCe
66,Praying,Kesha,45615,https://open.spotify.com/track/0jdny0dhgjUwoIp5GkqEaA
67,"Solo Dance","Martin Jensen",44848,https://open.spotify.com/track/6HUnnBwYZqcED1eQztxMBN
68,"Butterfly Effect","Travis Scott",44796,https://open.spotify.com/track/1yxgsra98r3qAtxqiGZPiX
69,Slide,"Calvin Harris",44351,https://open.spotify.com/track/7tr2za8SQg2CI8EDgrdtNl
70,"Sign of the Times","Harry Styles",44020,https://open.spotify.com/track/5Ohxk2dO5COHF1krpoPigN
71,"Two High","Moon Taxi",42887,https://open.spotify.com/track/3sJHkcxojoJD2Ytbo1yLLF
72,"Stay (with Alessia Cara)",Zedd,42575,https://open.spotify.com/track/0dA2Mk56wEzDgegdC6R17g
73,"Feel It Still","Portugal. The Man",41265,https://open.spotify.com/track/6QgjcU0zLnzq5OrUoSZ3OK
74,"Instruction (feat. Demi Lovato & Stefflon Don)","Jax Jones",41006,https://open.spotify.com/track/0XfOi87h82i09rQjWYG0Bm
75,"Call On Me - Ryan Riback Extended Remix",Starley,40697,https://open.spotify.com/track/78rIJddV4X0HkNAInEcYde
76,"First Time",Kygo,38825,https://open.spotify.com/track/2Gl0FzuLxflY6nPifJp5Dr
77,Down,"Fifth Harmony",38573,https://open.spotify.com/track/7LEydI5NfjY6mZfKwYIptZ
78,"La Colegiala","The Boy Next Door",37612,https://open.spotify.com/track/5yQHRt2jsjQdj0WNASwvKK
79,Congratulations,"Post Malone",37327,https://open.spotify.com/track/3a1lNhkSLSkpJE4MSHpDu9
80,"Get Low (with Liam Payne)",Zedd,36902,https://open.spotify.com/track/1CKd1PnqfYx0H12V9MSaIY
81,"Scared to Be Lonely","Martin Garrix",36695,https://open.spotify.com/track/3ebXMykcMXOcLeJ9xZ17XH
82,"That's What I Like","Bruno Mars",36510,https://open.spotify.com/track/0KKkJNfGyhkQ5aFogxQAPU
83,"Rockabye (feat. Sean Paul & Anne-Marie)","Clean Bandit",36356,https://open.spotify.com/track/5knuzwU65gJK7IF5yJsuaW
84,"Slapend Rijk",Boef,35969,https://open.spotify.com/track/3PiDnD8RhPrlmzMpAgF9xK
85,"All My Love (feat. Conor Maynard)","Cash Cash",35959,https://open.spotify.com/track/1839RWzPRZCVgvamu4sHSN
86,"Crying in the Club","Camila Cabello",34981,https://open.spotify.com/track/1SJtlNRJDeYHioymcvsqev
87,"On My Mind",Disciples,34895,https://open.spotify.com/track/5Xc74Dn1ZKH6H8XaVGOHXG
88,"Reggaetón Lento (Remix) [CNCO & Little Mix]",CNCO,34559,https://open.spotify.com/track/3zoYkqS4y2BsGVShPL2nTE
89,"De Manier","Kraantje Pappie",34209,https://open.spotify.com/track/68qTD5PAoqFgrkw5W2DHL5
90,"I Like Me Better - Ryan Riback Remix",Lauv,34033,https://open.spotify.com/track/1eKJI88ws6C5CrYimq9aQ6
91,"Zo Bijzonder - Live","Gers Pardoel",34000,https://open.spotify.com/track/5worwsPaNQw2TdVYkE3iXm
92,"Sunset Lover","Petit Biscuit",33690,https://open.spotify.com/track/0hNduWmlWmEmuwEFcYvRu1
93,"Most Girls","Hailee Steinfeld",32265,https://open.spotify.com/track/2mfUa8bLs2s5N4VaqJZ4lZ
94,"Burden Down",Micar,31769,https://open.spotify.com/track/1R8eM53yWnjsfiWktgObe7
95,OMG,"Camila Cabello",31758,https://open.spotify.com/track/4xBjsLUSjcx2h7PcRikpQp
96,"I Don’t Wanna Live Forever (Fifty Shades Darker) - From ""Fifty Shades Darker (Original Motion Picture Soundtrack)""",ZAYN,31739,https://open.spotify.com/track/3NdDpSvN911VPGivFlV5d0
97,"Bodak Yellow","Cardi B",31609,https://open.spotify.com/track/2771LMNxwf62FTAdpJMQfM
98,"4x Duurder",SBMG,31071,https://open.spotify.com/track/2GmVap1TUXocIewXZRaRo7
99,"Marmalade (feat. Lil Yachty)",Macklemore,31011,https://open.spotify.com/track/0RYXEibxMami3QuT8kn4Iz
100,"Ciao Adios",Anne-Marie,30733,https://open.spotify.com/track/3EfugazgSddQvzZpkof5I4
101,Malibu,"Miley Cyrus",30639,https://open.spotify.com/track/2habSXqcJGExM6JJyskY7O
102,"Ε. Signaler",Damso,30493,https://open.spotify.com/track/03aduXwm6cTqO9bb4XFQ2b
103,Hunter,Galantis,30448,https://open.spotify.com/track/3caMfJGFp53NAH2TuigdNj
104,"All Stars","Martin Solveig",30377,https://open.spotify.com/track/3aLSrx8qhssXrh5yjB6oy9
105,"No Vacancy",OneRepublic,30283,https://open.spotify.com/track/6XOYVSmNDjKUNMXooU4s4z
106,"The Night We Met","Lord Huron",30181,https://open.spotify.com/track/6mORGLOz79w6VsCRLWYYuK
107,"Ready For Action - Radio Mix","Dimitri Vegas & Like Mike",30080,https://open.spotify.com/track/1oWQ8tQnoJTXQsn1Il2uMX
108,"Castle on the Hill","Ed Sheeran",30071,https://open.spotify.com/track/6PCUP3dWmTjcTtXY02oFdT
109,"Sun Comes Up",Rudimental,29990,https://open.spotify.com/track/6SUocL0caib4mLHe8ZrZzi
110,"Kind Van De Duivel",Jebroer,29927,https://open.spotify.com/track/4tM13V5qVHM6nKTx7aMWVj
111,Engeltje,Jebroer,29851,https://open.spotify.com/track/5ZgA4F6aJ3nxKKYZq6KWco
112,"Say You Won't Let Go","James Arthur",29662,https://open.spotify.com/track/5uCax9HTNlzGybIStD3vDh
113,"do re mi (feat. Gucci Mane)",blackbear,29156,https://open.spotify.com/track/53mrVsi49rLHIaKBiSvElG
114,Questions,"Chris Brown",29148,https://open.spotify.com/track/5XQMr19TL7Mfksq9zihbOu
115,Pompen,"Kraantje Pappie",28895,https://open.spotify.com/track/3B23etXBXxq1aCmFB8dby9
116,"Me Rehúso","Danny Ocean",28869,https://open.spotify.com/track/6De0lHrwBfPfrhorm9q1Xl
117,"Kleine Jongen","Lil' Kleine",28847,https://open.spotify.com/track/0Ub2WcpO3sjeDPZhc1iRoa
118,1-800-273-8255,Logic,28543,https://open.spotify.com/track/5tz69p7tJuGPeMGwNTxYuV
119,Closer,"The Chainsmokers",27999,https://open.spotify.com/track/7BKLCZ1jbUBVqRi2FVlTVw
120,"September Song","JP Cooper",27982,https://open.spotify.com/track/0FuTx2s3YH1ppmtiM6l0zI
121,Paris,"The Chainsmokers",27979,https://open.spotify.com/track/72jbDTw1piOOj770jWNeaG
122,"Shed a Light","Robin Schulz",27924,https://open.spotify.com/track/1cG0umU5TKStygKsPFZ9pY
123,Why,"Sabrina Carpenter",27861,https://open.spotify.com/track/2jYmK1cb3Uya6FFsocdpzO
124,"Come Again","Ronnie Flex",27801,https://open.spotify.com/track/0bWzmIbEKh0xFRb1pTSQAw
125,"Me Enamoré",Shakira,27766,https://open.spotify.com/track/4qknM1pQz53QOyfDVTjcM9
126,"CAN'T STOP THE FEELING! (Original Song from DreamWorks Animation's ""TROLLS"")","Justin Timberlake",27515,https://open.spotify.com/track/6JV2JOEocMgcZxYSZelKcc
127,"Love Galore",SZA,27450,https://open.spotify.com/track/0q75NwOoFiARAVp4EXU4Bs
128,"Γ. Mosaïque solitaire",Damso,27381,https://open.spotify.com/track/1E3zyoTHtJzsu5CjwIFIhY
129,Cartier,Dopebwoy,27322,https://open.spotify.com/track/6zcSWREy1vcJ4aWt7bzBW3
130,"N. J Respect R",Damso,27317,https://open.spotify.com/track/75UFzgBCaVwJJ4IVIaatpe
131,Places,"Martin Solveig",27304,https://open.spotify.com/track/6O85MfGECKBqAK2MgSbCaj
132,"Turn Your Love Around - Radio Edit",Sylver,26847,https://open.spotify.com/track/5oF1TuOLbzhAvYZnIycfa5
133,"One Dance",Drake,26664,https://open.spotify.com/track/1xznGGDReH1oQq0xzbwXa3
134,"Felices los 4",Maluma,26583,https://open.spotify.com/track/0qYTZCo5Bwh1nsUFGZP3zn
135,Hot2Touch,"Felix Jaehn",26520,https://open.spotify.com/track/1sBhJGPUKrdRycgKxve70v
136,Photograph,"Ed Sheeran",26094,https://open.spotify.com/track/6fxVffaTuwjgEk5h9QyRjy
137,Passionfruit,Drake,26017,https://open.spotify.com/track/7hDc8b7IXETo14hHIHdnhd
138,"In The End","Linkin Park",25882,https://open.spotify.com/track/60a0Rd6pjrkxjPbaKzXjfq
139,"Everything Now","Arcade Fire",25830,https://open.spotify.com/track/7KsZHCfOitA5V9oQYVdltG
140,"Don't Let Me Down","The Chainsmokers",25546,https://open.spotify.com/track/0QsvXIfqM0zZoerQfsI9lm
141,Redbone,"Childish Gambino",25495,https://open.spotify.com/track/3kxfsdsCpFgN412fpnW85Y
142,"Chocolat (feat. Awa)",Lartiste,25273,https://open.spotify.com/track/4fwtP5khM1iEoa6BP1QQsX
143,Signs,Drake,25246,https://open.spotify.com/track/5EnYT6F7wEcdege6mDHEfO
144,Wait,"Martin Jensen",25209,https://open.spotify.com/track/5XiZK7m9PLppgIzJBpw2x5
145,"Thinking Out Loud","Ed Sheeran",25208,https://open.spotify.com/track/1Slwb6dOYkBlWal1PGtnNg
146,"Net Iets Meer","Lil' Kleine",24857,https://open.spotify.com/track/2SdXCB4OPo6J6Yc7V249pS
147,"Liegen Voor Jou","Lil' Kleine",24793,https://open.spotify.com/track/1Tdjuqth02Y1CNeVMb6UwZ
148,"I Feel It Coming","The Weeknd",24477,https://open.spotify.com/track/5GXAXm5YOmYT0kL5jHvYBt
149,Tucan,"Double Pleasure",24397,https://open.spotify.com/track/4SJV1vSExjyi70x0UV0ZBX
150,Human,"Rag'n'Bone Man",24366,https://open.spotify.com/track/58zsLZPvfflaiIbNWoA22O
151,"City Lights",Blanche,24327,https://open.spotify.com/track/3kXqUXnukwkpsxhW8emNC0
152,"Bad Liar","Selena Gomez",24094,https://open.spotify.com/track/1sCxVKWImDZSZKvG0U9B23
153,"In the Name of Love","Martin Garrix",23945,https://open.spotify.com/track/04DwTuZ2VBdJCCC5TROn7L
154,Location,Khalid,23869,https://open.spotify.com/track/152lZdxL1OR0ZMW6KquMif
155,"Super Far",LANY,23615,https://open.spotify.com/track/74ODGXs4byLTRdnKGM4s6E
156,"Treat You Better","Shawn Mendes",23484,https://open.spotify.com/track/4Hf7WnR761jpxPr5D46Bcd
157,Higher,"Laura Tesoro",23322,https://open.spotify.com/track/3mRNVlRKAgymByDGPqV7Sw
158,Starboy,"The Weeknd",23279,https://open.spotify.com/track/5aAx2yezTd8zXrkmtKl66Z
159,DNA.,"Kendrick Lamar",23208,https://open.spotify.com/track/6HZILIRieu8S0iqY8kIKhj
160,TG4M,"Zara Larsson",23181,https://open.spotify.com/track/4uoumbAMEMaKdtiv763jKz
161,"Α. Nwaar Is The New Black",Damso,23095,https://open.spotify.com/track/57U26FwUclMqyZ5ylnPpw1
162,"Can't Hold Us - feat. Ray Dalton","Macklemore & Ryan Lewis",22980,https://open.spotify.com/track/3bidbhpOYeV4knp8AIu8Xn
163,goosebumps,"Travis Scott",22900,https://open.spotify.com/track/6gBFPUFcJLzWGx4lenP6h2
164,Tired,"Alan Walker",22833,https://open.spotify.com/track/3b5Li4QKDVBx1x7fQuu54a
165,Mobali,Siboy,22808,https://open.spotify.com/track/6xcXAVbDuVT1pCsa2rmDHY
166,Volume,"Lil' Kleine",22745,https://open.spotify.com/track/36hJijGKl67dsUof8JiwbC
167,"Tempo (feat. Sevn Alias, Bko & Boef)",Jairzinho,22607,https://open.spotify.com/track/2YeKWxs3kfBFt7UduCEXub
168,Tuesday,"Burak Yeter",22521,https://open.spotify.com/track/7abpmGpF7PGep2rDU68GBR
169,"Love Yourself","Justin Bieber",22456,https://open.spotify.com/track/3hB5DgAiMAQ4DzYbsMq1IT
170,Perfect,"Ed Sheeran",22121,https://open.spotify.com/track/0tgVpDi06FyKpA1z0VMD4v
171,"Let Me Love You","DJ Snake",22087,https://open.spotify.com/track/4pdPtRcBmOSQDlJ3Fk945m
172,"Lose Yourself - Soundtrack Version",Eminem,21958,https://open.spotify.com/track/5Z01UMMf7V1o0MzF86s6WJ
173,"Younger Now","Miley Cyrus",21873,https://open.spotify.com/track/0B48113ZG9UfkWWt7qD9xX
174,"B. #QuedusaalVie",Damso,21743,https://open.spotify.com/track/4HvYhaXDmmAW6ZmPcgPZca
175,Wejoow,Boef,21570,https://open.spotify.com/track/6oZuSPBQySlwY33BhdIm11
176,Numb,"Linkin Park",21282,https://open.spotify.com/track/2nLtzopw4rPReszdYBJU6h
177,"Wonderwall - Remastered",Oasis,21208,https://open.spotify.com/track/5qqabIl2vWzo9ApSC317sa
178,"This Girl (Kungs Vs. Cookin' On 3 Burners) - Kungs Vs. Cookin' On 3 Burners",Kungs,21014,https://open.spotify.com/track/0tICYNayWWhH9GPeFrfjfD
179,Goud,Bazart,20867,https://open.spotify.com/track/5J59VOgvclrhLDYUoH5OaW
180,"Let Her Go",Passenger,20707,https://open.spotify.com/track/2jyjhRf6DVbMPU5zxagN2h
181,"Lean On (feat. MØ & DJ Snake)","Major Lazer",20679,https://open.spotify.com/track/4WjH9Bzt3kx7z8kl0awxh4
182,"Slippery (feat. Gucci Mane)",Migos,20646,https://open.spotify.com/track/6p8NuHm8uCGnn2Dtbtf7zE
183,"Boeng - Boom - Uit Liefde Voor Muziek","Gers Pardoel",20572,https://open.spotify.com/track/2yDIoGRF99SdAdepskhTsC
184,Flames,"Henri PFR",20478,https://open.spotify.com/track/2p6U0PmCLvSEIuGMdfKVd2
185,"Love$ick (feat. A$AP Rocky)","Mura Masa",20450,https://open.spotify.com/track/7Kq16WtEJzdRSNQgdXsn7Y
186,Mamacita,Ninho,20449,https://open.spotify.com/track/08GhiNwYij4HNVkBZnJvft
187,"Now Or Never",Halsey,20328,https://open.spotify.com/track/7i2DJ88J7jQ8K7zqFX2fW8
188,"Bad and Boujee (feat. Lil Uzi Vert)",Migos,20309,https://open.spotify.com/track/4Km5HrUvYTaSUfiSGPJeQR
189,"Drôle de question","Roméo Elvis",20305,https://open.spotify.com/track/1lqGmKAtGz2YPvYVS0DkhH
190,"We Don't Talk Anymore (feat. Selena Gomez)","Charlie Puth",20242,https://open.spotify.com/track/68EMU2RD1ECNeOeJ5qAXCV
191,"Fume à fond",Lorenzo,20088,https://open.spotify.com/track/2fgk04HR0nlgNysfX7fKF0
192,Energie,"Ronnie Flex",20030,https://open.spotify.com/track/1riPE3NCV1OBmSXqpYiMJY
193,Chantaje,Shakira,20024,https://open.spotify.com/track/6mICuAdrwEjh6Y6lroV2Kg
194,Faded,"Alan Walker",20009,https://open.spotify.com/track/7gHs73wELdeycvS48JfIos
195,"How Far I'll Go - From ""Moana""","Alessia Cara",19926,https://open.spotify.com/track/5hYTyyh2odQKphUbMqc5gN
196,Sexual,NEIKED,19845,https://open.spotify.com/track/3AsAuGTaDQzavZZThyYlop
197,"All of Me","John Legend",19779,https://open.spotify.com/track/2q6tgiA9tpb6DMguABwCWE
198,"Blow Your Mind (Mwah)","Dua Lipa",19743,https://open.spotify.com/track/2eAAEa8pxKF7My0EO4rFgR
199,"The Scientist",Coldplay,19723,https://open.spotify.com/track/75JFxkI2RXiU7L9VXzMkle
200,"Cheap Thrills",Sia,19651,https://open.spotify.com/track/27SdWb2rFzO6GWiYDBTD9j
