Position,"Track Name",Artist,Streams,URL
1,"Here With You","Lost Frequencies",218576,https://open.spotify.com/track/5KfECtKYcTC7WXpu5z6SY8
2,"Mi Gente","J Balvin",216119,https://open.spotify.com/track/2rb5MvYT7ZIxbKW5hfcHx8
3,Mama,"Jonas Blue",191002,https://open.spotify.com/track/0NiXXAI876aGImAd6rTj8w
4,"2U (feat. Justin Bieber)","David Guetta",189947,https://open.spotify.com/track/3A7qX2QjDlPnazUsRk5y0M
5,"More Than You Know","Axwell /\ Ingrosso",183062,https://open.spotify.com/track/3PEgB3fkiojxms35ntsTgs
6,Krantenwijk,"Lil' Kleine",179852,https://open.spotify.com/track/1X8py2jInjgIQ9Y9roDQZC
7,"Wild Thoughts","DJ Khaled",172767,https://open.spotify.com/track/1OAh8uOEOvTDqkKFsKksCi
8,"Despacito - Remix","Luis Fonsi",168343,https://open.spotify.com/track/5CtI0qwDJkDQGwXD1H1cLb
9,"Where Did You Go (Summer Love)",Regi,160675,https://open.spotify.com/track/0qF6fYxFtR6QocCLiv7W5S
10,Thunder,"Imagine Dragons",157105,https://open.spotify.com/track/0tKcYR2II1VCQWT79i5NrW
11,"Shape of You","Ed Sheeran",154550,https://open.spotify.com/track/7qiZfU4dY1lWllzX7mPBI3
12,Unforgettable,"French Montana",149559,https://open.spotify.com/track/3B54sVLJ402zGa6Xm4YGNe
13,Feels,"Calvin Harris",149475,https://open.spotify.com/track/5bcTCxgc7xVfSaMV3RuVke
14,"There for You","Martin Garrix",137694,https://open.spotify.com/track/6jA8HL9i4QGzsj6fjoxp8Y
15,"I'm the One","DJ Khaled",135886,https://open.spotify.com/track/3DXncPQOG4VBw3QHh3S817
16,"There's Nothing Holdin' Me Back","Shawn Mendes",133786,https://open.spotify.com/track/79cuOz3SPQTuFrp8WgftAu
17,Attention,"Charlie Puth",130904,https://open.spotify.com/track/4iLqG9SeJSnt0cSPICSjxv
18,"New Rules","Dua Lipa",129576,https://open.spotify.com/track/2ekn2ttSfGqwhhate0LSR0
19,"Your Song","Rita Ora",126596,https://open.spotify.com/track/4c2W3VKsOFoIg2SFaO6DY5
20,"Symphony (feat. Zara Larsson)","Clean Bandit",119497,https://open.spotify.com/track/1x5sYLZiu9r5E43kMlt9f8
21,"Strip That Down","Liam Payne",116086,https://open.spotify.com/track/6EpRaXYhGOB3fj4V2uDkMJ
22,"Despacito (Featuring Daddy Yankee)","Luis Fonsi",111643,https://open.spotify.com/track/4aWmUDTfIPGksMNLV2rQP2
23,"Summer Air",ItaloBrothers,110893,https://open.spotify.com/track/3GPI7hYiqD6enLRobhkBm8
24,"Know No Better (feat. Quavo)","Major Lazer",109140,https://open.spotify.com/track/3Ytr1SUCUi6J3L9dRFx5iH
25,"Pretty Girl - Cheat Codes X CADE Remix","Maggie Lindemann",107862,https://open.spotify.com/track/1NDxZ7cFAo481dtYWdrUnR
26,"Something Just Like This","The Chainsmokers",105583,https://open.spotify.com/track/6RUKPb4LETWmmr3iAEQktW
27,"Swalla (feat. Nicki Minaj & Ty Dolla $ign)","Jason Derulo",105393,https://open.spotify.com/track/6kex4EBAj0WHXDKZMEJaaF
28,"Glorious (feat. Skylar Grey)",Macklemore,105302,https://open.spotify.com/track/3HVr6jTVwBHBa2flM0eURR
29,Alleen,"Lil' Kleine",105100,https://open.spotify.com/track/1VDFn1PCpp8EOXLMURS8kP
30,"Sorry Not Sorry","Demi Lovato",104545,https://open.spotify.com/track/25C5CowdsfXld2jJanbiex
31,"Back to You (feat. Bebe Rexha & Digital Farm Animals)","Louis Tomlinson",102845,https://open.spotify.com/track/7F9vK8hNFMml4GtHsaXui6
32,"Fetish (feat. Gucci Mane)","Selena Gomez",99337,https://open.spotify.com/track/0XLOf9LhyazPX9Ld8jPiUq
33,"I Like Me Better",Lauv,98699,https://open.spotify.com/track/1wjzFQodRWrPcQ0AnYnvQ9
34,Believer,"Imagine Dragons",96189,https://open.spotify.com/track/0CcQNd8CINkwQfe1RDtGV6
35,"Complicated (feat. Kiiara)","Dimitri Vegas & Like Mike",92346,https://open.spotify.com/track/1Sl3njkhhz8nrSPZroDQ82
36,"Sinds Nen Dag Of 2 (38 Jaar)","Van Echelpoel",91216,https://open.spotify.com/track/1l0snphuGKSJPTczjmcjKH
37,"Galway Girl","Ed Sheeran",90495,https://open.spotify.com/track/0afhq8XCExXpqazXczTSve
38,"Slow Hands","Niall Horan",88044,https://open.spotify.com/track/167NczpNbRF7oWakJaY3Hh
39,"XO TOUR Llif3","Lil Uzi Vert",86085,https://open.spotify.com/track/2eMwDehkIC1j68U6FA3Eiq
40,Loterij,"Lil' Kleine",85951,https://open.spotify.com/track/260azNxQzQIloG7OpjQtTC
41,Habiba,Boef,85376,https://open.spotify.com/track/6G41AeVgQkpvEbTxN5fNkW
42,"No Promises (feat. Demi Lovato)","Cheat Codes",83766,https://open.spotify.com/track/1louJpMmzEicAn7lzDalPW
43,"Crying in the Club","Camila Cabello",80306,https://open.spotify.com/track/1SJtlNRJDeYHioymcvsqev
44,HUMBLE.,"Kendrick Lamar",78778,https://open.spotify.com/track/7KXjTSCq5nL1LoYtL7XAwS
45,"SUBEME LA RADIO","Enrique Iglesias",77480,https://open.spotify.com/track/7nKBxz47S9SD79N086fuhn
46,"You Don't Know Me - Radio Edit","Jax Jones",76743,https://open.spotify.com/track/00lNx0OcTJrS3MKHcB80HY
47,"Θ. Macarena",Damso,72975,https://open.spotify.com/track/2UZW9WOPXdxw9YMG1bebS8
48,Slide,"Calvin Harris",72637,https://open.spotify.com/track/7tr2za8SQg2CI8EDgrdtNl
49,OK,"Robin Schulz",71934,https://open.spotify.com/track/3bWAqKDWg6u1davspr5IkS
50,Réseaux,Niska,68666,https://open.spotify.com/track/2Pu2Kcm1cwFg4dDSdmFip4
51,"Mask Off",Future,67745,https://open.spotify.com/track/3rOSwuTsUlJp0Pu0MkN8r8
52,"Ready For Action - Radio Mix","Dimitri Vegas & Like Mike",66578,https://open.spotify.com/track/1oWQ8tQnoJTXQsn1Il2uMX
53,"Rich Love (with Seeb)",OneRepublic,56829,https://open.spotify.com/track/7aF09WaavZAmAWuUeYxlYD
54,"Bad Liar","Selena Gomez",54790,https://open.spotify.com/track/1sCxVKWImDZSZKvG0U9B23
55,"Stay (with Alessia Cara)",Zedd,54511,https://open.spotify.com/track/0dA2Mk56wEzDgegdC6R17g
56,Weak,AJR,53267,https://open.spotify.com/track/3E2Zh20GDCR9B1EYjfXWyv
57,"It Ain't Me (with Selena Gomez)",Kygo,50962,https://open.spotify.com/track/3eR23VReFzcdmS7TYCrhCe
58,"Lonely Place","Sara Gold",50946,https://open.spotify.com/track/73y1LV0U4ybMNDyO8S4fwW
59,Breathing,"Oscar and the Wolf",50186,https://open.spotify.com/track/3ZxYruWUtA4WNlWvO2gDPW
60,Issues,"Julia Michaels",48828,https://open.spotify.com/track/0xG0SHshCStMEyNbNC5d4k
61,"Came Here for Love",Sigala,47923,https://open.spotify.com/track/3kGfazcbVvVkuZunzlLgTD
62,"Butterfly Effect","Travis Scott",46454,https://open.spotify.com/track/1yxgsra98r3qAtxqiGZPiX
63,"Bank Account","21 Savage",46233,https://open.spotify.com/track/5eqK0tbzUPo2SoeZsov04s
64,Down,"Fifth Harmony",45890,https://open.spotify.com/track/7LEydI5NfjY6mZfKwYIptZ
65,"Sign of the Times","Harry Styles",44725,https://open.spotify.com/track/5Ohxk2dO5COHF1krpoPigN
66,"Two High","Moon Taxi",44064,https://open.spotify.com/track/3sJHkcxojoJD2Ytbo1yLLF
67,"Solo Dance","Martin Jensen",43221,https://open.spotify.com/track/6HUnnBwYZqcED1eQztxMBN
68,"Scared to Be Lonely","Martin Garrix",41300,https://open.spotify.com/track/3ebXMykcMXOcLeJ9xZ17XH
69,"Call On Me - Ryan Riback Extended Remix",Starley,40633,https://open.spotify.com/track/78rIJddV4X0HkNAInEcYde
70,Redbone,"Childish Gambino",40446,https://open.spotify.com/track/3kxfsdsCpFgN412fpnW85Y
71,Hot2Touch,"Felix Jaehn",40378,https://open.spotify.com/track/1sBhJGPUKrdRycgKxve70v
72,"Zo Bijzonder - Uit Liefde Voor Muziek","Gers Pardoel",39919,https://open.spotify.com/track/4lJa7Wd4tol3IyQyjEuvJp
73,"That's What I Like","Bruno Mars",39422,https://open.spotify.com/track/0KKkJNfGyhkQ5aFogxQAPU
74,Congratulations,"Post Malone",39261,https://open.spotify.com/track/3a1lNhkSLSkpJE4MSHpDu9
75,"Slapend Rijk",Boef,38822,https://open.spotify.com/track/3PiDnD8RhPrlmzMpAgF9xK
76,"Rockabye (feat. Sean Paul & Anne-Marie)","Clean Bandit",38317,https://open.spotify.com/track/5knuzwU65gJK7IF5yJsuaW
77,"On My Mind",Disciples,38271,https://open.spotify.com/track/5Xc74Dn1ZKH6H8XaVGOHXG
78,Signs,Drake,38084,https://open.spotify.com/track/5EnYT6F7wEcdege6mDHEfO
79,"First Time",Kygo,37635,https://open.spotify.com/track/2Gl0FzuLxflY6nPifJp5Dr
80,Engeltje,Jebroer,37215,https://open.spotify.com/track/5ZgA4F6aJ3nxKKYZq6KWco
81,Praying,Kesha,36798,https://open.spotify.com/track/79NlESqzFSW0hdBWgls4FX
82,"Feel It Still","Portugal. The Man",36691,https://open.spotify.com/track/6QgjcU0zLnzq5OrUoSZ3OK
83,Location,Khalid,36347,https://open.spotify.com/track/152lZdxL1OR0ZMW6KquMif
84,"No Vacancy",OneRepublic,36076,https://open.spotify.com/track/6XOYVSmNDjKUNMXooU4s4z
85,"Get Low (with Liam Payne)",Zedd,35788,https://open.spotify.com/track/1CKd1PnqfYx0H12V9MSaIY
86,Places,"Martin Solveig",34884,https://open.spotify.com/track/6O85MfGECKBqAK2MgSbCaj
87,"Shed a Light","Robin Schulz",34494,https://open.spotify.com/track/1cG0umU5TKStygKsPFZ9pY
88,"Kind Van De Duivel",Jebroer,34044,https://open.spotify.com/track/4tM13V5qVHM6nKTx7aMWVj
89,"De Manier","Kraantje Pappie",33906,https://open.spotify.com/track/68qTD5PAoqFgrkw5W2DHL5
90,Hunter,Galantis,33882,https://open.spotify.com/track/3caMfJGFp53NAH2TuigdNj
91,"Most Girls","Hailee Steinfeld",33819,https://open.spotify.com/track/2mfUa8bLs2s5N4VaqJZ4lZ
92,"Sunset Lover","Petit Biscuit",33702,https://open.spotify.com/track/0hNduWmlWmEmuwEFcYvRu1
93,"Would You Ever",Skrillex,33330,https://open.spotify.com/track/57p8CBvPOxrvyCbn6ttl5r
94,"In The End","Linkin Park",33276,https://open.spotify.com/track/60a0Rd6pjrkxjPbaKzXjfq
95,"Ciao Adios",Anne-Marie,32990,https://open.spotify.com/track/3EfugazgSddQvzZpkof5I4
96,"4x Duurder",SBMG,32888,https://open.spotify.com/track/2GmVap1TUXocIewXZRaRo7
97,Malibu,"Miley Cyrus",32647,https://open.spotify.com/track/2habSXqcJGExM6JJyskY7O
98,"I Don’t Wanna Live Forever (Fifty Shades Darker) - From ""Fifty Shades Darker (Original Motion Picture Soundtrack)""",ZAYN,32439,https://open.spotify.com/track/3NdDpSvN911VPGivFlV5d0
99,"Castle on the Hill","Ed Sheeran",32224,https://open.spotify.com/track/6PCUP3dWmTjcTtXY02oFdT
100,Pompen,"Kraantje Pappie",30814,https://open.spotify.com/track/3B23etXBXxq1aCmFB8dby9
101,"Everything Now","Arcade Fire",30751,https://open.spotify.com/track/7KsZHCfOitA5V9oQYVdltG
102,"Come Again","Ronnie Flex",30577,https://open.spotify.com/track/0bWzmIbEKh0xFRb1pTSQAw
103,"The Night We Met","Lord Huron",30367,https://open.spotify.com/track/6mORGLOz79w6VsCRLWYYuK
104,"Say You Won't Let Go","James Arthur",30324,https://open.spotify.com/track/5uCax9HTNlzGybIStD3vDh
105,"CAN'T STOP THE FEELING! (Original Song from DreamWorks Animation's ""TROLLS"")","Justin Timberlake",30093,https://open.spotify.com/track/6JV2JOEocMgcZxYSZelKcc
106,Rollin,"Calvin Harris",29971,https://open.spotify.com/track/0lMbuWUpfTWhEmOKxppEau
107,"Young Dumb & Broke",Khalid,29715,https://open.spotify.com/track/5Z3GHaZ6ec9bsiI5BenrbY
108,Passionfruit,Drake,29616,https://open.spotify.com/track/7hDc8b7IXETo14hHIHdnhd
109,Closer,"The Chainsmokers",29022,https://open.spotify.com/track/7BKLCZ1jbUBVqRi2FVlTVw
110,Paris,"The Chainsmokers",28875,https://open.spotify.com/track/72jbDTw1piOOj770jWNeaG
111,"All My Love (feat. Conor Maynard)","Cash Cash",28715,https://open.spotify.com/track/1839RWzPRZCVgvamu4sHSN
112,"Ε. Signaler",Damso,28661,https://open.spotify.com/track/03aduXwm6cTqO9bb4XFQ2b
113,"September Song","JP Cooper",28660,https://open.spotify.com/track/0FuTx2s3YH1ppmtiM6l0zI
114,"Now Or Never",Halsey,28586,https://open.spotify.com/track/7i2DJ88J7jQ8K7zqFX2fW8
115,"Kleine Jongen","Lil' Kleine",28407,https://open.spotify.com/track/0Ub2WcpO3sjeDPZhc1iRoa
116,"Sun Comes Up",Rudimental,28364,https://open.spotify.com/track/6SUocL0caib4mLHe8ZrZzi
117,"Instruction (feat. Demi Lovato & Stefflon Don)","Jax Jones",28143,https://open.spotify.com/track/0XfOi87h82i09rQjWYG0Bm
118,"Me Rehúso","Danny Ocean",28055,https://open.spotify.com/track/6De0lHrwBfPfrhorm9q1Xl
119,"One Dance",Drake,27865,https://open.spotify.com/track/1xznGGDReH1oQq0xzbwXa3
120,Numb,"Linkin Park",27543,https://open.spotify.com/track/2nLtzopw4rPReszdYBJU6h
121,"N. J Respect R",Damso,27037,https://open.spotify.com/track/75UFzgBCaVwJJ4IVIaatpe
122,"Chocolat (feat. Awa)",Lartiste,26987,https://open.spotify.com/track/4fwtP5khM1iEoa6BP1QQsX
123,"Γ. Mosaïque solitaire",Damso,26943,https://open.spotify.com/track/1E3zyoTHtJzsu5CjwIFIhY
124,"Felices los 4",Maluma,26800,https://open.spotify.com/track/0qYTZCo5Bwh1nsUFGZP3zn
125,"I Feel It Coming","The Weeknd",26779,https://open.spotify.com/track/5GXAXm5YOmYT0kL5jHvYBt
126,"Don't Let Me Down","The Chainsmokers",26720,https://open.spotify.com/track/0QsvXIfqM0zZoerQfsI9lm
127,"City Lights",Blanche,26505,https://open.spotify.com/track/3kXqUXnukwkpsxhW8emNC0
128,Photograph,"Ed Sheeran",25839,https://open.spotify.com/track/6fxVffaTuwjgEk5h9QyRjy
129,Tired,"Alan Walker",25834,https://open.spotify.com/track/3b5Li4QKDVBx1x7fQuu54a
130,"Liegen Voor Jou","Lil' Kleine",25660,https://open.spotify.com/track/1Tdjuqth02Y1CNeVMb6UwZ
131,"Thinking Out Loud","Ed Sheeran",25568,https://open.spotify.com/track/1Slwb6dOYkBlWal1PGtnNg
132,"In the Name of Love","Martin Garrix",25544,https://open.spotify.com/track/04DwTuZ2VBdJCCC5TROn7L
133,"Issues - Alan Walker Remix","Julia Michaels",25544,https://open.spotify.com/track/6nlXWOyoCPLXXWaklOyQcb
134,"Perplexing Pegasus","Rae Sremmurd",25312,https://open.spotify.com/track/2nYwV62UABTH0NanrwVIdQ
135,Human,"Rag'n'Bone Man",25224,https://open.spotify.com/track/58zsLZPvfflaiIbNWoA22O
136,Tucan,"Double Pleasure",25204,https://open.spotify.com/track/4SJV1vSExjyi70x0UV0ZBX
137,Havana,"Camila Cabello",24912,https://open.spotify.com/track/0ofbQMrRDsUaVKq2mGLEAb
138,"Net Iets Meer","Lil' Kleine",24413,https://open.spotify.com/track/2SdXCB4OPo6J6Yc7V249pS
139,Why,"Sabrina Carpenter",24367,https://open.spotify.com/track/2jYmK1cb3Uya6FFsocdpzO
140,DNA.,"Kendrick Lamar",24318,https://open.spotify.com/track/6HZILIRieu8S0iqY8kIKhj
141,Starboy,"The Weeknd",24220,https://open.spotify.com/track/5aAx2yezTd8zXrkmtKl66Z
142,"Treat You Better","Shawn Mendes",23919,https://open.spotify.com/track/4Hf7WnR761jpxPr5D46Bcd
143,1-800-273-8255,Logic,23832,https://open.spotify.com/track/5tz69p7tJuGPeMGwNTxYuV
144,Tuesday,"Burak Yeter",23768,https://open.spotify.com/track/7abpmGpF7PGep2rDU68GBR
145,"Super Far",LANY,23750,https://open.spotify.com/track/74ODGXs4byLTRdnKGM4s6E
146,Cartier,Dopebwoy,23718,https://open.spotify.com/track/6zcSWREy1vcJ4aWt7bzBW3
147,"Let Me Love You","DJ Snake",23534,https://open.spotify.com/track/4pdPtRcBmOSQDlJ3Fk945m
148,"Α. Nwaar Is The New Black",Damso,23420,https://open.spotify.com/track/57U26FwUclMqyZ5ylnPpw1
149,"All Or Nothing","Lost Frequencies",23303,https://open.spotify.com/track/11pNf8SA2U3PXzLca8BFt6
150,Volume,"Lil' Kleine",23214,https://open.spotify.com/track/36hJijGKl67dsUof8JiwbC
151,"Tempo (feat. Sevn Alias, Bko & Boef)",Jairzinho,23180,https://open.spotify.com/track/2YeKWxs3kfBFt7UduCEXub
152,Wejoow,Boef,23151,https://open.spotify.com/track/6oZuSPBQySlwY33BhdIm11
153,"Me Enamoré",Shakira,23138,https://open.spotify.com/track/4qknM1pQz53QOyfDVTjcM9
154,Hands,"Mike Perry",23072,https://open.spotify.com/track/5VaLhE67iBHeuPKbyGS2wk
155,OMG,"Camila Cabello",23068,https://open.spotify.com/track/4xBjsLUSjcx2h7PcRikpQp
156,"This Girl (Kungs Vs. Cookin' On 3 Burners) - Kungs Vs. Cookin' On 3 Burners",Kungs,22974,https://open.spotify.com/track/0tICYNayWWhH9GPeFrfjfD
157,Perfect,"Ed Sheeran",22916,https://open.spotify.com/track/0tgVpDi06FyKpA1z0VMD4v
158,"Love Galore",SZA,22753,https://open.spotify.com/track/0q75NwOoFiARAVp4EXU4Bs
159,"Still Got Time",ZAYN,22560,https://open.spotify.com/track/000xQL6tZNLJzIrtIgxqSl
160,"Boeng - Boom - Uit Liefde Voor Muziek","Gers Pardoel",22203,https://open.spotify.com/track/2yDIoGRF99SdAdepskhTsC
161,Goud,Bazart,21947,https://open.spotify.com/track/5J59VOgvclrhLDYUoH5OaW
162,Energie,"Ronnie Flex",21932,https://open.spotify.com/track/1riPE3NCV1OBmSXqpYiMJY
163,"He's a Pirate - Hans Zimmer vs Dimitri Vegas & Like Mike / Bonus Track","Hans Zimmer",21924,https://open.spotify.com/track/2mmL1vGmZ34ZV7tQ6qo61z
164,"Can't Hold Us - feat. Ray Dalton","Macklemore & Ryan Lewis",21861,https://open.spotify.com/track/3bidbhpOYeV4knp8AIu8Xn
165,Chantaje,Shakira,21814,https://open.spotify.com/track/6mICuAdrwEjh6Y6lroV2Kg
166,goosebumps,"Travis Scott",21787,https://open.spotify.com/track/6gBFPUFcJLzWGx4lenP6h2
167,"B. #QuedusaalVie",Damso,21651,https://open.spotify.com/track/4HvYhaXDmmAW6ZmPcgPZca
168,"Perfect Strangers","Jonas Blue",21595,https://open.spotify.com/track/5bZtRlMBU76vHuDOb1GM5u
169,"Lean On (feat. MØ & DJ Snake)","Major Lazer",21589,https://open.spotify.com/track/4WjH9Bzt3kx7z8kl0awxh4
170,"Lose Yourself - Soundtrack Version",Eminem,21331,https://open.spotify.com/track/5Z01UMMf7V1o0MzF86s6WJ
171,"Wonderwall - Remastered",Oasis,21207,https://open.spotify.com/track/5qqabIl2vWzo9ApSC317sa
172,Higher,"Laura Tesoro",21129,https://open.spotify.com/track/3mRNVlRKAgymByDGPqV7Sw
173,Rain,"The Script",21023,https://open.spotify.com/track/6FemVsNUb2lzWsDRm14FUJ
174,"Party On The West Coast (feat. Snoop Dogg)",Matoma,20961,https://open.spotify.com/track/45OfR7ugJMgbFDuNOVpIq3
175,"Pierre, feuille, papier, ciseaux",Columbine,20829,https://open.spotify.com/track/0rDp24SRrDTsrVoUdSWZa2
176,"I Took A Pill In Ibiza - Seeb Remix","Mike Posner",20809,https://open.spotify.com/track/17Fd6Yb7mSbinKG8LoWfFl
177,Flames,"Henri PFR",20779,https://open.spotify.com/track/2p6U0PmCLvSEIuGMdfKVd2
178,"Turn Your Love Around - Radio Edit",Sylver,20730,https://open.spotify.com/track/5oF1TuOLbzhAvYZnIycfa5
179,TG4M,"Zara Larsson",20589,https://open.spotify.com/track/4uoumbAMEMaKdtiv763jKz
180,"I Like Me Better - Ryan Riback Remix",Lauv,20564,https://open.spotify.com/track/1eKJI88ws6C5CrYimq9aQ6
181,"We Don't Talk Anymore (feat. Selena Gomez)","Charlie Puth",20529,https://open.spotify.com/track/68EMU2RD1ECNeOeJ5qAXCV
182,"Swish Swish","Katy Perry",20459,https://open.spotify.com/track/2kVHAQKVtczchKctctzbtK
183,Hier,"Killer Kamal",20443,https://open.spotify.com/track/7zFa37tBPunbIwhfdoVOzF
184,"Cheap Thrills",Sia,20379,https://open.spotify.com/track/27SdWb2rFzO6GWiYDBTD9j
185,"Let Her Go",Passenger,20357,https://open.spotify.com/track/2jyjhRf6DVbMPU5zxagN2h
186,"Drôle de question","Roméo Elvis",20348,https://open.spotify.com/track/1lqGmKAtGz2YPvYVS0DkhH
187,Money,Riton,20328,https://open.spotify.com/track/0GaSolMcA26ZUpOqpWeNt9
188,September,"Earth, Wind & Fire",20289,https://open.spotify.com/track/1mqlc0vEP9mU1kZgTi6LIQ
189,"Love Yourself","Justin Bieber",20220,https://open.spotify.com/track/3hB5DgAiMAQ4DzYbsMq1IT
190,Skin,"Rag'n'Bone Man",20217,https://open.spotify.com/track/6y2Kaz9QI01XBKJ8mTb7Pf
191,"do re mi (feat. Gucci Mane)",blackbear,20140,https://open.spotify.com/track/53mrVsi49rLHIaKBiSvElG
192,Mobali,Siboy,20138,https://open.spotify.com/track/6xcXAVbDuVT1pCsa2rmDHY
193,"Jusqu'au dernier gramme",PNL,20108,https://open.spotify.com/track/2jBleFNl3YK8lyJc1OvxXt
194,"The Scientist",Coldplay,19986,https://open.spotify.com/track/75JFxkI2RXiU7L9VXzMkle
195,Touch,"Little Mix",19882,https://open.spotify.com/track/5Ua3GXyHwiSfpNTMjq6m2z
196,"Bon appétit","Katy Perry",19835,https://open.spotify.com/track/61WbtB6ujkpNAsAf5LjF4b
197,"LOYALTY. FEAT. RIHANNA.","Kendrick Lamar",19749,https://open.spotify.com/track/6SwRhMLwNqEi6alNPVG00n
198,Faded,"Alan Walker",19692,https://open.spotify.com/track/7gHs73wELdeycvS48JfIos
199,"All of Me","John Legend",19637,https://open.spotify.com/track/2q6tgiA9tpb6DMguABwCWE
200,"24K Magic","Bruno Mars",19559,https://open.spotify.com/track/6b8Be6ljOzmkOmFslEb23P
