Position,"Track Name",Artist,Streams,URL
1,"Mi Gente","J Balvin",211134,https://open.spotify.com/track/2rb5MvYT7ZIxbKW5hfcHx8
2,"Here With You","Lost Frequencies",208610,https://open.spotify.com/track/5KfECtKYcTC7WXpu5z6SY8
3,"New Rules","Dua Lipa",197039,https://open.spotify.com/track/2ekn2ttSfGqwhhate0LSR0
4,"Look What You Made Me Do","Taylor Swift",191430,https://open.spotify.com/track/6uFsE1JgZ20EXyU0JQZbUR
5,"More Than You Know","Axwell /\ Ingrosso",184301,https://open.spotify.com/track/3PEgB3fkiojxms35ntsTgs
6,Mama,"Jonas Blue",182619,https://open.spotify.com/track/0NiXXAI876aGImAd6rTj8w
7,"Where Did You Go (Summer Love)",Regi,174330,https://open.spotify.com/track/0qF6fYxFtR6QocCLiv7W5S
8,Krantenwijk,"Lil' Kleine",171089,https://open.spotify.com/track/1X8py2jInjgIQ9Y9roDQZC
9,"Friends (with BloodPop®)","Justin Bieber",169493,https://open.spotify.com/track/7nZmah2llfvLDiUjm0kiyz
10,Feels,"Calvin Harris",162278,https://open.spotify.com/track/5bcTCxgc7xVfSaMV3RuVke
11,"2U (feat. Justin Bieber)","David Guetta",150481,https://open.spotify.com/track/3A7qX2QjDlPnazUsRk5y0M
12,Unforgettable,"French Montana",149771,https://open.spotify.com/track/3B54sVLJ402zGa6Xm4YGNe
13,Thunder,"Imagine Dragons",147240,https://open.spotify.com/track/0tKcYR2II1VCQWT79i5NrW
14,"Wild Thoughts","DJ Khaled",146787,https://open.spotify.com/track/1OAh8uOEOvTDqkKFsKksCi
15,"Shape of You","Ed Sheeran",140387,https://open.spotify.com/track/7qiZfU4dY1lWllzX7mPBI3
16,"Glorious (feat. Skylar Grey)",Macklemore,138614,https://open.spotify.com/track/3HVr6jTVwBHBa2flM0eURR
17,"Without You (feat. Sandro Cavazza)",Avicii,128405,https://open.spotify.com/track/6WbADFqMvR8N5u0BvtsWQE
18,"Back to You (feat. Bebe Rexha & Digital Farm Animals)","Louis Tomlinson",128381,https://open.spotify.com/track/7F9vK8hNFMml4GtHsaXui6
19,"Your Song","Rita Ora",126926,https://open.spotify.com/track/4c2W3VKsOFoIg2SFaO6DY5
20,"There's Nothing Holdin' Me Back","Shawn Mendes",126529,https://open.spotify.com/track/79cuOz3SPQTuFrp8WgftAu
21,Havana,"Camila Cabello",123398,https://open.spotify.com/track/0ofbQMrRDsUaVKq2mGLEAb
22,"Sorry Not Sorry","Demi Lovato",122427,https://open.spotify.com/track/25C5CowdsfXld2jJanbiex
23,Silence,Marshmello,121590,https://open.spotify.com/track/7vGuf3Y35N4wmASOKLUVVU
24,Attention,"Charlie Puth",120788,https://open.spotify.com/track/4iLqG9SeJSnt0cSPICSjxv
25,"Despacito - Remix","Luis Fonsi",118778,https://open.spotify.com/track/5CtI0qwDJkDQGwXD1H1cLb
26,"I Like Me Better",Lauv,115440,https://open.spotify.com/track/1wjzFQodRWrPcQ0AnYnvQ9
27,"Strip That Down","Liam Payne",112993,https://open.spotify.com/track/6EpRaXYhGOB3fj4V2uDkMJ
28,"There for You","Martin Garrix",110353,https://open.spotify.com/track/6jA8HL9i4QGzsj6fjoxp8Y
29,"Complicated (feat. Kiiara)","Dimitri Vegas & Like Mike",109094,https://open.spotify.com/track/1Sl3njkhhz8nrSPZroDQ82
30,Réseaux,Niska,108298,https://open.spotify.com/track/2Pu2Kcm1cwFg4dDSdmFip4
31,OK,"Robin Schulz",106064,https://open.spotify.com/track/3bWAqKDWg6u1davspr5IkS
32,"XO TOUR Llif3","Lil Uzi Vert",104140,https://open.spotify.com/track/7GX5flRQZVHRAGd6B4TmDO
33,"I'm the One","DJ Khaled",99463,https://open.spotify.com/track/3DXncPQOG4VBw3QHh3S817
34,"Something Just Like This","The Chainsmokers",94922,https://open.spotify.com/track/6RUKPb4LETWmmr3iAEQktW
35,"Despacito (Featuring Daddy Yankee)","Luis Fonsi",94103,https://open.spotify.com/track/4aWmUDTfIPGksMNLV2rQP2
36,Alleen,"Lil' Kleine",91724,https://open.spotify.com/track/1VDFn1PCpp8EOXLMURS8kP
37,"Symphony (feat. Zara Larsson)","Clean Bandit",90687,https://open.spotify.com/track/1x5sYLZiu9r5E43kMlt9f8
38,"Swalla (feat. Nicki Minaj & Ty Dolla $ign)","Jason Derulo",88355,https://open.spotify.com/track/6kex4EBAj0WHXDKZMEJaaF
39,Loterij,"Lil' Kleine",85973,https://open.spotify.com/track/260azNxQzQIloG7OpjQtTC
40,"Summer Air",ItaloBrothers,84649,https://open.spotify.com/track/3GPI7hYiqD6enLRobhkBm8
41,"Slow Hands","Niall Horan",84504,https://open.spotify.com/track/167NczpNbRF7oWakJaY3Hh
42,"Galway Girl","Ed Sheeran",83393,https://open.spotify.com/track/0afhq8XCExXpqazXczTSve
43,"Lonely Together (feat. Rita Ora)",Avicii,82200,https://open.spotify.com/track/2OALaHcDdKkjYEpAr0Qzab
44,"Fetish (feat. Gucci Mane)","Selena Gomez",78716,https://open.spotify.com/track/0XLOf9LhyazPX9Ld8jPiUq
45,HUMBLE.,"Kendrick Lamar",77955,https://open.spotify.com/track/7KXjTSCq5nL1LoYtL7XAwS
46,Believer,"Imagine Dragons",77546,https://open.spotify.com/track/0CcQNd8CINkwQfe1RDtGV6
47,"No Promises (feat. Demi Lovato)","Cheat Codes",74964,https://open.spotify.com/track/1louJpMmzEicAn7lzDalPW
48,Habiba,Boef,72951,https://open.spotify.com/track/6G41AeVgQkpvEbTxN5fNkW
49,"Know No Better (feat. Quavo)","Major Lazer",72249,https://open.spotify.com/track/3Ytr1SUCUi6J3L9dRFx5iH
50,"You Don't Know Me - Radio Edit","Jax Jones",71751,https://open.spotify.com/track/00lNx0OcTJrS3MKHcB80HY
51,"What About Us",P!nk,71633,https://open.spotify.com/track/31MkGwj0SWgZaTvEt5Hgxv
52,"Rich Love (with Seeb)",OneRepublic,65250,https://open.spotify.com/track/7aF09WaavZAmAWuUeYxlYD
53,"Θ. Macarena",Damso,63984,https://open.spotify.com/track/2UZW9WOPXdxw9YMG1bebS8
54,"Pretty Girl - Cheat Codes X CADE Remix","Maggie Lindemann",63703,https://open.spotify.com/track/1NDxZ7cFAo481dtYWdrUnR
55,"Young Dumb & Broke",Khalid,63487,https://open.spotify.com/track/5Z3GHaZ6ec9bsiI5BenrbY
56,"Instruction (feat. Demi Lovato & Stefflon Don)","Jax Jones",60267,https://open.spotify.com/track/0XfOi87h82i09rQjWYG0Bm
57,"Would You Ever",Skrillex,58291,https://open.spotify.com/track/57p8CBvPOxrvyCbn6ttl5r
58,"Bank Account","21 Savage",58103,https://open.spotify.com/track/5eqK0tbzUPo2SoeZsov04s
59,Breathing,"Oscar and the Wolf",50827,https://open.spotify.com/track/3ZxYruWUtA4WNlWvO2gDPW
60,"Sinds Nen Dag Of 2 (38 Jaar)","Van Echelpoel",49980,https://open.spotify.com/track/1l0snphuGKSJPTczjmcjKH
61,"Came Here for Love",Sigala,48175,https://open.spotify.com/track/3kGfazcbVvVkuZunzlLgTD
62,1-800-273-8255,Logic,47565,https://open.spotify.com/track/5tz69p7tJuGPeMGwNTxYuV
63,Issues,"Julia Michaels",47229,https://open.spotify.com/track/0xG0SHshCStMEyNbNC5d4k
64,"Butterfly Effect","Travis Scott",46443,https://open.spotify.com/track/1yxgsra98r3qAtxqiGZPiX
65,Weak,AJR,45181,https://open.spotify.com/track/3E2Zh20GDCR9B1EYjfXWyv
66,"It Ain't Me (with Selena Gomez)",Kygo,45056,https://open.spotify.com/track/3eR23VReFzcdmS7TYCrhCe
67,"Solo Dance","Martin Jensen",44382,https://open.spotify.com/track/6HUnnBwYZqcED1eQztxMBN
68,"Bodak Yellow","Cardi B",44125,https://open.spotify.com/track/2771LMNxwf62FTAdpJMQfM
69,"Jocelyn Flores",XXXTENTACION,43974,https://open.spotify.com/track/7m9OqQk4RVRkw9JJdeAw96
70,"Mask Off",Future,43605,https://open.spotify.com/track/3rOSwuTsUlJp0Pu0MkN8r8
71,Down,"Fifth Harmony",42575,https://open.spotify.com/track/20H2Hd5AkUcRjB4yL3UQtJ
72,"Two High","Moon Taxi",42406,https://open.spotify.com/track/0Z9HQ8YvHqdeOjTwsR3cS7
73,"Lonely Place","Sara Gold",42036,https://open.spotify.com/track/73y1LV0U4ybMNDyO8S4fwW
74,"Feel It Still","Portugal. The Man",41595,https://open.spotify.com/track/6QgjcU0zLnzq5OrUoSZ3OK
75,"Sign of the Times","Harry Styles",41486,https://open.spotify.com/track/5Ohxk2dO5COHF1krpoPigN
76,"Call On Me - Ryan Riback Extended Remix",Starley,41373,https://open.spotify.com/track/78rIJddV4X0HkNAInEcYde
77,"SUBEME LA RADIO","Enrique Iglesias",41323,https://open.spotify.com/track/7nKBxz47S9SD79N086fuhn
78,"Stay (with Alessia Cara)",Zedd,40498,https://open.spotify.com/track/0dA2Mk56wEzDgegdC6R17g
79,"Reggaetón Lento (Remix) [CNCO & Little Mix]",CNCO,40084,https://open.spotify.com/track/3zoYkqS4y2BsGVShPL2nTE
80,Congratulations,"Post Malone",38710,https://open.spotify.com/track/3a1lNhkSLSkpJE4MSHpDu9
81,"Get Low (with Liam Payne)",Zedd,38519,https://open.spotify.com/track/1CKd1PnqfYx0H12V9MSaIY
82,OMG,"Camila Cabello",38479,https://open.spotify.com/track/4xBjsLUSjcx2h7PcRikpQp
83,Slide,"Calvin Harris",37906,https://open.spotify.com/track/7tr2za8SQg2CI8EDgrdtNl
84,"Scared to Be Lonely","Martin Garrix",37883,https://open.spotify.com/track/3ebXMykcMXOcLeJ9xZ17XH
85,Questions,"Chris Brown",37875,https://open.spotify.com/track/5XQMr19TL7Mfksq9zihbOu
86,Praying,Kesha,37506,https://open.spotify.com/track/0jdny0dhgjUwoIp5GkqEaA
87,"Slapend Rijk",Boef,35225,https://open.spotify.com/track/3PiDnD8RhPrlmzMpAgF9xK
88,"La Colegiala","The Boy Next Door",34791,https://open.spotify.com/track/5yQHRt2jsjQdj0WNASwvKK
89,"All Stars","Martin Solveig",34165,https://open.spotify.com/track/3aLSrx8qhssXrh5yjB6oy9
90,"I Like Me Better - Ryan Riback Remix",Lauv,34114,https://open.spotify.com/track/1eKJI88ws6C5CrYimq9aQ6
91,"All My Love (feat. Conor Maynard)","Cash Cash",34078,https://open.spotify.com/track/1839RWzPRZCVgvamu4sHSN
92,"Rockabye (feat. Sean Paul & Anne-Marie)","Clean Bandit",33832,https://open.spotify.com/track/5knuzwU65gJK7IF5yJsuaW
93,"De Manier","Kraantje Pappie",32949,https://open.spotify.com/track/68qTD5PAoqFgrkw5W2DHL5
94,"First Time",Kygo,32752,https://open.spotify.com/track/2Gl0FzuLxflY6nPifJp5Dr
95,"On My Mind",Disciples,32405,https://open.spotify.com/track/5Xc74Dn1ZKH6H8XaVGOHXG
96,"Sunset Lover","Petit Biscuit",32145,https://open.spotify.com/track/0hNduWmlWmEmuwEFcYvRu1
97,"No Vacancy",OneRepublic,32051,https://open.spotify.com/track/6XOYVSmNDjKUNMXooU4s4z
98,"I Don’t Wanna Live Forever (Fifty Shades Darker) - From ""Fifty Shades Darker (Original Motion Picture Soundtrack)""",ZAYN,32028,https://open.spotify.com/track/3NdDpSvN911VPGivFlV5d0
99,"do re mi (feat. Gucci Mane)",blackbear,31633,https://open.spotify.com/track/53mrVsi49rLHIaKBiSvElG
100,"Burden Down",Micar,31288,https://open.spotify.com/track/1R8eM53yWnjsfiWktgObe7
101,"Me Rehúso","Danny Ocean",31077,https://open.spotify.com/track/6De0lHrwBfPfrhorm9q1Xl
102,"Crying in the Club","Camila Cabello",30585,https://open.spotify.com/track/1SJtlNRJDeYHioymcvsqev
103,"Ε. Signaler",Damso,30576,https://open.spotify.com/track/03aduXwm6cTqO9bb4XFQ2b
104,"That's What I Like","Bruno Mars",30179,https://open.spotify.com/track/0KKkJNfGyhkQ5aFogxQAPU
105,"Marmalade (feat. Lil Yachty)",Macklemore,29921,https://open.spotify.com/track/0RYXEibxMami3QuT8kn4Iz
106,"The Way You Used to Do","Queens of the Stone Age",29789,https://open.spotify.com/track/1wsnCfewxZlCs7cJxkaMZM
107,Places,"Martin Solveig",29663,https://open.spotify.com/track/6O85MfGECKBqAK2MgSbCaj
108,"4x Duurder",SBMG,29596,https://open.spotify.com/track/2GmVap1TUXocIewXZRaRo7
109,"Fuck Love (feat. Trippie Redd)",XXXTENTACION,29578,https://open.spotify.com/track/7AQim7LbvFVZJE3O8TYgf2
110,"Kleine Jongen","Lil' Kleine",29563,https://open.spotify.com/track/0Ub2WcpO3sjeDPZhc1iRoa
111,Cartier,Dopebwoy,29214,https://open.spotify.com/track/6zcSWREy1vcJ4aWt7bzBW3
112,Malibu,"Miley Cyrus",29066,https://open.spotify.com/track/2habSXqcJGExM6JJyskY7O
113,"Say You Won't Let Go","James Arthur",28991,https://open.spotify.com/track/5uCax9HTNlzGybIStD3vDh
114,"Ciao Adios",Anne-Marie,28923,https://open.spotify.com/track/3EfugazgSddQvzZpkof5I4
115,"Castle on the Hill","Ed Sheeran",28796,https://open.spotify.com/track/6PCUP3dWmTjcTtXY02oFdT
116,Hunter,Galantis,28478,https://open.spotify.com/track/3caMfJGFp53NAH2TuigdNj
117,"CAN'T STOP THE FEELING! (Original Song from DreamWorks Animation's ""TROLLS"")","Justin Timberlake",28370,https://open.spotify.com/track/6JV2JOEocMgcZxYSZelKcc
118,"Love Galore",SZA,28302,https://open.spotify.com/track/0q75NwOoFiARAVp4EXU4Bs
119,"Ready For Action - Radio Mix","Dimitri Vegas & Like Mike",28286,https://open.spotify.com/track/1oWQ8tQnoJTXQsn1Il2uMX
120,"September Song","JP Cooper",28213,https://open.spotify.com/track/0FuTx2s3YH1ppmtiM6l0zI
121,"N. J Respect R",Damso,28195,https://open.spotify.com/track/75UFzgBCaVwJJ4IVIaatpe
122,"The Night We Met","Lord Huron",28175,https://open.spotify.com/track/6mORGLOz79w6VsCRLWYYuK
123,Engeltje,Jebroer,28150,https://open.spotify.com/track/5ZgA4F6aJ3nxKKYZq6KWco
124,"Kind Van De Duivel",Jebroer,28112,https://open.spotify.com/track/4tM13V5qVHM6nKTx7aMWVj
125,Why,"Sabrina Carpenter",28021,https://open.spotify.com/track/2jYmK1cb3Uya6FFsocdpzO
126,"Me Enamoré",Shakira,27915,https://open.spotify.com/track/4qknM1pQz53QOyfDVTjcM9
127,Closer,"The Chainsmokers",27815,https://open.spotify.com/track/7BKLCZ1jbUBVqRi2FVlTVw
128,"Γ. Mosaïque solitaire",Damso,27424,https://open.spotify.com/track/1E3zyoTHtJzsu5CjwIFIhY
129,Paris,"The Chainsmokers",27355,https://open.spotify.com/track/72jbDTw1piOOj770jWNeaG
130,Pompen,"Kraantje Pappie",27271,https://open.spotify.com/track/3B23etXBXxq1aCmFB8dby9
131,"One Dance",Drake,27219,https://open.spotify.com/track/1xznGGDReH1oQq0xzbwXa3
132,"Felices los 4",Maluma,27195,https://open.spotify.com/track/0qYTZCo5Bwh1nsUFGZP3zn
133,"Come Again","Ronnie Flex",27129,https://open.spotify.com/track/0bWzmIbEKh0xFRb1pTSQAw
134,"Sun Comes Up",Rudimental,27048,https://open.spotify.com/track/6SUocL0caib4mLHe8ZrZzi
135,"Shed a Light","Robin Schulz",26323,https://open.spotify.com/track/1cG0umU5TKStygKsPFZ9pY
136,Hot2Touch,"Felix Jaehn",25900,https://open.spotify.com/track/1sBhJGPUKrdRycgKxve70v
137,"Chocolat (feat. Awa)",Lartiste,25703,https://open.spotify.com/track/4fwtP5khM1iEoa6BP1QQsX
138,"Don't Let Me Down","The Chainsmokers",25653,https://open.spotify.com/track/0QsvXIfqM0zZoerQfsI9lm
139,Passionfruit,Drake,25555,https://open.spotify.com/track/7hDc8b7IXETo14hHIHdnhd
140,Photograph,"Ed Sheeran",25394,https://open.spotify.com/track/6fxVffaTuwjgEk5h9QyRjy
141,"Super Far",LANY,25093,https://open.spotify.com/track/74ODGXs4byLTRdnKGM4s6E
142,"Thinking Out Loud","Ed Sheeran",24941,https://open.spotify.com/track/1Slwb6dOYkBlWal1PGtnNg
143,"He Like That","Fifth Harmony",24911,https://open.spotify.com/track/0m2orA1i5lLZUOt9XLwSd0
144,"Thinking Of A Place","The War On Drugs",24849,https://open.spotify.com/track/4Sd5tbNP4q8wS64abqwfkN
145,"Net Iets Meer","Lil' Kleine",24689,https://open.spotify.com/track/2SdXCB4OPo6J6Yc7V249pS
146,"Feet Don't Fail Me","Queens of the Stone Age",24621,https://open.spotify.com/track/2JB7PvDV0R3Vwbq0iy1WPe
147,"I Feel It Coming","The Weeknd",24585,https://open.spotify.com/track/5GXAXm5YOmYT0kL5jHvYBt
148,"Everybody Dies In Their Nightmares",XXXTENTACION,24515,https://open.spotify.com/track/3GVkPk8mqxz0itaAriG1L7
149,"Swish Swish","Katy Perry",24438,https://open.spotify.com/track/2kVHAQKVtczchKctctzbtK
150,"Liegen Voor Jou","Lil' Kleine",24429,https://open.spotify.com/track/1Tdjuqth02Y1CNeVMb6UwZ
151,Tired,"Alan Walker",24370,https://open.spotify.com/track/3b5Li4QKDVBx1x7fQuu54a
152,"Turn Your Love Around - Radio Edit",Sylver,24361,https://open.spotify.com/track/5oF1TuOLbzhAvYZnIycfa5
153,"Everything Now","Arcade Fire",24133,https://open.spotify.com/track/7KsZHCfOitA5V9oQYVdltG
154,Signs,Drake,24030,https://open.spotify.com/track/5EnYT6F7wEcdege6mDHEfO
155,"In the Name of Love","Martin Garrix",23904,https://open.spotify.com/track/04DwTuZ2VBdJCCC5TROn7L
156,Human,"Rag'n'Bone Man",23744,https://open.spotify.com/track/58zsLZPvfflaiIbNWoA22O
157,"In The End","Linkin Park",23535,https://open.spotify.com/track/60a0Rd6pjrkxjPbaKzXjfq
158,"Bad Liar","Selena Gomez",23503,https://open.spotify.com/track/1sCxVKWImDZSZKvG0U9B23
159,"The Way Life Goes","Lil Uzi Vert",23490,https://open.spotify.com/track/2eAZfqOm4EnOF9VvN50Tyc
160,Starboy,"The Weeknd",23381,https://open.spotify.com/track/5aAx2yezTd8zXrkmtKl66Z
161,Mobali,Siboy,23251,https://open.spotify.com/track/6xcXAVbDuVT1pCsa2rmDHY
162,"Most Girls","Hailee Steinfeld",23156,https://open.spotify.com/track/2mfUa8bLs2s5N4VaqJZ4lZ
163,goosebumps,"Travis Scott",23151,https://open.spotify.com/track/6gBFPUFcJLzWGx4lenP6h2
164,"Treat You Better","Shawn Mendes",23033,https://open.spotify.com/track/4Hf7WnR761jpxPr5D46Bcd
165,Tuesday,"Burak Yeter",22848,https://open.spotify.com/track/7abpmGpF7PGep2rDU68GBR
166,"Can't Hold Us - feat. Ray Dalton","Macklemore & Ryan Lewis",22700,https://open.spotify.com/track/3bidbhpOYeV4knp8AIu8Xn
167,"City Lights",Blanche,22697,https://open.spotify.com/track/3kXqUXnukwkpsxhW8emNC0
168,"Α. Nwaar Is The New Black",Damso,22597,https://open.spotify.com/track/57U26FwUclMqyZ5ylnPpw1
169,Volume,"Lil' Kleine",22441,https://open.spotify.com/track/36hJijGKl67dsUof8JiwbC
170,"Love Yourself","Justin Bieber",22281,https://open.spotify.com/track/3hB5DgAiMAQ4DzYbsMq1IT
171,Higher,"Laura Tesoro",22210,https://open.spotify.com/track/3mRNVlRKAgymByDGPqV7Sw
172,Revenge,XXXTENTACION,22107,https://open.spotify.com/track/5TXDeTFVRVY7Cvt0Dw4vWW
173,"Let Me Love You","DJ Snake",22079,https://open.spotify.com/track/4pdPtRcBmOSQDlJ3Fk945m
174,Redbone,"Childish Gambino",21794,https://open.spotify.com/track/3kxfsdsCpFgN412fpnW85Y
175,"Lose Yourself - Soundtrack Version",Eminem,21780,https://open.spotify.com/track/5Z01UMMf7V1o0MzF86s6WJ
176,"Holding On","The War On Drugs",21744,https://open.spotify.com/track/2h5CXy8Pme1lTY3CUAEI1i
177,Perfect,"Ed Sheeran",21647,https://open.spotify.com/track/0tgVpDi06FyKpA1z0VMD4v
178,"B. #QuedusaalVie",Damso,21582,https://open.spotify.com/track/4HvYhaXDmmAW6ZmPcgPZca
179,DNA.,"Kendrick Lamar",21485,https://open.spotify.com/track/6HZILIRieu8S0iqY8kIKhj
180,"Tempo (feat. Sevn Alias, Bko & Boef)",Jairzinho,21404,https://open.spotify.com/track/2YeKWxs3kfBFt7UduCEXub
181,Fortress,"Queens of the Stone Age",21290,https://open.spotify.com/track/2MZUMdIakjQxl03yT1UlmQ
182,"Drôle de question","Roméo Elvis",21252,https://open.spotify.com/track/1lqGmKAtGz2YPvYVS0DkhH
183,"This Girl (Kungs Vs. Cookin' On 3 Burners) - Kungs Vs. Cookin' On 3 Burners",Kungs,21205,https://open.spotify.com/track/0tICYNayWWhH9GPeFrfjfD
184,"Lean On (feat. MØ & DJ Snake)","Major Lazer",21191,https://open.spotify.com/track/4WjH9Bzt3kx7z8kl0awxh4
185,"How Far I'll Go - From ""Moana""","Alessia Cara",21057,https://open.spotify.com/track/5hYTyyh2odQKphUbMqc5gN
186,TG4M,"Zara Larsson",21045,https://open.spotify.com/track/4uoumbAMEMaKdtiv763jKz
187,"Domesticated Animals","Queens of the Stone Age",20992,https://open.spotify.com/track/5NbMimOzRykGsE1tVHDtKV
188,"Wonderwall - Remastered",Oasis,20978,https://open.spotify.com/track/5qqabIl2vWzo9ApSC317sa
189,Wait,"Martin Jensen",20947,https://open.spotify.com/track/5XiZK7m9PLppgIzJBpw2x5
190,Wejoow,Boef,20857,https://open.spotify.com/track/6oZuSPBQySlwY33BhdIm11
191,"Boeng - Boom - Uit Liefde Voor Muziek","Gers Pardoel",20723,https://open.spotify.com/track/2yDIoGRF99SdAdepskhTsC
192,Unforgettable,"Thomas Rhett",20665,https://open.spotify.com/track/0ZiRSqlSsDlY0UyDYU9CTE
193,Chantaje,Shakira,20580,https://open.spotify.com/track/6mICuAdrwEjh6Y6lroV2Kg
194,Mamacita,Ninho,20573,https://open.spotify.com/track/08GhiNwYij4HNVkBZnJvft
195,Tucan,"Double Pleasure",20355,https://open.spotify.com/track/4SJV1vSExjyi70x0UV0ZBX
196,Location,Khalid,20328,https://open.spotify.com/track/152lZdxL1OR0ZMW6KquMif
197,"Let Her Go",Passenger,20327,https://open.spotify.com/track/2jyjhRf6DVbMPU5zxagN2h
198,Goud,Bazart,20197,https://open.spotify.com/track/5J59VOgvclrhLDYUoH5OaW
199,Rain,"The Script",20117,https://open.spotify.com/track/6FemVsNUb2lzWsDRm14FUJ
200,"Blow Your Mind (Mwah)","Dua Lipa",20049,https://open.spotify.com/track/2eAAEa8pxKF7My0EO4rFgR
