Position,"Track Name",Artist,Streams,URL
1,"Shape of You","Ed Sheeran",282470,https://open.spotify.com/track/7qiZfU4dY1lWllzX7mPBI3
2,HUMBLE.,"Kendrick Lamar",210436,https://open.spotify.com/track/7KXjTSCq5nL1LoYtL7XAwS
3,"Something Just Like This","The Chainsmokers",194402,https://open.spotify.com/track/6RUKPb4LETWmmr3iAEQktW
4,"It Ain't Me (with Selena Gomez)",Kygo,188823,https://open.spotify.com/track/3eR23VReFzcdmS7TYCrhCe
5,"Symphony (feat. Zara Larsson)","Clean Bandit",182456,https://open.spotify.com/track/1x5sYLZiu9r5E43kMlt9f8
6,"You Don't Know Me - Radio Edit","Jax Jones",169228,https://open.spotify.com/track/00lNx0OcTJrS3MKHcB80HY
7,Habiba,Boef,166264,https://open.spotify.com/track/6G41AeVgQkpvEbTxN5fNkW
8,Weak,AJR,160267,https://open.spotify.com/track/3E2Zh20GDCR9B1EYjfXWyv
9,"Stay (with Alessia Cara)",Zedd,158847,https://open.spotify.com/track/0dA2Mk56wEzDgegdC6R17g
10,Passionfruit,Drake,154097,https://open.spotify.com/track/7hDc8b7IXETo14hHIHdnhd
11,"Mask Off",Future,151454,https://open.spotify.com/track/3rOSwuTsUlJp0Pu0MkN8r8
12,"Swalla (feat. Nicki Minaj & Ty Dolla $ign)","Jason Derulo",150457,https://open.spotify.com/track/6kex4EBAj0WHXDKZMEJaaF
13,"That's What I Like","Bruno Mars",140014,https://open.spotify.com/track/0KKkJNfGyhkQ5aFogxQAPU
14,Issues,"Julia Michaels",137182,https://open.spotify.com/track/1sXUWdKx03aP9Gmzft58rt
15,DNA.,"Kendrick Lamar",133991,https://open.spotify.com/track/6HZILIRieu8S0iqY8kIKhj
16,"Scared to Be Lonely","Martin Garrix",123226,https://open.spotify.com/track/3ebXMykcMXOcLeJ9xZ17XH
17,Paris,"The Chainsmokers",123129,https://open.spotify.com/track/72jbDTw1piOOj770jWNeaG
18,"Galway Girl","Ed Sheeran",121098,https://open.spotify.com/track/0afhq8XCExXpqazXczTSve
19,Slide,"Calvin Harris",116086,https://open.spotify.com/track/7tr2za8SQg2CI8EDgrdtNl
20,"Call On Me - Ryan Riback Extended Remix",Starley,113698,https://open.spotify.com/track/78rIJddV4X0HkNAInEcYde
21,"LOYALTY. FEAT. RIHANNA.","Kendrick Lamar",109059,https://open.spotify.com/track/6SwRhMLwNqEi6alNPVG00n
22,"Despacito (Featuring Daddy Yankee)","Luis Fonsi",108545,https://open.spotify.com/track/4aWmUDTfIPGksMNLV2rQP2
23,"Kind Van De Duivel",Jebroer,108462,https://open.spotify.com/track/4tM13V5qVHM6nKTx7aMWVj
24,"Solo Dance","Martin Jensen",102280,https://open.spotify.com/track/6HUnnBwYZqcED1eQztxMBN
25,"All Or Nothing","Lost Frequencies",97752,https://open.spotify.com/track/11pNf8SA2U3PXzLca8BFt6
26,ELEMENT.,"Kendrick Lamar",96701,https://open.spotify.com/track/1EaKU4dMbesXXd3BrLCtYG
27,"Sign of the Times","Harry Styles",92759,https://open.spotify.com/track/5Ohxk2dO5COHF1krpoPigN
28,Pompen,"Kraantje Pappie",92752,https://open.spotify.com/track/3B23etXBXxq1aCmFB8dby9
29,"Castle on the Hill","Ed Sheeran",92352,https://open.spotify.com/track/6PCUP3dWmTjcTtXY02oFdT
30,"Pretty Girl - Cheat Codes X CADE Remix","Maggie Lindemann",91932,https://open.spotify.com/track/1NDxZ7cFAo481dtYWdrUnR
31,Touch,"Little Mix",89855,https://open.spotify.com/track/5Ua3GXyHwiSfpNTMjq6m2z
32,"Rockabye (feat. Sean Paul & Anne-Marie)","Clean Bandit",88604,https://open.spotify.com/track/5knuzwU65gJK7IF5yJsuaW
33,"The One","The Chainsmokers",88161,https://open.spotify.com/track/0wfbD5rAksdXUzRvMfM3x5
34,"I Don’t Wanna Live Forever (Fifty Shades Darker) - From ""Fifty Shades Darker (Original Motion Picture Soundtrack)""",ZAYN,86989,https://open.spotify.com/track/3NdDpSvN911VPGivFlV5d0
35,Cold,"Maroon 5",85022,https://open.spotify.com/track/5NNlUMcOEOdoOIwwaWXv0k
36,YAH.,"Kendrick Lamar",82155,https://open.spotify.com/track/4BHSjbYylfOH5WAGusDyni
37,Believer,"Imagine Dragons",81741,https://open.spotify.com/track/0CcQNd8CINkwQfe1RDtGV6
38,"Run Up (feat. PARTYNEXTDOOR & Nicki Minaj)","Major Lazer",81391,https://open.spotify.com/track/0fg8CqpjdojMyXLNzM2PaJ
39,Alleen,"Lil' Kleine",79985,https://open.spotify.com/track/1VDFn1PCpp8EOXLMURS8kP
40,"I Feel It Coming","The Weeknd",79264,https://open.spotify.com/track/5GXAXm5YOmYT0kL5jHvYBt
41,"September Song","JP Cooper",78527,https://open.spotify.com/track/0FuTx2s3YH1ppmtiM6l0zI
42,FEEL.,"Kendrick Lamar",78201,https://open.spotify.com/track/2LTlO3NuNVN70lp2ZbVswF
43,"XXX. FEAT. U2.","Kendrick Lamar",77025,https://open.spotify.com/track/4iYRa2btalAzPZoSYfROqF
44,PRIDE.,"Kendrick Lamar",76496,https://open.spotify.com/track/6IZvVAP7VPPnsGX6bvgkqg
45,"Green Light",Lorde,75756,https://open.spotify.com/track/0gbBzIqrECJOEPvQJIBFs5
46,"LOVE. FEAT. ZACARI.","Kendrick Lamar",75146,https://open.spotify.com/track/6PGoSes0D9eUDeeAafB2As
47,BLOOD.,"Kendrick Lamar",70075,https://open.spotify.com/track/1n4jwRVXdkK2U34nBDUKKT
48,LUST.,"Kendrick Lamar",69174,https://open.spotify.com/track/06FCvd7rrRcF3DdvWH5Isp
49,Selfish,Future,69104,https://open.spotify.com/track/2Ce5IyMlVRVvN997ZJjJJA
50,"Ziet Em Duun","Van Echelpoel",68143,https://open.spotify.com/track/6WBPdOrzwCo3AXg2kGGD7x
51,"Slapend Rijk",Boef,67695,https://open.spotify.com/track/3PiDnD8RhPrlmzMpAgF9xK
52,"Let The Song Play",MATTN,63893,https://open.spotify.com/track/6kavAQFHkoKBukku7M68OG
53,"Sunset Lover","Petit Biscuit",63039,https://open.spotify.com/track/0hNduWmlWmEmuwEFcYvRu1
54,Tuesday,"Burak Yeter",61831,https://open.spotify.com/track/7abpmGpF7PGep2rDU68GBR
55,"Chained To The Rhythm","Katy Perry",61421,https://open.spotify.com/track/6520aj0B4FSKGVuKNsOCOi
56,"Good Life (with G-Eazy & Kehlani)",G-Eazy,59984,https://open.spotify.com/track/1Eck97uRMlprKOOJN9oO1E
57,Salam,Boef,59804,https://open.spotify.com/track/5zhTxSctAPGFmXSZ7RPmxG
58,"iSpy (feat. Lil Yachty)",KYLE,56736,https://open.spotify.com/track/2EEeOnHehOozLq4aS0n6SL
59,FEAR.,"Kendrick Lamar",56233,https://open.spotify.com/track/23luOrEVHMfoX0AhfbQuS6
60,Closer,"The Chainsmokers",55919,https://open.spotify.com/track/7BKLCZ1jbUBVqRi2FVlTVw
61,"Now Or Never",Halsey,54584,https://open.spotify.com/track/0Nhu3zSYbEz32IYiobV75e
62,"SUBEME LA RADIO","Enrique Iglesias",53535,https://open.spotify.com/track/7nKBxz47S9SD79N086fuhn
63,Location,Khalid,52902,https://open.spotify.com/track/152lZdxL1OR0ZMW6KquMif
64,"Say You Won't Let Go","James Arthur",52021,https://open.spotify.com/track/5uCax9HTNlzGybIStD3vDh
65,"Despacito - Remix","Luis Fonsi",49157,https://open.spotify.com/track/5CtI0qwDJkDQGwXD1H1cLb
66,"No Promises (feat. Demi Lovato)","Cheat Codes",48519,https://open.spotify.com/track/1louJpMmzEicAn7lzDalPW
67,"Obsession (feat. Jon Bellion)",Vice,47127,https://open.spotify.com/track/5pvVAwQbuFoR7LkcicrKnk
68,GOD.,"Kendrick Lamar",47111,https://open.spotify.com/track/5p3NP9mQblDsVJLdfNZJ3I
69,DUCKWORTH.,"Kendrick Lamar",46163,https://open.spotify.com/track/0y9uTzK9cNKSAEHnpeRG8C
70,Skin,"Rag'n'Bone Man",45019,https://open.spotify.com/track/6y2Kaz9QI01XBKJ8mTb7Pf
71,Starboy,"The Weeknd",44632,https://open.spotify.com/track/5aAx2yezTd8zXrkmtKl66Z
72,Chantaje,Shakira,43070,https://open.spotify.com/track/6mICuAdrwEjh6Y6lroV2Kg
73,"Still Got Time",ZAYN,42758,https://open.spotify.com/track/000xQL6tZNLJzIrtIgxqSl
74,History,"Olivia Holt",42351,https://open.spotify.com/track/0WCEaydwN65cvwaW8aqptF
75,Happier,"Ed Sheeran",42094,https://open.spotify.com/track/2RttW7RAu5nOAfq6YFvApB
76,Perfect,"Ed Sheeran",41643,https://open.spotify.com/track/0tgVpDi06FyKpA1z0VMD4v
77,"How Far I'll Go - From ""Moana""","Alessia Cara",40472,https://open.spotify.com/track/5hYTyyh2odQKphUbMqc5gN
78,Congratulations,"Post Malone",39884,https://open.spotify.com/track/3a1lNhkSLSkpJE4MSHpDu9
79,"Ik Ga Weg",Boef,39240,https://open.spotify.com/track/7LQtFOR1rnk9T8cKtByX7k
80,Wejoow,Boef,38967,https://open.spotify.com/track/6oZuSPBQySlwY33BhdIm11
81,"CAN'T STOP THE FEELING! (Original Song from DreamWorks Animation's ""TROLLS"")","Justin Timberlake",38616,https://open.spotify.com/track/6JV2JOEocMgcZxYSZelKcc
82,Human,"Rag'n'Bone Man",38418,https://open.spotify.com/track/58zsLZPvfflaiIbNWoA22O
83,Everyday,"Ariana Grande",38097,https://open.spotify.com/track/3FiE2d325mIOc4YjkSLVJR
84,"One Dance",Drake,37625,https://open.spotify.com/track/1xznGGDReH1oQq0xzbwXa3
85,TG4M,"Zara Larsson",37388,https://open.spotify.com/track/4uoumbAMEMaKdtiv763jKz
86,"I'll Catch You - Original Mix",Angemi,37232,https://open.spotify.com/track/6G0WvujZuBfEcV3qnWYjTa
87,"Be The One","Dua Lipa",36391,https://open.spotify.com/track/7FCfMXYTIiQ9b4hDYs4Iol
88,Portland,Drake,35377,https://open.spotify.com/track/2bjwRfXMk4uRgOD9IBYl9h
89,Sexual,NEIKED,35175,https://open.spotify.com/track/3AsAuGTaDQzavZZThyYlop
90,Heatstroke,"Calvin Harris",34941,https://open.spotify.com/track/60APt5N2NRaKWf5xzJdzyC
91,"City Lights",Blanche,34873,https://open.spotify.com/track/3kXqUXnukwkpsxhW8emNC0
92,WADDISTJOM,"Van Echelpoel",34746,https://open.spotify.com/track/0o1cDEHf7Z2ApT9TeLkYyT
93,"XO TOUR Llif3","Lil Uzi Vert",34639,https://open.spotify.com/track/2eMwDehkIC1j68U6FA3Eiq
94,"Je m'en vais",Vianney,34342,https://open.spotify.com/track/2Vd1vVQaBilW0O6nmU5BkH
95,"Bad Bitch (feat. Ty Dolla $ign)","Bebe Rexha",34187,https://open.spotify.com/track/4ZJPwET9Jrgpkqi4Vo3Yg8
96,Blem,Drake,33492,https://open.spotify.com/track/2XlHu0HcujBCkWMdIAvrqt
97,"Lights Down Low",MAX,33289,https://open.spotify.com/track/1sYSP7gKa5kdKIfhANfori
98,"Fake Love",Drake,33038,https://open.spotify.com/track/343YBumqHu19cGoGARUTsd
99,"What Do I Know?","Ed Sheeran",32776,https://open.spotify.com/track/2pJZ1v8HezrAoZ0Fhzby92
100,"Don't Let Me Down","The Chainsmokers",32265,https://open.spotify.com/track/0QsvXIfqM0zZoerQfsI9lm
101,"Ciao Adios",Anne-Marie,32138,https://open.spotify.com/track/3EfugazgSddQvzZpkof5I4
102,"24K Magic","Bruno Mars",32026,https://open.spotify.com/track/6b8Be6ljOzmkOmFslEb23P
103,"Let Me Love You","DJ Snake",31991,https://open.spotify.com/track/4pdPtRcBmOSQDlJ3Fk945m
104,"do re mi",blackbear,31649,https://open.spotify.com/track/3Q3myFA7q4Op95DOpHplaY
105,"All Night","The Vamps",31538,https://open.spotify.com/track/1yNyoWWWikbLhwIGWjZuDW
106,"Wie Praat Die Gaat",Boef,31026,https://open.spotify.com/track/0VYKnG61teH9SpMqE3WBM8
107,"The Cure","Lady Gaga",30461,https://open.spotify.com/track/51PIvodunv6NmX5250zxAh
108,"This Girl (Kungs Vs. Cookin' On 3 Burners) - Kungs Vs. Cookin' On 3 Burners",Kungs,30222,https://open.spotify.com/track/0tICYNayWWhH9GPeFrfjfD
109,"In the Name of Love","Martin Garrix",30218,https://open.spotify.com/track/04DwTuZ2VBdJCCC5TROn7L
110,Starving,"Hailee Steinfeld",29581,https://open.spotify.com/track/1qOLh0tI7trd1zdDKxYZTe
111,"At My Best (feat. Hailee Steinfeld)","Machine Gun Kelly",28920,https://open.spotify.com/track/77lGafvlU68CeHgB2pkHC9
112,"Boeng - Boom - Uit Liefde Voor Muziek","Gers Pardoel",28841,https://open.spotify.com/track/2yDIoGRF99SdAdepskhTsC
113,Alone,"Alan Walker",28510,https://open.spotify.com/track/0JiVRyTJcJnmlwCZ854K4p
114,Goud,Bazart,28315,https://open.spotify.com/track/5J59VOgvclrhLDYUoH5OaW
115,"No Lie","Sean Paul",27985,https://open.spotify.com/track/3cFsmM51N5zMAuu1nNY4Tw
116,"Tempo (feat. Sevn Alias, Bko & Boef)",Jairzinho,27888,https://open.spotify.com/track/2YeKWxs3kfBFt7UduCEXub
117,"Love On The Brain",Rihanna,27139,https://open.spotify.com/track/2aksifNn5ph8igDOkPBA02
118,Dive,"Ed Sheeran",26911,https://open.spotify.com/track/51ChrwmUPDJvedPQnIU8Ls
119,Kangoeroe,Boef,26769,https://open.spotify.com/track/3F6whybjFrbMYRUvyZF60a
120,"Be Mine",Ofenbach,26690,https://open.spotify.com/track/2KklXplRtxMsBYo474Es0w
121,"Range Sessie (album intro)",Boef,26539,https://open.spotify.com/track/32LHcw3FjMQKNddzrQNYJ4
122,"The Other",Lauv,26098,https://open.spotify.com/track/1lntL1cI2UIWlxjL5QiN8g
123,"Thinking Out Loud","Ed Sheeran",25856,https://open.spotify.com/track/1Slwb6dOYkBlWal1PGtnNg
124,"Bad and Boujee (feat. Lil Uzi Vert)",Migos,25676,https://open.spotify.com/track/4Km5HrUvYTaSUfiSGPJeQR
125,"I Took A Pill In Ibiza - Seeb Remix","Mike Posner",25517,https://open.spotify.com/track/17Fd6Yb7mSbinKG8LoWfFl
126,"La vie est belle",Nassi,25451,https://open.spotify.com/track/4YDuN2wT9oCQDPvES6MwVv
127,Werken,Boef,25331,https://open.spotify.com/track/5VWSnSob84NAxS4ohVX9nd
128,"Love Me Now","John Legend",25290,https://open.spotify.com/track/6nxQdXa1uAL0rY72wPZu89
129,"Cheap Thrills",Sia,25250,https://open.spotify.com/track/27SdWb2rFzO6GWiYDBTD9j
130,"Body Like A Back Road","Sam Hunt",24968,https://open.spotify.com/track/7mldq42yDuxiUNn08nvzHO
131,"Treat You Better","Shawn Mendes",24878,https://open.spotify.com/track/4Hf7WnR761jpxPr5D46Bcd
132,"My Way","Calvin Harris",24783,https://open.spotify.com/track/1vvNmPOiUuyCbgWmtc6yfm
133,"Water Under the Bridge",Adele,24490,https://open.spotify.com/track/4vb4mFvYsr2h6enhjJsq9Y
134,Unforgettable,"French Montana",24466,https://open.spotify.com/track/1F2HXIJrE2Xn81OzT2zZvW
135,Barcelona,"Ed Sheeran",24435,https://open.spotify.com/track/3Lfiu5sZ4M4B6JaKMBc0FU
136,Photograph,"Ed Sheeran",24434,https://open.spotify.com/track/6fxVffaTuwjgEk5h9QyRjy
137,"Lost on You",LP,24402,https://open.spotify.com/track/3SqvR3HYLlCTYzbDXJ52OC
138,Heathens,"Twenty One Pilots",24308,https://open.spotify.com/track/6i0V12jOa3mr6uu4WYhUBr
139,"Fetty Wap",Boef,24077,https://open.spotify.com/track/75gJj5hYRFOi5LKCstPcaD
140,Faded,"Alan Walker",24071,https://open.spotify.com/track/7gHs73wELdeycvS48JfIos
141,Cocaïne,Boef,23918,https://open.spotify.com/track/4NqJPY7gqdMIZwl4O3mLYb
142,"Way Down We Go",Kaleo,23828,https://open.spotify.com/track/0y1QJc3SJVPKJ1OvFmFqe6
143,"All Night (feat. Knox Fortune)","Chance The Rapper",23774,https://open.spotify.com/track/60xaS8mYBKUW4VQQ666N0T
144,"I Got You","Bebe Rexha",23701,https://open.spotify.com/track/1FUViuNSldssMIawrOXF2i
145,"Cold Water (feat. Justin Bieber & MØ)","Major Lazer",23688,https://open.spotify.com/track/6DNtNfH8hXkqOX1sjqmI7p
146,Places,"Martin Solveig",23601,https://open.spotify.com/track/6O85MfGECKBqAK2MgSbCaj
147,"I Love You","Axwell /\ Ingrosso",23564,https://open.spotify.com/track/11Fo4dAH31K7UZHGqCkCmE
148,"Oceans Away","A R I Z O N A",23369,https://open.spotify.com/track/6A8dnC0xkiuWN4BshmTB2I
149,"Don't Leave",Snakehips,23265,https://open.spotify.com/track/0Zx8khUcEfCFK2AEoIhC92
150,"Tunnel Vision","Kodak Black",23074,https://open.spotify.com/track/4Q3N4Ct4zCuIHuZ65E3BD4
151,"Perfect Strangers","Jonas Blue",22948,https://open.spotify.com/track/1CUVN2kn7mW5FjkqXTR2W1
152,"Lean On (feat. MØ & DJ Snake)","Major Lazer",22748,https://open.spotify.com/track/4WjH9Bzt3kx7z8kl0awxh4
153,"Supermarket Flowers","Ed Sheeran",22519,https://open.spotify.com/track/4VuS959DSpr82t3qBqCrWG
154,"New Man","Ed Sheeran",22357,https://open.spotify.com/track/5HDPtsnyb3maFmPL8LLUTG
155,"How Would You Feel (Paean)","Ed Sheeran",22198,https://open.spotify.com/track/6PJ8FF6UR8FZXfEvpHkIVN
156,"Afro Trap Pt. 7 (La puissance)",MHD,22195,https://open.spotify.com/track/6x8j5V85ZJHtvOSjSamcVc
157,"The Night We Met","Lord Huron",22194,https://open.spotify.com/track/6mORGLOz79w6VsCRLWYYuK
158,Speciaal,Boef,22164,https://open.spotify.com/track/4GUyhTID6mBssYE4nz3DG1
159,"Oh bah oui",Lacrim,22116,https://open.spotify.com/track/0z18wqbjuXTxzaNm4oegU2
160,"The Ocean","Mike Perry",21939,https://open.spotify.com/track/2CPqh63wRVscbceKcPxwvv
161,"Love Yourself","Justin Bieber",21828,https://open.spotify.com/track/3hB5DgAiMAQ4DzYbsMq1IT
162,"7 Years","Lukas Graham",21815,https://open.spotify.com/track/7129iqBafaphfc3WPCGC0L
163,Hello,Adele,21686,https://open.spotify.com/track/4sPmO7WMQUAf45kwMOtONw
164,"Work from Home","Fifth Harmony",21660,https://open.spotify.com/track/4tCtwWceOPWzenK2HAIJSb
165,Mercy,"Shawn Mendes",21451,https://open.spotify.com/track/4TZy1wLyHec06pwgFYDh1a
166,"I Hear You Calling","DJ Licious",21441,https://open.spotify.com/track/4HJ3RCdktBHvejYUP70Fh0
167,"Don't Wanna Know","Maroon 5",21327,https://open.spotify.com/track/5MFzQMkrl1FOOng9tq6R9r
168,Beckham,Boef,21264,https://open.spotify.com/track/5XntxhFTQA3AFsREzI2H1p
169,"Just Hold On","Steve Aoki",21126,https://open.spotify.com/track/3EmmCZoqpWOTY1g2GBwJoR
170,"Until the End","Henri PFR",21076,https://open.spotify.com/track/61VEcQZQZUF4o7QgXsOFjB
171,"Light It Up (feat. Nyla & Fuse ODG) - Remix","Major Lazer",20926,https://open.spotify.com/track/0L7loeTIg6akW84aEQZpCT
172,"Hey Baby","Dimitri Vegas & Like Mike",20764,https://open.spotify.com/track/3oUZXcz9WLNO71yHAumFbH
173,Energie,"Ronnie Flex",20726,https://open.spotify.com/track/1riPE3NCV1OBmSXqpYiMJY
174,"Feel Good (feat. Daya)",Gryffin,20622,https://open.spotify.com/track/0NyOeqzqjVM9j7IuWp2oJ6
175,"Shed a Light","Robin Schulz",20484,https://open.spotify.com/track/1cG0umU5TKStygKsPFZ9pY
176,"Stressed Out","Twenty One Pilots",20445,https://open.spotify.com/track/3CRDbSIZ4r5MsZ0YwxuEkn
177,"Slecht Blijft (Bonus)",Boef,20406,https://open.spotify.com/track/5wbELbOJDwV9tU1wZYJdkz
178,"This Is What You Came For","Calvin Harris",20398,https://open.spotify.com/track/0azC730Exh71aQlOt9Zj3y
179,"Million Eyes","Loïc Nottet",20314,https://open.spotify.com/track/63qapUS8yLKz0tb0eOgOTF
180,"Take Me To Church",Hozier,20312,https://open.spotify.com/track/0IqKeD8ZSP72KbGYyzEcAs
181,"Hear Me Now",Alok,20118,https://open.spotify.com/track/1a5Yu5L18qNxVhXx38njON
182,"Black Beatles","Rae Sremmurd",20051,https://open.spotify.com/track/6fujklziTHa8uoM5OQSfIo
183,"Mud Blood","Loïc Nottet",19960,https://open.spotify.com/track/08O9ITh2Pj9xEA0IVRuIDV
184,"Break Up Every Night","The Chainsmokers",19951,https://open.spotify.com/track/6cPyTS0Kk2sc4xQwC93kOg
185,September,"Earth, Wind & Fire",19950,https://open.spotify.com/track/1mqlc0vEP9mU1kZgTi6LIQ
186,"Let It Go","James Bay",19627,https://open.spotify.com/track/13HVjjWUZFaWilh2QUJKsP
187,"Ik Wil Je Terug (Uit Liefde Voor Muziek)",Clouseau,19627,https://open.spotify.com/track/5yjEDJNnBbHU3TLAiPvwJs
188,"I Would Like","Zara Larsson",19554,https://open.spotify.com/track/4Q4jmPHwu0wrJvqrld0FQ6
189,Kopzorgen,Boef,19541,https://open.spotify.com/track/3tIF7WC5lSAzBtFLP8LxQP
190,"We Don't Talk Anymore (feat. Selena Gomez)","Charlie Puth",19520,https://open.spotify.com/track/68EMU2RD1ECNeOeJ5qAXCV
191,Tchoin,Kaaris,19500,https://open.spotify.com/track/0ban5QRXUveaKtQPGuaoQ9
192,Panda,Desiigner,19485,https://open.spotify.com/track/5OOkp4U9P9oL23maHFHL1h
193,"Zeg Mij",Boef,19359,https://open.spotify.com/track/3cr07R8m2voOPbk1yQj1DI
194,"All of Me","John Legend",19353,https://open.spotify.com/track/2q6tgiA9tpb6DMguABwCWE
195,"Lose Yourself - Soundtrack Version",Eminem,19349,https://open.spotify.com/track/5Z01UMMf7V1o0MzF86s6WJ
196,"Afro Trap Pt. 8 (Never)",MHD,19298,https://open.spotify.com/track/1MUxJxub6ovS0rzTHRgyoF
197,"Tied Up","The Magician",19296,https://open.spotify.com/track/4MbrdTZFLCP2LLQEL42KIH
198,"Helium - From ""Fifty Shades Darker (Original Motion Picture Soundtrack)""",Sia,19254,https://open.spotify.com/track/5fc6rQgAKiLutfUYWQ6QnJ
199,"Wonderwall - Remastered",Oasis,19078,https://open.spotify.com/track/5qqabIl2vWzo9ApSC317sa
200,"Side To Side","Ariana Grande",19007,https://open.spotify.com/track/4pLwZjInHj3SimIyN9SnOz
