Position,"Track Name",Artist,Streams,URL
1,"Shape of You","Ed Sheeran",218161,https://open.spotify.com/track/7qiZfU4dY1lWllzX7mPBI3
2,"It Ain't Me (with Selena Gomez)",Kygo,148185,https://open.spotify.com/track/3eR23VReFzcdmS7TYCrhCe
3,"Something Just Like This","The Chainsmokers",127986,https://open.spotify.com/track/6RUKPb4LETWmmr3iAEQktW
4,"Galway Girl","Ed Sheeran",120577,https://open.spotify.com/track/0afhq8XCExXpqazXczTSve
5,"Castle on the Hill","Ed Sheeran",112332,https://open.spotify.com/track/6PCUP3dWmTjcTtXY02oFdT
6,Paris,"The Chainsmokers",111603,https://open.spotify.com/track/72jbDTw1piOOj770jWNeaG
7,"I Don’t Wanna Live Forever (Fifty Shades Darker) - From ""Fifty Shades Darker (Original Motion Picture Soundtrack)""",ZAYN,109656,https://open.spotify.com/track/3NdDpSvN911VPGivFlV5d0
8,Tuesday,"Burak Yeter",108147,https://open.spotify.com/track/7abpmGpF7PGep2rDU68GBR
9,"Stay (with Alessia Cara)",Zedd,100432,https://open.spotify.com/track/0dA2Mk56wEzDgegdC6R17g
10,"Scared to Be Lonely","Martin Garrix",96361,https://open.spotify.com/track/3ebXMykcMXOcLeJ9xZ17XH
11,"Solo Dance","Martin Jensen",95157,https://open.spotify.com/track/6HUnnBwYZqcED1eQztxMBN
12,Believer,"Imagine Dragons",91783,https://open.spotify.com/track/0CcQNd8CINkwQfe1RDtGV6
13,"Call On Me - Ryan Riback Extended Remix",Starley,84342,https://open.spotify.com/track/78rIJddV4X0HkNAInEcYde
14,"Chained To The Rhythm","Katy Perry",83860,https://open.spotify.com/track/6520aj0B4FSKGVuKNsOCOi
15,"All Time Low","Jon Bellion",78826,https://open.spotify.com/track/1CnPYaKxTVb4LWOtiGOm0m
16,Weak,AJR,71153,https://open.spotify.com/track/3E2Zh20GDCR9B1EYjfXWyv
17,Issues,"Julia Michaels",69451,https://open.spotify.com/track/1sXUWdKx03aP9Gmzft58rt
18,Happier,"Ed Sheeran",69288,https://open.spotify.com/track/2RttW7RAu5nOAfq6YFvApB
19,Perfect,"Ed Sheeran",66886,https://open.spotify.com/track/0tgVpDi06FyKpA1z0VMD4v
20,"Rockabye (feat. Sean Paul & Anne-Marie)","Clean Bandit",66246,https://open.spotify.com/track/5knuzwU65gJK7IF5yJsuaW
21,Alone,"Alan Walker",64874,https://open.spotify.com/track/0JiVRyTJcJnmlwCZ854K4p
22,Skin,"Rag'n'Bone Man",64593,https://open.spotify.com/track/6y2Kaz9QI01XBKJ8mTb7Pf
23,"Green Light",Lorde,63458,https://open.spotify.com/track/0gbBzIqrECJOEPvQJIBFs5
24,"Run Up (feat. PARTYNEXTDOOR & Nicki Minaj)","Major Lazer",61219,https://open.spotify.com/track/0fg8CqpjdojMyXLNzM2PaJ
25,"What Do I Know?","Ed Sheeran",61054,https://open.spotify.com/track/2pJZ1v8HezrAoZ0Fhzby92
26,"Way Down We Go",Kaleo,60714,https://open.spotify.com/track/0y1QJc3SJVPKJ1OvFmFqe6
27,"You Don't Know Me - Radio Edit","Jax Jones",59554,https://open.spotify.com/track/00lNx0OcTJrS3MKHcB80HY
28,"Just Hold On","Steve Aoki",59436,https://open.spotify.com/track/3EmmCZoqpWOTY1g2GBwJoR
29,"Despacito (Featuring Daddy Yankee)","Luis Fonsi",58280,https://open.spotify.com/track/4aWmUDTfIPGksMNLV2rQP2
30,"Bad Ideas","Alle Farben",57783,https://open.spotify.com/track/76gwG061wqdatYhicO2hG4
31,Slide,"Calvin Harris",57735,https://open.spotify.com/track/7tr2za8SQg2CI8EDgrdtNl
32,"Shed a Light","Robin Schulz",57123,https://open.spotify.com/track/1cG0umU5TKStygKsPFZ9pY
33,"All Night","The Vamps",55574,https://open.spotify.com/track/1yNyoWWWikbLhwIGWjZuDW
34,"Lot to Learn","Luke Christopher",54615,https://open.spotify.com/track/3TRFq09DUgYj1mug6RRqJW
35,"New Man","Ed Sheeran",53919,https://open.spotify.com/track/5HDPtsnyb3maFmPL8LLUTG
36,Bungalow,Bilderbuch,53527,https://open.spotify.com/track/0xCXcq4y44uHJtJ7zZDF3d
37,Cold,"Maroon 5",51899,https://open.spotify.com/track/5NNlUMcOEOdoOIwwaWXv0k
38,Dive,"Ed Sheeran",51245,https://open.spotify.com/track/51ChrwmUPDJvedPQnIU8Ls
39,Closer,"The Chainsmokers",50620,https://open.spotify.com/track/7BKLCZ1jbUBVqRi2FVlTVw
40,"Say You Won't Let Go","James Arthur",50298,https://open.spotify.com/track/5uCax9HTNlzGybIStD3vDh
41,"Shooting Stars","Bag Raiders",49641,https://open.spotify.com/track/0UeYCHOETPfai02uskjJ3x
42,"Steady 1234 (feat. Jasmine Thompson & Skizzy Mars)",Vice,48030,https://open.spotify.com/track/40UroIGvsMPLPBYwH8rMNA
43,"How Far I'll Go - From ""Moana""","Alessia Cara",47239,https://open.spotify.com/track/5hYTyyh2odQKphUbMqc5gN
44,"September Song","JP Cooper",46523,https://open.spotify.com/track/0FuTx2s3YH1ppmtiM6l0zI
45,"Supermarket Flowers","Ed Sheeran",45986,https://open.spotify.com/track/4VuS959DSpr82t3qBqCrWG
46,Barcelona,"Ed Sheeran",44719,https://open.spotify.com/track/3Lfiu5sZ4M4B6JaKMBc0FU
47,"Nancy Mulligan","Ed Sheeran",43687,https://open.spotify.com/track/35QZaWQRkmnAVqBF1TLCxQ
48,"I Feel It Coming","The Weeknd",43159,https://open.spotify.com/track/5GXAXm5YOmYT0kL5jHvYBt
49,Eraser,"Ed Sheeran",42477,https://open.spotify.com/track/7oolFzHipTMg2nL7shhdz2
50,"Mask Off",Future,41045,https://open.spotify.com/track/3rOSwuTsUlJp0Pu0MkN8r8
51,"How Would You Feel (Paean)","Ed Sheeran",40387,https://open.spotify.com/track/6PJ8FF6UR8FZXfEvpHkIVN
52,"Eine ins Leben","Pizzera & Jaus",38094,https://open.spotify.com/track/1tdohH49HMAFjlp1QSo6j8
53,"Never Give Up",Sia,34458,https://open.spotify.com/track/1ssmjAYSU5PbmsjLq5yrNH
54,"Sunset Lover","Petit Biscuit",34436,https://open.spotify.com/track/0hNduWmlWmEmuwEFcYvRu1
55,"Swalla (feat. Nicki Minaj & Ty Dolla $ign)","Jason Derulo",34340,https://open.spotify.com/track/6kex4EBAj0WHXDKZMEJaaF
56,"Hearts Don't Break Around Here","Ed Sheeran",34145,https://open.spotify.com/track/2dfHh7ECGxfNqZTQno09Vk
57,Chöre,"Mark Forster",33804,https://open.spotify.com/track/2nYpbaLykC2cjU8Yt5KF1v
58,"Scars To Your Beautiful","Alessia Cara",33530,https://open.spotify.com/track/0prNGof3XqfTvNDxHonvdK
59,"Ohne mein Team","Bonez MC",32883,https://open.spotify.com/track/05Mp2UJulSttxQ4E6hQPH3
60,"No Lie","Sean Paul",32473,https://open.spotify.com/track/3cFsmM51N5zMAuu1nNY4Tw
61,"Love On The Brain",Rihanna,31933,https://open.spotify.com/track/2aksifNn5ph8igDOkPBA02
62,Places,"Martin Solveig",31356,https://open.spotify.com/track/6O85MfGECKBqAK2MgSbCaj
63,"Now and Later","Sage The Gemini",30389,https://open.spotify.com/track/43jBqV3j3Xi1g6wO0bhIMd
64,Starboy,"The Weeknd",30332,https://open.spotify.com/track/5aAx2yezTd8zXrkmtKl66Z
65,"Don't Leave",Snakehips,29731,https://open.spotify.com/track/0Zx8khUcEfCFK2AEoIhC92
66,"Bibia Be Ye Ye","Ed Sheeran",29399,https://open.spotify.com/track/6SznMYPQJHzr3IwsAHLId2
67,"That's What I Like","Bruno Mars",29159,https://open.spotify.com/track/0KKkJNfGyhkQ5aFogxQAPU
68,Chantaje,Shakira,29008,https://open.spotify.com/track/6mICuAdrwEjh6Y6lroV2Kg
69,"Hear Me Now",Alok,28885,https://open.spotify.com/track/1a5Yu5L18qNxVhXx38njON
70,"Save Myself","Ed Sheeran",27013,https://open.spotify.com/track/6TIU9Ehmi6dMzZK73Ym4yj
71,Jedermann,"Pizzera & Jaus",25520,https://open.spotify.com/track/4rkEjyRMjc6rcj7WROZ9XK
72,"iSpy (feat. Lil Yachty)",KYLE,25252,https://open.spotify.com/track/2EEeOnHehOozLq4aS0n6SL
73,Cocoon,"Milky Chance",24536,https://open.spotify.com/track/0L87MffumRNWrY2SNUFcvs
74,Human,"Rag'n'Bone Man",24355,https://open.spotify.com/track/58zsLZPvfflaiIbNWoA22O
75,"Loin - Pilule Violette","Maître Gims",24231,https://open.spotify.com/track/3up1uPuvL5vkfJ6aOeSRtD
76,"I Got You","Bebe Rexha",24138,https://open.spotify.com/track/1FUViuNSldssMIawrOXF2i
77,Congratulations,"Post Malone",24029,https://open.spotify.com/track/3a1lNhkSLSkpJE4MSHpDu9
78,"Let Me Love You","DJ Snake",23607,https://open.spotify.com/track/4pdPtRcBmOSQDlJ3Fk945m
79,"Bad and Boujee (feat. Lil Uzi Vert)",Migos,23052,https://open.spotify.com/track/4Km5HrUvYTaSUfiSGPJeQR
80,Starving,"Hailee Steinfeld",22837,https://open.spotify.com/track/1qOLh0tI7trd1zdDKxYZTe
81,"iPhone 17 (feat. Moé)","KC Rebell",22254,https://open.spotify.com/track/6rwCkGBh7CV6pcdxZKbcsG
82,"Two Princes - Radio Mix","Fake Pictures",22208,https://open.spotify.com/track/1iTKkkgXj8kJkGdjGGBFqL
83,"In the Name of Love","Martin Garrix",22139,https://open.spotify.com/track/04DwTuZ2VBdJCCC5TROn7L
84,Heathens,"Twenty One Pilots",21779,https://open.spotify.com/track/6i0V12jOa3mr6uu4WYhUBr
85,"Hey Baby","Dimitri Vegas & Like Mike",21379,https://open.spotify.com/track/3oUZXcz9WLNO71yHAumFbH
86,Boyfriends,"Marco Wagner",20669,https://open.spotify.com/track/2tUxTQSGGteM7HljpqWU6J
87,"My Way","Calvin Harris",20634,https://open.spotify.com/track/1vvNmPOiUuyCbgWmtc6yfm
88,Diamanten,"Kontra K",20556,https://open.spotify.com/track/0RE7AgMKdpcvRkK7EhNoBs
89,Down,"Marian Hill",20542,https://open.spotify.com/track/2dqLk7ezV15LEJEwUmEbXB
90,Legacy,Kollegah,20539,https://open.spotify.com/track/3rJiFJImuDB1FvC1RXdth6
91,"Don't Let Me Down","The Chainsmokers",20451,https://open.spotify.com/track/0QsvXIfqM0zZoerQfsI9lm
92,"Oceans Away","A R I Z O N A",20189,https://open.spotify.com/track/6A8dnC0xkiuWN4BshmTB2I
93,"Would I Lie To You - Radio Edit","David Guetta",20036,https://open.spotify.com/track/4PdJSsESm34djLfBde9Pr2
94,HandClap,"Fitz and The Tantrums",20010,https://open.spotify.com/track/7j56HrjR9cGzvekvZY3Faz
95,Cake,"Flo Rida",19980,https://open.spotify.com/track/6t2ubAB4iSYOuIpRAOGd4t
96,"Love On Me",Galantis,19925,https://open.spotify.com/track/2MHCiOohBZEQuLgDTPvSzF
97,Kokaina,"Miami Yacine",19840,https://open.spotify.com/track/2KHbPYI22yWIOgWUsApYIS
98,"The Ocean","Mike Perry",19829,https://open.spotify.com/track/2CPqh63wRVscbceKcPxwvv
99,Faded,"Alan Walker",19621,https://open.spotify.com/track/7gHs73wELdeycvS48JfIos
100,"One Dance",Drake,19081,https://open.spotify.com/track/1xznGGDReH1oQq0xzbwXa3
101,"Wenn sie tanzt","Max Giesinger",18861,https://open.spotify.com/track/5yKfZwcuSoEkOemLJX6hEm
102,Wieso?,Zuna,18786,https://open.spotify.com/track/7mdlZsVJD6HcPuwS3k7e68
103,"El Amante","Nicky Jam",18734,https://open.spotify.com/track/3umS4y3uQDkqekNjVpiRUs
104,History,"Olivia Holt",18703,https://open.spotify.com/track/0WCEaydwN65cvwaW8aqptF
105,"Palmen aus Plastik","Bonez MC",18676,https://open.spotify.com/track/6wHRm1KR8pzVDPdmR6Qovj
106,"Bounce Back","Big Sean",18663,https://open.spotify.com/track/0SGkqnVQo9KPytSri1H6cF
107,"Romantic - NOTD Remix",Stanaj,18460,https://open.spotify.com/track/3SGWp9fJCzgK0WcpcKSQdy
108,Mercy,"Shawn Mendes",18292,https://open.spotify.com/track/4TZy1wLyHec06pwgFYDh1a
109,"Water Under the Bridge",Adele,17474,https://open.spotify.com/track/4vb4mFvYsr2h6enhjJsq9Y
110,"Dye My Hair",ALMA,17438,https://open.spotify.com/track/5NafFxaLg9Ep21oTHBw7Zq
111,"Cold Water (feat. Justin Bieber & MØ)","Major Lazer",17409,https://open.spotify.com/track/6DNtNfH8hXkqOX1sjqmI7p
112,"Dynamite (feat. Pretty Sister)",Nause,16975,https://open.spotify.com/track/2Ae5awwKvQpTBKQHr1TYCg
113,"Treat You Better","Shawn Mendes",16524,https://open.spotify.com/track/4Hf7WnR761jpxPr5D46Bcd
114,"Love Me Now","John Legend",16504,https://open.spotify.com/track/6nxQdXa1uAL0rY72wPZu89
115,"No Roots","Alice Merton",16305,https://open.spotify.com/track/4bPWDXpN6MlTZBedxega3X
116,"Sucker For Pain (with Wiz Khalifa, Imagine Dragons, Logic & Ty Dolla $ign feat. X Ambassadors)","Lil Wayne",16278,https://open.spotify.com/track/4dASQiO1Eoo3RJvt74FtXB
117,Touch,"Little Mix",16093,https://open.spotify.com/track/5Ua3GXyHwiSfpNTMjq6m2z
118,"Helium - From ""Fifty Shades Darker (Original Motion Picture Soundtrack)""",Sia,16045,https://open.spotify.com/track/5fc6rQgAKiLutfUYWQ6QnJ
119,"The Mack",Nevada,15910,https://open.spotify.com/track/7aV2mflaASUmGhCErm7kBO
120,"I Would Like","Zara Larsson",15824,https://open.spotify.com/track/4Q4jmPHwu0wrJvqrld0FQ6
121,"Stressed Out","Twenty One Pilots",15678,https://open.spotify.com/track/3CRDbSIZ4r5MsZ0YwxuEkn
122,Ride,"Twenty One Pilots",15457,https://open.spotify.com/track/2Z8WuEywRWYTKe1NybPQEW
123,"Don't Wanna Know","Maroon 5",15226,https://open.spotify.com/track/5MFzQMkrl1FOOng9tq6R9r
124,"All We Know","The Chainsmokers",15174,https://open.spotify.com/track/2rizacJSyD9S1IQUxUxnsK
125,"Fake Love",Drake,15149,https://open.spotify.com/track/343YBumqHu19cGoGARUTsd
126,"Black Beatles","Rae Sremmurd",15140,https://open.spotify.com/track/6fujklziTHa8uoM5OQSfIo
127,"SUBEME LA RADIO","Enrique Iglesias",15107,https://open.spotify.com/track/7nKBxz47S9SD79N086fuhn
128,"Absätze > Hauptsätze","Pizzera & Jaus",15076,https://open.spotify.com/track/0Xt07wEnASnw91iFJ1su1j
129,"Cheap Thrills",Sia,15045,https://open.spotify.com/track/27SdWb2rFzO6GWiYDBTD9j
130,"No Frauds","Nicki Minaj",14949,https://open.spotify.com/track/7KcGEssn7BnJdTgildK5y0
131,"Feel Good (feat. Daya)",Gryffin,14909,https://open.spotify.com/track/0NyOeqzqjVM9j7IuWp2oJ6
132,"Savage (feat. Flux Pavilion & MAX)",Whethan,14872,https://open.spotify.com/track/1Rl40PsX4mh9xVOeGHq86B
133,"Heavy (feat. Kiiara)","Linkin Park",14843,https://open.spotify.com/track/104buTcnP2AsxqB7U1FIZ4
134,Selfish,Future,14826,https://open.spotify.com/track/2Ce5IyMlVRVvN997ZJjJJA
135,"CAN'T STOP THE FEELING! (Original Song from DreamWorks Animation's ""TROLLS"")","Justin Timberlake",14647,https://open.spotify.com/track/6JV2JOEocMgcZxYSZelKcc
136,"Fresh Eyes","Andy Grammer",14581,https://open.spotify.com/track/4nMlau89VAjmV7agkl7OY3
137,"Ciao Adios",Anne-Marie,14559,https://open.spotify.com/track/3EfugazgSddQvzZpkof5I4
138,"Whispering Still (feat. Charity Children) - Little Rose Remix",SRTW,14404,https://open.spotify.com/track/3D3Tkk0d9UmECpH5Fprmuv
139,"Oceans Away - Sam Feldt Remix","A R I Z O N A",14396,https://open.spotify.com/track/78mNkiUBAwHqjT0QOeEqqg
140,Waterfall,Stargate,14356,https://open.spotify.com/track/7pYFPMeK0TnaTGdS6qOtEr
141,"This Girl (Kungs Vs. Cookin' On 3 Burners) - Kungs Vs. Cookin' On 3 Burners",Kungs,14276,https://open.spotify.com/track/0tICYNayWWhH9GPeFrfjfD
142,"Don't Kill My Vibe",Sigrid,14242,https://open.spotify.com/track/4WdCxlUyj3TCTBaJx5s9tF
143,Photograph,"Ed Sheeran",14189,https://open.spotify.com/track/6fxVffaTuwjgEk5h9QyRjy
144,Sex,"Cheat Codes",14173,https://open.spotify.com/track/5DA77EqppDmCTWGovd4oTP
145,Love,"Lana Del Rey",14157,https://open.spotify.com/track/0n2bvWvMwr0gbjcuTm92eW
146,Cazal,Zuna,14113,https://open.spotify.com/track/0w6O1J8NjXRgD2uWOIBBqT
147,"Your Soul (Holding On)",RHODES,14111,https://open.spotify.com/track/4nxvRweTK5ZZhbH3G7PuEn
148,"Final Song",MØ,14105,https://open.spotify.com/track/4qqArAiTPueDxIp7cf87h7
149,"Light It Up (feat. Nyla & Fuse ODG) - Remix","Major Lazer",14042,https://open.spotify.com/track/0L7loeTIg6akW84aEQZpCT
150,"Bad Things (with Camila Cabello)","Machine Gun Kelly",13985,https://open.spotify.com/track/1PSBzsahR2AKwLJgx8ehBj
151,"Lose Yourself - Soundtrack Version",Eminem,13876,https://open.spotify.com/track/5Z01UMMf7V1o0MzF86s6WJ
152,Capsize,FRENSHIP,13825,https://open.spotify.com/track/2XMTqoHHSH0lvuXrvIEdco
153,"An ihnen vorbei","Bonez MC",13772,https://open.spotify.com/track/7istTRCq9OK5cEC8sPAc50
154,"'Till I Collapse",Eminem,13740,https://open.spotify.com/track/6yr8GiTHWvFfi4o6Q5ebdT
155,Alarm,Anne-Marie,13716,https://open.spotify.com/track/0OwX5aROoW1Iip8FV51Efg
156,Baba,Bilderbuch,13698,https://open.spotify.com/track/3CUsYy61rwbmpi6bHDnuD4
157,"I Was Wrong - Robin Schulz Remix","A R I Z O N A",13688,https://open.spotify.com/track/3TZ3MiMILR5wrQbbWiFUwI
158,"Miss You","James Hersey",13531,https://open.spotify.com/track/7of1slAJIWrXxP8ikAHxje
159,"By Your Side","Jonas Blue",13518,https://open.spotify.com/track/1D3ODoXHBLpdxolZRHWV1j
160,"Side To Side","Ariana Grande",13421,https://open.spotify.com/track/4pLwZjInHj3SimIyN9SnOz
161,"Only One - Radio Edit",Sigala,13410,https://open.spotify.com/track/5ev0Z2lFzmhjlQCWpRAWiG
162,Bonfire,"Felix Jaehn",13402,https://open.spotify.com/track/5hz9DEkahyWoTs3rxJOTtw
163,"Old School","Urban Cone",13383,https://open.spotify.com/track/41kE0bBBpwPUZEZKxSIROh
164,Living,Bakermat,13230,https://open.spotify.com/track/63Qco1ncI5U4qEUnxL1DsH
165,"It's Gotta Be You",Isaiah,13215,https://open.spotify.com/track/6cAKeFFYW2aClZSUyvqAEW
166,"Break My Habits",Topic,13108,https://open.spotify.com/track/5DunkTHxwszBIlEdBeyU6q
167,"I Took A Pill In Ibiza - Seeb Remix","Mike Posner",13075,https://open.spotify.com/track/17Fd6Yb7mSbinKG8LoWfFl
168,"24K Magic","Bruno Mars",12864,https://open.spotify.com/track/6b8Be6ljOzmkOmFslEb23P
169,"Irgendwas (feat. Bengio)","Yvonne Catterfeld",12839,https://open.spotify.com/track/3qlF4ENgFTbAbPZfFF9lxt
170,"Whole Heart",Gryffin,12778,https://open.spotify.com/track/2lFRw6rPXivo6kNmghePcK
171,Maschin,Bilderbuch,12742,https://open.spotify.com/track/2Lg1njXKvhgv72U9QkrwXi
172,"Thinking Out Loud","Ed Sheeran",12730,https://open.spotify.com/track/1Slwb6dOYkBlWal1PGtnNg
173,"Lighthouse - Andrelli Remix","Hearts & Colors",12726,https://open.spotify.com/track/04CttTezSnv71USiiG9mIo
174,"Palmen aus Gold","Bonez MC",12671,https://open.spotify.com/track/0t4v7Q4yzb9SOQohayL33W
175,"The Sound Of Silence",Disturbed,12653,https://open.spotify.com/track/0eZBeB2xFIS65jQHerispi
176,"Dancing On My Own","Calum Scott",12650,https://open.spotify.com/track/02WacdrRpm4zlP8H7X6bnQ
177,"Move Your Body - Alan Walker Remix",Sia,12603,https://open.spotify.com/track/6LUOMjoORvAkdhBYvESO46
178,"Wake Up Where You Are","State of Sound",12600,https://open.spotify.com/track/2s76aKBWKShlwPC4xTtEEE
179,Love$ick,"Mura Masa",12599,https://open.spotify.com/track/5v9N8Rx3QsFvr50cxyQcA3
180,"The Other",Lauv,12595,https://open.spotify.com/track/1lntL1cI2UIWlxjL5QiN8g
181,Mörder,"Bonez MC",12575,https://open.spotify.com/track/6v6xHeuMLbCuddN0ETrGhs
182,"Diamant - Love Hotel Band","Yung Hurn",12518,https://open.spotify.com/track/6aQGDQzLLK28BhQiarLPfv
183,Panda,Desiigner,12472,https://open.spotify.com/track/5OOkp4U9P9oL23maHFHL1h
184,"Work from Home","Fifth Harmony",12248,https://open.spotify.com/track/4tCtwWceOPWzenK2HAIJSb
185,"Ham kummst","SEILER UND SPEER",12241,https://open.spotify.com/track/30t2cItUPY7CvZOup7zptn
186,"I Feel So Bad",Kungs,12208,https://open.spotify.com/track/6iTVIAqZpHmCK9jrpDyDVo
187,"Last Resort","Papa Roach",12178,https://open.spotify.com/track/5eek2X5459T1HoYJk2CKXv
188,"Sing Me to Sleep","Alan Walker",12155,https://open.spotify.com/track/2Fjz5ZC5BvFdCqcnTZ3ilH
189,"Sooner Or Later","Aaron Carter",11700,https://open.spotify.com/track/6wV12xIUb8oFY7lBy4KuQe
190,Liability,Lorde,11603,https://open.spotify.com/track/0or0gNaKAXYYCsOrpvRzAu
191,"Dancing On My Own - Tiësto Remix","Calum Scott",11541,https://open.spotify.com/track/014J7jX1wSv0manSdRnveo
192,"Let's Hurt Tonight",OneRepublic,11527,https://open.spotify.com/track/1oc4kHthIpfa2jQnIL33GE
193,"Love Me","Jane XØ",11526,https://open.spotify.com/track/1kFJTEnAvJ70S5mXplUAFR
194,"Love Yourself","Justin Bieber",11474,https://open.spotify.com/track/3hB5DgAiMAQ4DzYbsMq1IT
195,"Without Me",Eminem,11453,https://open.spotify.com/track/7lQ8MOhq6IN2w8EYcFNSUk
196,"I Love You","Axwell /\ Ingrosso",11403,https://open.spotify.com/track/11Fo4dAH31K7UZHGqCkCmE
197,"Lush Life","Zara Larsson",11367,https://open.spotify.com/track/1rIKgCH4H52lrvDcz50hS8
198,"Fast Car","Jonas Blue",11256,https://open.spotify.com/track/6OZh916QF8XNunWaP97WEZ
199,Minimum,"Charlie Cunningham",11246,https://open.spotify.com/track/1nTgtGpUoKpA97ZbgZPiZR
200,"Lean On (feat. MØ & DJ Snake)","Major Lazer",11207,https://open.spotify.com/track/4WjH9Bzt3kx7z8kl0awxh4
