Position,"Track Name",Artist,Streams,URL
1,"Despacito (Featuring Daddy Yankee)","Luis Fonsi",1120245,https://open.spotify.com/track/4aWmUDTfIPGksMNLV2rQP2
2,"Me Rehúso","Danny Ocean",1042981,https://open.spotify.com/track/6De0lHrwBfPfrhorm9q1Xl
3,"Shape of You","Ed Sheeran",874303,https://open.spotify.com/track/7qiZfU4dY1lWllzX7mPBI3
4,"El Amante","Nicky Jam",796177,https://open.spotify.com/track/3umS4y3uQDkqekNjVpiRUs
5,"Sola (Remix) [feat. Daddy Yankee, Wisin, Farruko, Zion & Lennox]","Anuel Aa",717524,https://open.spotify.com/track/5q2JbCNi4FcnglgPfxcV65
6,"Otra Vez (feat. J Balvin)","Zion & Lennox",652552,https://open.spotify.com/track/3QwBODjSEzelZyVjxPOHdq
7,"Reggaetón Lento (Bailemos)",CNCO,622589,https://open.spotify.com/track/3AEZUABDXNtecAOSC1qTfo
8,"Sigo Extrañándote","J Balvin",620276,https://open.spotify.com/track/6qDF4wWL49CAVbgT7yuHl8
9,"SUBEME LA RADIO","Enrique Iglesias",620039,https://open.spotify.com/track/7nKBxz47S9SD79N086fuhn
10,"La Rompe Corazones","Daddy Yankee",619980,https://open.spotify.com/track/4okba5wu9mMLXx79DXLKi3
11,"Te Quiero Pa´Mi","Don Omar",586600,https://open.spotify.com/track/3BY2mafsbsoKGqS380Xnuz
12,"Escápate Conmigo",Wisin,578986,https://open.spotify.com/track/2cnKEkpVUSV4wnjQiTWfH6
13,Amárrame,"Mon Laferte",549303,https://open.spotify.com/track/0u13src3QcditRU5VPduML
14,Chantaje,Shakira,547284,https://open.spotify.com/track/6mICuAdrwEjh6Y6lroV2Kg
15,"Ahora Dice","Chris Jeday",521415,https://open.spotify.com/track/22eADXu8DfOAUEDw4vU8qy
16,"Ay Mi Dios",IAmChino,506863,https://open.spotify.com/track/6stYbAJgTszHAHZMPxWWCY
17,"Me Llamas (feat. Maluma) - Remix","Piso 21",482050,https://open.spotify.com/track/5hEM0JchdVzQ5PwvSfITeX
18,"Caile (feat. Zion & De La Ghetto)",Revol,468902,https://open.spotify.com/track/626rYyBfeAeleh1F5t4B70
19,Vacaciones,Wisin,466143,https://open.spotify.com/track/3dQDid3IUNhZy1OehIfYfE
20,"Soy Peor","Bad Bunny",457532,https://open.spotify.com/track/5MT96Zz0ymUJNm8obKZQr0
21,"Si Tu Novio Te Deja Sola","J Balvin",453277,https://open.spotify.com/track/0RFFFGtPn6a58RHY3ccVYX
22,Safari,"J Balvin",450055,https://open.spotify.com/track/6rQSrBHf7HlZjtcMZ4S4bO
23,"Tu Falta De Querer","Mon Laferte",444737,https://open.spotify.com/track/4skuEIloXWuxxgekKupkEH
24,"Vente Pa' Ca","Ricky Martin",420040,https://open.spotify.com/track/7DM4BPaS7uofFul3ywMe46
25,"I Feel It Coming","The Weeknd",402302,https://open.spotify.com/track/5GXAXm5YOmYT0kL5jHvYBt
26,"Cuatro Babys",Maluma,377178,https://open.spotify.com/track/0JoHqmlqE0W0i9prt6kcHR
27,"Hey Ma (with Pitbull & J Balvin feat. Camila Cabello) - Spanish Version",Pitbull,367447,https://open.spotify.com/track/2Vdub5mY4lad7w64bFPUez
28,"Bailame Despacio",Xantos,358284,https://open.spotify.com/track/4OaTpLJIa2harufGxfOPUu
29,"Let Me Love You","DJ Snake",356113,https://open.spotify.com/track/4pdPtRcBmOSQDlJ3Fk945m
30,"Amor Completo","Mon Laferte",342835,https://open.spotify.com/track/00kIWJu9IHiQ6i0qJAU0Z9
31,"Dile Que Tu Me Quieres",Ozuna,331844,https://open.spotify.com/track/20ZAJdsKB5IGbGj4ilRt2o
32,"Borro Cassette",Maluma,323362,https://open.spotify.com/track/6DUdDIRgLqCGq1DwkNWQTN
33,"Gyal You A Party Animal - Remix","Charly Black",322443,https://open.spotify.com/track/1AkTW13ysu0AJrwuM6UY0I
34,"Traicionera - Remix","Sebastian Yatra",320461,https://open.spotify.com/track/2webQDZmtGioeu3zUUi9We
35,"Alguien Robo","Sebastian Yatra",313740,https://open.spotify.com/track/5i50gKdLAjjIr7UxRT5IVy
36,Starboy,"The Weeknd",306608,https://open.spotify.com/track/5aAx2yezTd8zXrkmtKl66Z
37,"Rockabye (feat. Sean Paul & Anne-Marie)","Clean Bandit",304666,https://open.spotify.com/track/5knuzwU65gJK7IF5yJsuaW
38,Chillax,Farruko,297776,https://open.spotify.com/track/1lxswgIpzV6HhENRvkflES
39,"One Dance",Drake,294867,https://open.spotify.com/track/1xznGGDReH1oQq0xzbwXa3
40,"Andas En Mi Cabeza","Chino & Nacho",284761,https://open.spotify.com/track/5mey7CLLuFToM2P68Qu1gF
41,"Noche Loca",Marama,284499,https://open.spotify.com/track/0gzcET27nREY6aD8LJU9wD
42,"Ya Me Enteré (feat. Nicky Jam) - Urban Version",Reik,272947,https://open.spotify.com/track/2SSYqDX8KTgy01NlqtUo0F
43,"My Way","Calvin Harris",268895,https://open.spotify.com/track/1vvNmPOiUuyCbgWmtc6yfm
44,Traicionera,"Sebastian Yatra",263712,https://open.spotify.com/track/5J1c3M4EldCfNxXwrwt8mT
45,"24K Magic","Bruno Mars",260182,https://open.spotify.com/track/6b8Be6ljOzmkOmFslEb23P
46,"Shaky Shaky","Daddy Yankee",259869,https://open.spotify.com/track/58IL315gMSTD37DOZPJ2hf
47,"Si Tú Me Quisieras","Mon Laferte",252727,https://open.spotify.com/track/7EySX8ldJHoeWjJhJyZ8Tq
48,"Desde Esa Noche",Thalía,252518,https://open.spotify.com/track/1pWYnQIlqxTh5bxuPmTG4E
49,"Don't Wanna Know","Maroon 5",250655,https://open.spotify.com/track/5MFzQMkrl1FOOng9tq6R9r
50,"Diles (feat. Arcangel, Nengo Flow, Dj Luian & Mambo Kings)",Farruko,248782,https://open.spotify.com/track/2FrnTVSHjgnEylKGdHRUK1
51,"That's What I Like","Bruno Mars",241292,https://open.spotify.com/track/0KKkJNfGyhkQ5aFogxQAPU
52,"Cold Water (feat. Justin Bieber & MØ)","Major Lazer",227458,https://open.spotify.com/track/6DNtNfH8hXkqOX1sjqmI7p
53,"Shape of You (Latin Remix) [feat. Zion & Lennox]","Ed Sheeran",202490,https://open.spotify.com/track/5nCtCCB5i1OfbADvynNw0i
54,"No Te Hagas","Jory Boy",195092,https://open.spotify.com/track/5hKjEpYrJIJs6uPl7zw6Y6
55,"It Ain't Me (with Selena Gomez)",Kygo,190700,https://open.spotify.com/track/3eR23VReFzcdmS7TYCrhCe
56,"Scared to Be Lonely","Martin Garrix",186028,https://open.spotify.com/track/3ebXMykcMXOcLeJ9xZ17XH
57,"Si Tú La Ves","Nicky Jam",181704,https://open.spotify.com/track/4yN6xPLopmTLvc27pO9LIE
58,"Pa Ti","Bad Bunny",177428,https://open.spotify.com/track/17nOaHsTn06jxuU9NpHuFU
59,Manicomio,Cosculluela,170566,https://open.spotify.com/track/3n58u3LOFw8mITLvfPvQBz
60,"Qué Gano Olvidándote - Versión Urbana",Reik,169332,https://open.spotify.com/track/3H179O48ynsu9q8LOnFQZY
61,"Something Just Like This","The Chainsmokers",164925,https://open.spotify.com/track/6RUKPb4LETWmmr3iAEQktW
62,"Tu No Vive Asi (feat. Mambo Kingz & DJ Luian)",Arcangel,161007,https://open.spotify.com/track/6NSMQFKgjpQb0KkjMDYIK0
63,Lumbra,"Cali Y El Dandee",159156,https://open.spotify.com/track/6VHdcVbiKLYYOcMbIqBcuK
64,"I Don’t Wanna Live Forever (Fifty Shades Darker) - From ""Fifty Shades Darker (Original Motion Picture Soundtrack)""",ZAYN,158400,https://open.spotify.com/track/3NdDpSvN911VPGivFlV5d0
65,"Sin Contrato",Maluma,158077,https://open.spotify.com/track/09S64DUkxIX9EwIaULu6yN
66,"Diabla - Official Remix",Farruko,156405,https://open.spotify.com/track/2OxUtaKYeahAGNaBiahXtR
67,"Deja vu","Prince Royce",155138,https://open.spotify.com/track/46HdsiK0uR26B2dY9QPzda
68,"La Bicicleta","Carlos Vives",152491,https://open.spotify.com/track/0sXvAOmXgjR2QUqLK1MltU
69,"Ando buscando","Carlos Baute",152241,https://open.spotify.com/track/7BwJtE8KSbCQKOCTIAY3jX
70,"Si Me Dices Que Si (feat. Nicky Jam)",Cosculluela,148433,https://open.spotify.com/track/3noN1TxpjbjjmKqssghvg8
71,Cold,"Maroon 5",146693,https://open.spotify.com/track/5NNlUMcOEOdoOIwwaWXv0k
72,"Cuando Se Pone a Bailar",Rombai,145604,https://open.spotify.com/track/1MpKZi1zTXpERKwxmOu1PH
73,"De Vez en Cuando","Franco ""El Gorilla""",144663,https://open.spotify.com/track/1VRjHqcE8ttKtaj8bTaJyS
74,"Chained To The Rhythm","Katy Perry",144301,https://open.spotify.com/track/6520aj0B4FSKGVuKNsOCOi
75,"Nunca Me Olvides - Remix",Yandel,144141,https://open.spotify.com/track/7pyEd6g5y7SYdKNgRtleEB
76,"Hula Hoop","Daddy Yankee",140522,https://open.spotify.com/track/7BEI30TTNhwnkCyNUDmFrr
77,"Mi Tesoro (feat. Nicky Jam)","Zion & Lennox",140452,https://open.spotify.com/track/5HABnFSYvl6mTmg8nSdzHa
78,"Stay (with Alessia Cara)",Zedd,138928,https://open.spotify.com/track/0dA2Mk56wEzDgegdC6R17g
79,Closer,"The Chainsmokers",137877,https://open.spotify.com/track/7BKLCZ1jbUBVqRi2FVlTVw
80,"In the Name of Love","Martin Garrix",135085,https://open.spotify.com/track/04DwTuZ2VBdJCCC5TROn7L
81,Paris,"The Chainsmokers",134840,https://open.spotify.com/track/72jbDTw1piOOj770jWNeaG
82,Tormento,"Mon Laferte",132739,https://open.spotify.com/track/0pR6N68RkIGKxitlTqraZ3
83,"Light It Up (feat. Nyla & Fuse ODG) - Remix","Major Lazer",128886,https://open.spotify.com/track/0L7loeTIg6akW84aEQZpCT
84,Perfect,"Ed Sheeran",126675,https://open.spotify.com/track/0tgVpDi06FyKpA1z0VMD4v
85,"Por Fin Te Encontré","Cali Y El Dandee",125129,https://open.spotify.com/track/3GpvoKKWZyTwgbLEM9RmWM
86,"Otra Copa (feat. Farruko)","Justin Quiles",123424,https://open.spotify.com/track/5KX51uLJYo1S1MmITG7lHD
87,"I Took A Pill In Ibiza - Seeb Remix","Mike Posner",121911,https://open.spotify.com/track/17Fd6Yb7mSbinKG8LoWfFl
88,Fuego,Juanes,120444,https://open.spotify.com/track/0mwPE0lPOgnWf2bo14xedJ
89,Passionfruit,Drake,120302,https://open.spotify.com/track/7hDc8b7IXETo14hHIHdnhd
90,"Me Ama Me Odia",Ozuna,120074,https://open.spotify.com/track/6041gM9Th1ViQcnzkIxnuv
91,"Encantadora - Remix",Yandel,120030,https://open.spotify.com/track/0EpFfFZpCuqYFzHvxOtrZS
92,"Galway Girl","Ed Sheeran",119080,https://open.spotify.com/track/0afhq8XCExXpqazXczTSve
93,"Me Gusta - Remix",Alkilados,118157,https://open.spotify.com/track/7pueb0FHOYlKAJPXhVhwml
94,"Thinking Out Loud","Ed Sheeran",116722,https://open.spotify.com/track/1Slwb6dOYkBlWal1PGtnNg
95,"Sé Que Te Duele","Alejandro Fernandez",116540,https://open.spotify.com/track/5vZfgeDfNhlkKeJqjzSAmg
96,"Te Busco (feat. Nicky Jam)",Cosculluela,113692,https://open.spotify.com/track/6wHm04cn5HxK6pE2ITEdUS
97,"We Don't Talk Anymore (feat. Selena Gomez)","Charlie Puth",112684,https://open.spotify.com/track/68EMU2RD1ECNeOeJ5qAXCV
98,"Castle on the Hill","Ed Sheeran",112356,https://open.spotify.com/track/6PCUP3dWmTjcTtXY02oFdT
99,"Acércate (feat. Nicky Jam) - Remix","De La Ghetto",111560,https://open.spotify.com/track/35OC6rMxa8lJi8eDiUVShS
100,"Swalla (feat. Nicki Minaj & Ty Dolla $ign)","Jason Derulo",110197,https://open.spotify.com/track/6kex4EBAj0WHXDKZMEJaaF
101,Dueles,"Jesse & Joy",108855,https://open.spotify.com/track/1iRvhKiXRElIH2Uf4gd95P
102,Slide,"Calvin Harris",108207,https://open.spotify.com/track/7tr2za8SQg2CI8EDgrdtNl
103,Believer,"Imagine Dragons",108141,https://open.spotify.com/track/0CcQNd8CINkwQfe1RDtGV6
104,Privado,Rvssian,108000,https://open.spotify.com/track/11zRKpjEZwmcBBBGzB4pMn
105,"Hasta el Amanecer","Nicky Jam",107779,https://open.spotify.com/track/5Fim1gaXBgsiFfsQAfQSDS
106,Photograph,"Ed Sheeran",106166,https://open.spotify.com/track/6fxVffaTuwjgEk5h9QyRjy
107,Egoísta,"Justin Quiles",106110,https://open.spotify.com/track/5ESAML4PZAbsiTK6OgRV2q
108,"Simple (feat. Cosculluela, Nengo Flow & Baby Rasta y Gringo)","DJ Luian",105902,https://open.spotify.com/track/15kZDQoTtpkya2kG8ZPJoi
109,"No Quiere Enamorarse (Remix) [feat. Daddy Yankee]",Ozuna,105886,https://open.spotify.com/track/4vlbjBSMqycZk6t4HVRpnC
110,"Andas En Mi Cabeza - Remix","Chino & Nacho",104492,https://open.spotify.com/track/733ybNEEEXHYxfk8sK6MRO
111,"Run Up (feat. PARTYNEXTDOOR & Nicki Minaj)","Major Lazer",103806,https://open.spotify.com/track/0fg8CqpjdojMyXLNzM2PaJ
112,"CAN'T STOP THE FEELING! (Original Song from DreamWorks Animation's ""TROLLS"")","Justin Timberlake",103664,https://open.spotify.com/track/6JV2JOEocMgcZxYSZelKcc
113,"Al Filo de Tu Amor","Carlos Vives",103293,https://open.spotify.com/track/77a9893yxuz36cBUmBzA8E
114,"Symphony (feat. Zara Larsson)","Clean Bandit",99495,https://open.spotify.com/track/1x5sYLZiu9r5E43kMlt9f8
115,"DUELE EL CORAZON","Enrique Iglesias",99045,https://open.spotify.com/track/6YZdkObH88npeKrrkb8Ggf
116,Encanto,"Don Omar",97112,https://open.spotify.com/track/0OEQGwBfL4b9KX0RwfOiW6
117,"0 Sentimientos (Remix) [feat. Noriel, Darkiel, Lyan, Messiah & Baby Rasta]",Jonz,96188,https://open.spotify.com/track/4COGASZEbAxmH6k5gYMo6G
118,Trumpets,"Sak Noel & Salvi",95765,https://open.spotify.com/track/5dH7o4TP3HYLvCjo4QAhhv
119,"Stressed Out","Twenty One Pilots",94954,https://open.spotify.com/track/3CRDbSIZ4r5MsZ0YwxuEkn
120,"La Cómplice","Alexis & Fido",94940,https://open.spotify.com/track/5ommnX8qOlbjRspCEFkn57
121,"La Ocasion (feat. Arcangel, Ozuna & Anuel Aa)","De La Ghetto",94307,https://open.spotify.com/track/498YWgZPJWIA4lphXtCNma
122,"Side To Side","Ariana Grande",93408,https://open.spotify.com/track/4pLwZjInHj3SimIyN9SnOz
123,"Sin Contrato - Remix",Maluma,92325,https://open.spotify.com/track/2xNZeeqmwMPVKnD7FSQfgt
124,"Las Fresas - Version Urban","Banda El Recodo",90482,https://open.spotify.com/track/6IGab4crwh7isfovdM1joQ
125,"Ganas Locas","Prince Royce",90430,https://open.spotify.com/track/7JpzzaCzljQdfnG7wPRqSe
126,"Reggaetón Lento (Bailemos) - Remix",CNCO,89705,https://open.spotify.com/track/1T45DsQ4HFLJgthyedAa8V
127,Ride,"Twenty One Pilots",89663,https://open.spotify.com/track/2Z8WuEywRWYTKe1NybPQEW
128,"Si Ella Quisiera - Remix","Justin Quiles",89600,https://open.spotify.com/track/0A2h9QjoPdbVwa9LFiijqM
129,"Earned It (Fifty Shades Of Grey)","The Weeknd",89001,https://open.spotify.com/track/7ID2dydg1QFuWObmdhwzfm
130,Bobo,"J Balvin",87381,https://open.spotify.com/track/7AtlMCIauSQZqiXSlbBPW6
131,"Call On Me - Ryan Riback Extended Remix",Starley,86905,https://open.spotify.com/track/78rIJddV4X0HkNAInEcYde
132,"Hear Me Now",Alok,86662,https://open.spotify.com/track/1a5Yu5L18qNxVhXx38njON
133,"Can't Feel My Face","The Weeknd",86239,https://open.spotify.com/track/6RsWqX8zABZLhZydXxEFOm
134,Dive,"Ed Sheeran",86090,https://open.spotify.com/track/51ChrwmUPDJvedPQnIU8Ls
135,"Don't Let Me Down","The Chainsmokers",85082,https://open.spotify.com/track/0QsvXIfqM0zZoerQfsI9lm
136,"Me Llueven 3.0","Bad Bunny",84836,https://open.spotify.com/track/7b59ZUw0TkGZuE0HNeiuc4
137,"La Gozadera","Gente De Zona",84484,https://open.spotify.com/track/0OMRAvrtLWE2TvcXorRiB9
138,"Treat You Better","Shawn Mendes",83872,https://open.spotify.com/track/4Hf7WnR761jpxPr5D46Bcd
139,"Te Vas",Ozuna,83688,https://open.spotify.com/track/2twUPIYOTqVivev47pf7bU
140,Faded,"Alan Walker",83685,https://open.spotify.com/track/7gHs73wELdeycvS48JfIos
141,"Mayor Que Yo 3","Luny Tunes",82979,https://open.spotify.com/track/0bMRpUsk1IWi5O2NIkWsqR
142,"Cheap Thrills",Sia,82966,https://open.spotify.com/track/27SdWb2rFzO6GWiYDBTD9j
143,"A Que No Te Atreves","Tito ""El Bambino""",82416,https://open.spotify.com/track/72FJjSdfMCXiVcZTgR3Q6G
144,"Locuras contigo",Rombai,82274,https://open.spotify.com/track/5jMvnSyOgGY8JpvHqeyVOg
145,"Un Polvo",Maluma,81444,https://open.spotify.com/track/01vHGJRvJ6EZW9KO8NtZpi
146,"Ella Quiere Hmm... Haa... Hmm... - Yayo Remix","Leka el Poeta",80539,https://open.spotify.com/track/0QN1rkBy3D6j9Yw3Czlcsc
147,"Serenata cruel","Villa Cariño",80389,https://open.spotify.com/track/152U4ecGSiYeKm2gnFc4wA
148,Happier,"Ed Sheeran",79932,https://open.spotify.com/track/2RttW7RAu5nOAfq6YFvApB
149,"This Is What You Came For","Calvin Harris",79841,https://open.spotify.com/track/0azC730Exh71aQlOt9Zj3y
150,"Me da Igual",Croni-K,78812,https://open.spotify.com/track/5VMqRp4eN8QzpBXLeOrtnT
151,"Amigos y Enemigos - Remix",Noriel,78691,https://open.spotify.com/track/2sA4woGW5KgEgGXXxOKPAZ
152,Issues,"Julia Michaels",77993,https://open.spotify.com/track/1sXUWdKx03aP9Gmzft58rt
153,"De Pies a Cabeza",Maná,77861,https://open.spotify.com/track/2CkHE54EH44Qj945ynQRw7
154,"The Scientist",Coldplay,77346,https://open.spotify.com/track/75JFxkI2RXiU7L9VXzMkle
155,"El Perdedor - The Remix",Maluma,76532,https://open.spotify.com/track/4QsPTKvdpgkA7mBAvclZTa
156,"Dile Que Tu Me Quieres Remix (feat. Yandel)",Ozuna,75859,https://open.spotify.com/track/09QOedW1xozFDsXUI7jTeV
157,"Just Hold On","Steve Aoki",75652,https://open.spotify.com/track/3EmmCZoqpWOTY1g2GBwJoR
158,"Love Yourself","Justin Bieber",75046,https://open.spotify.com/track/3hB5DgAiMAQ4DzYbsMq1IT
159,"Say You Won't Let Go","James Arthur",74845,https://open.spotify.com/track/5uCax9HTNlzGybIStD3vDh
160,"Vacaciones - Remix",Wisin,74776,https://open.spotify.com/track/42QpgFFhu8SIKFK2dp0kUj
161,"El Perdedor",Maluma,74693,https://open.spotify.com/track/1iEwyiSLAunPR6uouANE0O
162,"Sorry - Latino Remix","Justin Bieber",74522,https://open.spotify.com/track/0XXLwO7YHHTAK3OJkWQ37b
163,"Más Que Ayer",Arcangel,74008,https://open.spotify.com/track/37vqCDZ6g5pZ5gqDS90MDP
164,"Cake By The Ocean",DNCE,71999,https://open.spotify.com/track/2aFiaMXmWsM3Vj72F9ksBl
165,"Deja Que Te Bese","Alejandro Sanz",71686,https://open.spotify.com/track/0s6yB0ZFl1LvYHAnGhXFga
166,"Para dormir contigo otra vez","Villa Cariño",71587,https://open.spotify.com/track/5MarqoT4wE5uNITGuEZams
167,"Last Nite","The Strokes",71510,https://open.spotify.com/track/7kzKAuUzOITUauHAhoMoxA
168,"Hymn For The Weekend - Seeb Remix",Coldplay,70589,https://open.spotify.com/track/1OAiWI2oPmglaOiv9fdioU
169,"Lean On (feat. MØ & DJ Snake)","Major Lazer",70303,https://open.spotify.com/track/4WjH9Bzt3kx7z8kl0awxh4
170,"Más De La Mitad","Camila Gallardo",70248,https://open.spotify.com/track/0fvke3Xize2XpVUDoZbtyW
171,"Hacerlo de Día","Moral Distraida",69953,https://open.spotify.com/track/0nApFXPoSanA4n7j563Ind
172,"Ya Me Enteré",Reik,69481,https://open.spotify.com/track/0lPXFrKyl8HkdQ2E6NmNja
173,Sugar,"Maroon 5",69480,https://open.spotify.com/track/494OU6M7NOf4ICYb4zWCf5
174,"Shed a Light","Robin Schulz",68813,https://open.spotify.com/track/1cG0umU5TKStygKsPFZ9pY
175,"The Hills","The Weeknd",68159,https://open.spotify.com/track/25khomWgBVamSdKw7hzm3l
176,"El Diablo","Mon Laferte",67099,https://open.spotify.com/track/65mQeg46PBoOzslgpynyzF
177,"Party Monster","The Weeknd",66977,https://open.spotify.com/track/4F7A0DXBrmUAkp32uenhZt
178,"El Chisme",Reykon,66518,https://open.spotify.com/track/4VXejnj5WgM6H72ct2fSgQ
179,"Green Light",Lorde,66424,https://open.spotify.com/track/0gbBzIqrECJOEPvQJIBFs5
180,"El Perdón","Nicky Jam",66362,https://open.spotify.com/track/7qCAVkHWZkF44OzOUKf8Cr
181,"Amor y dolor","Carlos Baute",66125,https://open.spotify.com/track/4efQTJSX6Jca1hHZNi74Zd
182,"How Far I'll Go - From ""Moana""","Alessia Cara",65640,https://open.spotify.com/track/5hYTyyh2odQKphUbMqc5gN
183,"Solo Dance","Martin Jensen",65390,https://open.spotify.com/track/6HUnnBwYZqcED1eQztxMBN
184,Sorry,"Justin Bieber",64893,https://open.spotify.com/track/69bp2EbF7Q2rqc5N3ylezZ
185,"El Chisme (feat. J Alvarez & Kevin Roldan) - Remix",Reykon,64713,https://open.spotify.com/track/58EQDn2K9Gyj68YIckOLrN
186,"Water Under the Bridge",Adele,64614,https://open.spotify.com/track/4vb4mFvYsr2h6enhjJsq9Y
187,"No Lie","Sean Paul",64049,https://open.spotify.com/track/3cFsmM51N5zMAuu1nNY4Tw
188,Ginza,"J Balvin",62876,https://open.spotify.com/track/5N8nNuTmIzkZOfcxXlygUw
189,"All of Me","John Legend",61987,https://open.spotify.com/track/2q6tgiA9tpb6DMguABwCWE
190,"47 - Remix","Anuel Aa",61815,https://open.spotify.com/track/6IoKSUyNOOheJRjiuGb1ew
191,"Wonderwall - Remastered",Oasis,61515,https://open.spotify.com/track/5qqabIl2vWzo9ApSC317sa
192,"Desafio (feat. Maluma)","Jory Boy",61497,https://open.spotify.com/track/3pk19nKnFSl9E4X7gqq10A
193,"Adventure Of A Lifetime",Coldplay,61451,https://open.spotify.com/track/69uxyAqqPIsUyTO8txoP2M
194,Heathens,"Twenty One Pilots",61309,https://open.spotify.com/track/6i0V12jOa3mr6uu4WYhUBr
195,"Ella y Yo (feat. Farruko, Tempo, Anuel Aa, Almighty & Bryant Myers)","Pepe Quintana",60860,https://open.spotify.com/track/2rEkxxDFjrbiNjZZvzZf5q
196,"La Ocasión - Remix","DJ Luian",60169,https://open.spotify.com/track/1M9gupJZxS3LdK8R6UZfYH
197,"La Bicicleta - Remix","Carlos Vives",59395,https://open.spotify.com/track/7IRuf7FrdQvOGs0g9mSNGr
198,47,"Anuel Aa",59163,https://open.spotify.com/track/7KhBQ6XFeAGrQzyT28MWvP
199,Adderall,Mym,58927,https://open.spotify.com/track/3rnVI6t735qm9swZfL3p6q
200,Hello,Adele,58854,https://open.spotify.com/track/4sPmO7WMQUAf45kwMOtONw
