Position,"Track Name",Artist,Streams,URL
1,"Me Rehúso","Danny Ocean",1123052,https://open.spotify.com/track/6De0lHrwBfPfrhorm9q1Xl
2,"Despacito (Featuring Daddy Yankee)","Luis Fonsi",959811,https://open.spotify.com/track/4aWmUDTfIPGksMNLV2rQP2
3,"Shape of You","Ed Sheeran",803093,https://open.spotify.com/track/7qiZfU4dY1lWllzX7mPBI3
4,"Escápate Conmigo",Wisin,799061,https://open.spotify.com/track/2cnKEkpVUSV4wnjQiTWfH6
5,"Despacito - Remix","Luis Fonsi",751228,https://open.spotify.com/track/5CtI0qwDJkDQGwXD1H1cLb
6,"Ahora Dice","Chris Jeday",705066,https://open.spotify.com/track/22eADXu8DfOAUEDw4vU8qy
7,"El Amante","Nicky Jam",695595,https://open.spotify.com/track/3umS4y3uQDkqekNjVpiRUs
8,"Sola (Remix) [feat. Daddy Yankee, Wisin, Farruko, Zion & Lennox]","Anuel Aa",646841,https://open.spotify.com/track/5q2JbCNi4FcnglgPfxcV65
9,"Sigo Extrañándote","J Balvin",621607,https://open.spotify.com/track/6qDF4wWL49CAVbgT7yuHl8
10,"Otra Vez (feat. J Balvin)","Zion & Lennox",576400,https://open.spotify.com/track/3QwBODjSEzelZyVjxPOHdq
11,"SUBEME LA RADIO","Enrique Iglesias",554659,https://open.spotify.com/track/7nKBxz47S9SD79N086fuhn
12,"La Rompe Corazones","Daddy Yankee",549678,https://open.spotify.com/track/4okba5wu9mMLXx79DXLKi3
13,"Reggaetón Lento (Bailemos)",CNCO,537647,https://open.spotify.com/track/3AEZUABDXNtecAOSC1qTfo
14,"Te Quiero Pa´Mi","Don Omar",527097,https://open.spotify.com/track/3BY2mafsbsoKGqS380Xnuz
15,Amárrame,"Mon Laferte",470535,https://open.spotify.com/track/0u13src3QcditRU5VPduML
16,Chantaje,Shakira,458136,https://open.spotify.com/track/6mICuAdrwEjh6Y6lroV2Kg
17,"Hey Ma (with Pitbull & J Balvin feat. Camila Cabello) - Spanish Version",Pitbull,453534,https://open.spotify.com/track/2Vdub5mY4lad7w64bFPUez
18,"Si Tu Novio Te Deja Sola","J Balvin",446790,https://open.spotify.com/track/0RFFFGtPn6a58RHY3ccVYX
19,"Caile (feat. Zion & De La Ghetto)",Revol,444757,https://open.spotify.com/track/626rYyBfeAeleh1F5t4B70
20,"Me Llamas (feat. Maluma) - Remix","Piso 21",436313,https://open.spotify.com/track/5hEM0JchdVzQ5PwvSfITeX
21,"Ay Mi Dios",IAmChino,433617,https://open.spotify.com/track/6stYbAJgTszHAHZMPxWWCY
22,Vacaciones,Wisin,397132,https://open.spotify.com/track/3dQDid3IUNhZy1OehIfYfE
23,"Soy Peor","Bad Bunny",394357,https://open.spotify.com/track/5MT96Zz0ymUJNm8obKZQr0
24,"Tu Falta De Querer","Mon Laferte",364398,https://open.spotify.com/track/4skuEIloXWuxxgekKupkEH
25,Safari,"J Balvin",362811,https://open.spotify.com/track/6rQSrBHf7HlZjtcMZ4S4bO
26,"Vente Pa' Ca","Ricky Martin",353733,https://open.spotify.com/track/7DM4BPaS7uofFul3ywMe46
27,"I Feel It Coming","The Weeknd",341641,https://open.spotify.com/track/5GXAXm5YOmYT0kL5jHvYBt
28,"Diles (feat. Arcangel, Nengo Flow, Dj Luian & Mambo Kings)",Farruko,325961,https://open.spotify.com/track/2FrnTVSHjgnEylKGdHRUK1
29,"Let Me Love You","DJ Snake",324618,https://open.spotify.com/track/4pdPtRcBmOSQDlJ3Fk945m
30,"Shape of You (Latin Remix) [feat. Zion & Lennox]","Ed Sheeran",322649,https://open.spotify.com/track/5nCtCCB5i1OfbADvynNw0i
31,"Bailame Despacio",Xantos,322593,https://open.spotify.com/track/4OaTpLJIa2harufGxfOPUu
32,"That's What I Like","Bruno Mars",307822,https://open.spotify.com/track/0KKkJNfGyhkQ5aFogxQAPU
33,"Dile Que Tu Me Quieres",Ozuna,303011,https://open.spotify.com/track/20ZAJdsKB5IGbGj4ilRt2o
34,"Alguien Robo","Sebastian Yatra",286997,https://open.spotify.com/track/5i50gKdLAjjIr7UxRT5IVy
35,"Amor Completo","Mon Laferte",284623,https://open.spotify.com/track/00kIWJu9IHiQ6i0qJAU0Z9
36,"Traicionera - Remix","Sebastian Yatra",284499,https://open.spotify.com/track/2webQDZmtGioeu3zUUi9We
37,"Borro Cassette",Maluma,283938,https://open.spotify.com/track/6DUdDIRgLqCGq1DwkNWQTN
38,Chillax,Farruko,283372,https://open.spotify.com/track/1lxswgIpzV6HhENRvkflES
39,"Rockabye (feat. Sean Paul & Anne-Marie)","Clean Bandit",279389,https://open.spotify.com/track/5knuzwU65gJK7IF5yJsuaW
40,"One Dance",Drake,271590,https://open.spotify.com/track/1xznGGDReH1oQq0xzbwXa3
41,"Cuatro Babys",Maluma,270715,https://open.spotify.com/track/0JoHqmlqE0W0i9prt6kcHR
42,"Gyal You A Party Animal - Remix","Charly Black",270218,https://open.spotify.com/track/1AkTW13ysu0AJrwuM6UY0I
43,"Ya Me Enteré (feat. Nicky Jam) - Urban Version",Reik,263807,https://open.spotify.com/track/2SSYqDX8KTgy01NlqtUo0F
44,Starboy,"The Weeknd",255752,https://open.spotify.com/track/5aAx2yezTd8zXrkmtKl66Z
45,"My Way","Calvin Harris",251279,https://open.spotify.com/track/1vvNmPOiUuyCbgWmtc6yfm
46,"Noche Loca",Marama,250495,https://open.spotify.com/track/0gzcET27nREY6aD8LJU9wD
47,"Andas En Mi Cabeza","Chino & Nacho",249825,https://open.spotify.com/track/5mey7CLLuFToM2P68Qu1gF
48,Traicionera,"Sebastian Yatra",235999,https://open.spotify.com/track/5J1c3M4EldCfNxXwrwt8mT
49,"24K Magic","Bruno Mars",233196,https://open.spotify.com/track/6b8Be6ljOzmkOmFslEb23P
50,"Don't Wanna Know","Maroon 5",232111,https://open.spotify.com/track/5MFzQMkrl1FOOng9tq6R9r
51,"No Te Hagas","Jory Boy",210748,https://open.spotify.com/track/5hKjEpYrJIJs6uPl7zw6Y6
52,"Shaky Shaky","Daddy Yankee",206804,https://open.spotify.com/track/58IL315gMSTD37DOZPJ2hf
53,"Si Tú La Ves","Nicky Jam",184637,https://open.spotify.com/track/4yN6xPLopmTLvc27pO9LIE
54,"It Ain't Me (with Selena Gomez)",Kygo,175562,https://open.spotify.com/track/3eR23VReFzcdmS7TYCrhCe
55,"Si Tú Me Quisieras","Mon Laferte",173790,https://open.spotify.com/track/7EySX8ldJHoeWjJhJyZ8Tq
56,"Me Acostumbre (feat. Bad Bunny)",Arcangel,171039,https://open.spotify.com/track/2FIm6YsSGL5acOqSuJDh5s
57,"Pa Ti","Bad Bunny",169807,https://open.spotify.com/track/17nOaHsTn06jxuU9NpHuFU
58,"Something Just Like This","The Chainsmokers",169679,https://open.spotify.com/track/6RUKPb4LETWmmr3iAEQktW
59,"Hey DJ",CNCO,167744,https://open.spotify.com/track/209gZgcfLq2aUuu51vOWBl
60,"Diabla - Official Remix",Farruko,162924,https://open.spotify.com/track/2OxUtaKYeahAGNaBiahXtR
61,"Me Mata","Bad Bunny",158852,https://open.spotify.com/track/2wgDAPgBhFA7pnIbm0YOhP
62,"Scared to Be Lonely","Martin Garrix",158199,https://open.spotify.com/track/3ebXMykcMXOcLeJ9xZ17XH
63,"Qué Gano Olvidándote - Versión Urbana",Reik,156731,https://open.spotify.com/track/3H179O48ynsu9q8LOnFQZY
64,"Tu No Vive Asi (feat. Mambo Kingz & DJ Luian)",Arcangel,156385,https://open.spotify.com/track/6NSMQFKgjpQb0KkjMDYIK0
65,Lumbra,"Cali Y El Dandee",152753,https://open.spotify.com/track/6VHdcVbiKLYYOcMbIqBcuK
66,"Swalla (feat. Nicki Minaj & Ty Dolla $ign)","Jason Derulo",146400,https://open.spotify.com/track/6kex4EBAj0WHXDKZMEJaaF
67,"Me Enamoré",Shakira,145555,https://open.spotify.com/track/4qknM1pQz53QOyfDVTjcM9
68,"Cuando Se Pone a Bailar",Rombai,143237,https://open.spotify.com/track/1MpKZi1zTXpERKwxmOu1PH
69,"Nunca Me Olvides - Remix",Yandel,141237,https://open.spotify.com/track/7pyEd6g5y7SYdKNgRtleEB
70,"Desde Esa Noche",Thalía,137527,https://open.spotify.com/track/1pWYnQIlqxTh5bxuPmTG4E
71,"I Don’t Wanna Live Forever (Fifty Shades Darker) - From ""Fifty Shades Darker (Original Motion Picture Soundtrack)""",ZAYN,136821,https://open.spotify.com/track/3NdDpSvN911VPGivFlV5d0
72,"La Bicicleta","Carlos Vives",134552,https://open.spotify.com/track/0sXvAOmXgjR2QUqLK1MltU
73,"Mi Tesoro (feat. Nicky Jam)","Zion & Lennox",134405,https://open.spotify.com/track/5HABnFSYvl6mTmg8nSdzHa
74,"Hula Hoop","Daddy Yankee",133962,https://open.spotify.com/track/7BEI30TTNhwnkCyNUDmFrr
75,"Stay (with Alessia Cara)",Zedd,132302,https://open.spotify.com/track/0dA2Mk56wEzDgegdC6R17g
76,Cold,"Maroon 5",131517,https://open.spotify.com/track/5NNlUMcOEOdoOIwwaWXv0k
77,"De Vez en Cuando","Franco ""El Gorilla""",131349,https://open.spotify.com/track/1VRjHqcE8ttKtaj8bTaJyS
78,Paris,"The Chainsmokers",126470,https://open.spotify.com/track/72jbDTw1piOOj770jWNeaG
79,"Deja vu","Prince Royce",124793,https://open.spotify.com/track/46HdsiK0uR26B2dY9QPzda
80,"Ganas Locas","Prince Royce",123646,https://open.spotify.com/track/7JpzzaCzljQdfnG7wPRqSe
81,"Si Me Dices Que Si (feat. Nicky Jam)",Cosculluela,122475,https://open.spotify.com/track/3noN1TxpjbjjmKqssghvg8
82,"Otra Copa (feat. Farruko)","Justin Quiles",122334,https://open.spotify.com/track/5KX51uLJYo1S1MmITG7lHD
83,Closer,"The Chainsmokers",121289,https://open.spotify.com/track/7BKLCZ1jbUBVqRi2FVlTVw
84,"Por Fin Te Encontré","Cali Y El Dandee",121009,https://open.spotify.com/track/3GpvoKKWZyTwgbLEM9RmWM
85,"Sin Contrato",Maluma,120009,https://open.spotify.com/track/09S64DUkxIX9EwIaULu6yN
86,"Chained To The Rhythm","Katy Perry",119990,https://open.spotify.com/track/6520aj0B4FSKGVuKNsOCOi
87,"Cold Water (feat. Justin Bieber & MØ)","Major Lazer",118335,https://open.spotify.com/track/6DNtNfH8hXkqOX1sjqmI7p
88,"In the Name of Love","Martin Garrix",117150,https://open.spotify.com/track/04DwTuZ2VBdJCCC5TROn7L
89,Báilame,Nacho,116131,https://open.spotify.com/track/7lRsNbdOGykkMAgsqs4R1C
90,"Light It Up (feat. Nyla & Fuse ODG) - Remix","Major Lazer",116130,https://open.spotify.com/track/0L7loeTIg6akW84aEQZpCT
91,"Ando buscando","Carlos Baute",115859,https://open.spotify.com/track/7BwJtE8KSbCQKOCTIAY3jX
92,"I Took A Pill In Ibiza - Seeb Remix","Mike Posner",114801,https://open.spotify.com/track/17Fd6Yb7mSbinKG8LoWfFl
93,Manicomio,Cosculluela,113512,https://open.spotify.com/track/3n58u3LOFw8mITLvfPvQBz
94,Passionfruit,Drake,111341,https://open.spotify.com/track/7hDc8b7IXETo14hHIHdnhd
95,"Me Ama Me Odia",Ozuna,111220,https://open.spotify.com/track/6041gM9Th1ViQcnzkIxnuv
96,Perfect,"Ed Sheeran",111180,https://open.spotify.com/track/0tgVpDi06FyKpA1z0VMD4v
97,"Al Filo de Tu Amor","Carlos Vives",110878,https://open.spotify.com/track/77a9893yxuz36cBUmBzA8E
98,"Thinking Out Loud","Ed Sheeran",107946,https://open.spotify.com/track/1Slwb6dOYkBlWal1PGtnNg
99,"Encantadora - Remix",Yandel,107727,https://open.spotify.com/track/0EpFfFZpCuqYFzHvxOtrZS
100,"Te Busco (feat. Nicky Jam)",Cosculluela,106907,https://open.spotify.com/track/6wHm04cn5HxK6pE2ITEdUS
101,"We Don't Talk Anymore (feat. Selena Gomez)","Charlie Puth",106001,https://open.spotify.com/track/68EMU2RD1ECNeOeJ5qAXCV
102,Dueles,"Jesse & Joy",104642,https://open.spotify.com/track/1iRvhKiXRElIH2Uf4gd95P
103,Photograph,"Ed Sheeran",103788,https://open.spotify.com/track/6fxVffaTuwjgEk5h9QyRjy
104,"Symphony (feat. Zara Larsson)","Clean Bandit",102377,https://open.spotify.com/track/1x5sYLZiu9r5E43kMlt9f8
105,Privado,Rvssian,101535,https://open.spotify.com/track/11zRKpjEZwmcBBBGzB4pMn
106,Encanto,"Don Omar",101378,https://open.spotify.com/track/0OEQGwBfL4b9KX0RwfOiW6
107,"Galway Girl","Ed Sheeran",101273,https://open.spotify.com/track/0afhq8XCExXpqazXczTSve
108,"Sé Que Te Duele","Alejandro Fernandez",99212,https://open.spotify.com/track/5vZfgeDfNhlkKeJqjzSAmg
109,Believer,"Imagine Dragons",99066,https://open.spotify.com/track/0CcQNd8CINkwQfe1RDtGV6
110,Tormento,"Mon Laferte",98424,https://open.spotify.com/track/0pR6N68RkIGKxitlTqraZ3
111,"Sign of the Times","Harry Styles",96475,https://open.spotify.com/track/5Ohxk2dO5COHF1krpoPigN
112,"Castle on the Hill","Ed Sheeran",95559,https://open.spotify.com/track/6PCUP3dWmTjcTtXY02oFdT
113,"Andas En Mi Cabeza - Remix","Chino & Nacho",94369,https://open.spotify.com/track/733ybNEEEXHYxfk8sK6MRO
114,"CAN'T STOP THE FEELING! (Original Song from DreamWorks Animation's ""TROLLS"")","Justin Timberlake",94180,https://open.spotify.com/track/6JV2JOEocMgcZxYSZelKcc
115,"Simple (feat. Cosculluela, Nengo Flow & Baby Rasta y Gringo)","DJ Luian",93127,https://open.spotify.com/track/15kZDQoTtpkya2kG8ZPJoi
116,"Hasta el Amanecer","Nicky Jam",92843,https://open.spotify.com/track/5Fim1gaXBgsiFfsQAfQSDS
117,"La Ocasion (feat. Arcangel, Ozuna & Anuel Aa)","De La Ghetto",92707,https://open.spotify.com/track/498YWgZPJWIA4lphXtCNma
118,"No Quiere Enamorarse (Remix) [feat. Daddy Yankee]",Ozuna,91758,https://open.spotify.com/track/4vlbjBSMqycZk6t4HVRpnC
119,"Stressed Out","Twenty One Pilots",90994,https://open.spotify.com/track/3CRDbSIZ4r5MsZ0YwxuEkn
120,"0 Sentimientos (Remix) [feat. Noriel, Darkiel, Lyan, Messiah & Baby Rasta]",Jonz,90845,https://open.spotify.com/track/4COGASZEbAxmH6k5gYMo6G
121,Slide,"Calvin Harris",88924,https://open.spotify.com/track/7tr2za8SQg2CI8EDgrdtNl
122,HUMBLE.,"Kendrick Lamar",88615,https://open.spotify.com/track/7KXjTSCq5nL1LoYtL7XAwS
123,"Side To Side","Ariana Grande",87726,https://open.spotify.com/track/4pLwZjInHj3SimIyN9SnOz
124,"Acércate (feat. Nicky Jam) - Remix","De La Ghetto",87607,https://open.spotify.com/track/35OC6rMxa8lJi8eDiUVShS
125,"La Cómplice","Alexis & Fido",87255,https://open.spotify.com/track/5ommnX8qOlbjRspCEFkn57
126,"DUELE EL CORAZON","Enrique Iglesias",87130,https://open.spotify.com/track/6YZdkObH88npeKrrkb8Ggf
127,Ride,"Twenty One Pilots",86701,https://open.spotify.com/track/2Z8WuEywRWYTKe1NybPQEW
128,Abrázame,"Camila Gallardo",86518,https://open.spotify.com/track/2UxYLI09fvaxzKAcgudK7Z
129,"Hear Me Now",Alok,85069,https://open.spotify.com/track/1a5Yu5L18qNxVhXx38njON
130,"Déjame te explico",Reykon,84065,https://open.spotify.com/track/7jzpAD8q77nwEmSsqUeUjy
131,"Treat You Better","Shawn Mendes",83756,https://open.spotify.com/track/4Hf7WnR761jpxPr5D46Bcd
132,Faded,"Alan Walker",82533,https://open.spotify.com/track/7gHs73wELdeycvS48JfIos
133,"Ella Quiere Hmm... Haa... Hmm... - Yayo Remix","Leka el Poeta",82477,https://open.spotify.com/track/0QN1rkBy3D6j9Yw3Czlcsc
134,"Las Fresas - Version Urban","Banda El Recodo",82013,https://open.spotify.com/track/6IGab4crwh7isfovdM1joQ
135,"Call On Me - Ryan Riback Extended Remix",Starley,81357,https://open.spotify.com/track/78rIJddV4X0HkNAInEcYde
136,Fuego,Juanes,80961,https://open.spotify.com/track/0mwPE0lPOgnWf2bo14xedJ
137,"Me Llueven 3.0","Bad Bunny",80893,https://open.spotify.com/track/7b59ZUw0TkGZuE0HNeiuc4
138,"La Gozadera","Gente De Zona",79526,https://open.spotify.com/track/0OMRAvrtLWE2TvcXorRiB9
139,"Cheap Thrills",Sia,79243,https://open.spotify.com/track/27SdWb2rFzO6GWiYDBTD9j
140,"Earned It (Fifty Shades Of Grey)","The Weeknd",79168,https://open.spotify.com/track/7ID2dydg1QFuWObmdhwzfm
141,"Si Ella Quisiera - Remix","Justin Quiles",79043,https://open.spotify.com/track/0A2h9QjoPdbVwa9LFiijqM
142,"Te Vas",Ozuna,78787,https://open.spotify.com/track/2twUPIYOTqVivev47pf7bU
143,"Reggaetón Lento (Bailemos) - Remix",CNCO,78298,https://open.spotify.com/track/1T45DsQ4HFLJgthyedAa8V
144,"Me da Igual",Croni-K,77804,https://open.spotify.com/track/5VMqRp4eN8QzpBXLeOrtnT
145,"Amigos y Enemigos - Remix",Noriel,77675,https://open.spotify.com/track/2sA4woGW5KgEgGXXxOKPAZ
146,"Sin Contrato - Remix",Maluma,77666,https://open.spotify.com/track/2xNZeeqmwMPVKnD7FSQfgt
147,"Run Up (feat. PARTYNEXTDOOR & Nicki Minaj)","Major Lazer",77404,https://open.spotify.com/track/0fg8CqpjdojMyXLNzM2PaJ
148,"Don't Let Me Down","The Chainsmokers",77184,https://open.spotify.com/track/0QsvXIfqM0zZoerQfsI9lm
149,"A Que No Te Atreves","Tito ""El Bambino""",76905,https://open.spotify.com/track/72FJjSdfMCXiVcZTgR3Q6G
150,"Me Enamore",Schuster,75844,https://open.spotify.com/track/4AbYhejCgbjMxCrklOzK6i
151,"Mayor Que Yo 3","Luny Tunes",74749,https://open.spotify.com/track/0bMRpUsk1IWi5O2NIkWsqR
152,Dive,"Ed Sheeran",74097,https://open.spotify.com/track/51ChrwmUPDJvedPQnIU8Ls
153,Bobo,"J Balvin",74058,https://open.spotify.com/track/7AtlMCIauSQZqiXSlbBPW6
154,"Locuras contigo",Rombai,73404,https://open.spotify.com/track/5jMvnSyOgGY8JpvHqeyVOg
155,Issues,"Julia Michaels",73353,https://open.spotify.com/track/1sXUWdKx03aP9Gmzft58rt
156,"Un Polvo",Maluma,73237,https://open.spotify.com/track/01vHGJRvJ6EZW9KO8NtZpi
157,"Serenata cruel","Villa Cariño",73023,https://open.spotify.com/track/152U4ecGSiYeKm2gnFc4wA
158,"47 - Remix","Anuel Aa",72476,https://open.spotify.com/track/6IoKSUyNOOheJRjiuGb1ew
159,"The Night We Met","Lord Huron",72334,https://open.spotify.com/track/6mORGLOz79w6VsCRLWYYuK
160,"The Scientist",Coldplay,72195,https://open.spotify.com/track/75JFxkI2RXiU7L9VXzMkle
161,"Más De La Mitad","Camila Gallardo",72182,https://open.spotify.com/track/0fvke3Xize2XpVUDoZbtyW
162,"Me Gusta - Remix",Alkilados,71569,https://open.spotify.com/track/7pueb0FHOYlKAJPXhVhwml
163,"Love Yourself","Justin Bieber",71066,https://open.spotify.com/track/3hB5DgAiMAQ4DzYbsMq1IT
164,"Say You Won't Let Go","James Arthur",69374,https://open.spotify.com/track/5uCax9HTNlzGybIStD3vDh
165,"This Is What You Came For","Calvin Harris",68765,https://open.spotify.com/track/0azC730Exh71aQlOt9Zj3y
166,"Just Hold On","Steve Aoki",68417,https://open.spotify.com/track/3EmmCZoqpWOTY1g2GBwJoR
167,Happier,"Ed Sheeran",67557,https://open.spotify.com/track/2RttW7RAu5nOAfq6YFvApB
168,"Más Que Ayer",Arcangel,67188,https://open.spotify.com/track/37vqCDZ6g5pZ5gqDS90MDP
169,"No Digas Nada","Mario Bautista",66989,https://open.spotify.com/track/1RwoXmQ3RvIdfG8bLeX65g
170,"Cake By The Ocean",DNCE,66920,https://open.spotify.com/track/2aFiaMXmWsM3Vj72F9ksBl
171,"Can't Feel My Face","The Weeknd",66396,https://open.spotify.com/track/6RsWqX8zABZLhZydXxEFOm
172,"Water Under the Bridge",Adele,65671,https://open.spotify.com/track/4vb4mFvYsr2h6enhjJsq9Y
173,"Vacaciones - Remix",Wisin,65614,https://open.spotify.com/track/42QpgFFhu8SIKFK2dp0kUj
174,"Po' encima (feat. Bryant Myers)",Arcangel,65197,https://open.spotify.com/track/7sWdGtYvzlzuQRAoZ7fGeO
175,"Dile Que Tu Me Quieres Remix (feat. Yandel)",Ozuna,65022,https://open.spotify.com/track/09QOedW1xozFDsXUI7jTeV
176,"Still Got Time",ZAYN,65007,https://open.spotify.com/track/000xQL6tZNLJzIrtIgxqSl
177,"Deja Que Te Bese","Alejandro Sanz",64773,https://open.spotify.com/track/0s6yB0ZFl1LvYHAnGhXFga
178,"Para dormir contigo otra vez","Villa Cariño",64709,https://open.spotify.com/track/5MarqoT4wE5uNITGuEZams
179,"Hymn For The Weekend - Seeb Remix",Coldplay,64401,https://open.spotify.com/track/1OAiWI2oPmglaOiv9fdioU
180,Sugar,"Maroon 5",63866,https://open.spotify.com/track/494OU6M7NOf4ICYb4zWCf5
181,"Shed a Light","Robin Schulz",63655,https://open.spotify.com/track/1cG0umU5TKStygKsPFZ9pY
182,"Lean On (feat. MØ & DJ Snake)","Major Lazer",63186,https://open.spotify.com/track/4WjH9Bzt3kx7z8kl0awxh4
183,"No Lie","Sean Paul",63099,https://open.spotify.com/track/3cFsmM51N5zMAuu1nNY4Tw
184,Egoísta,"Justin Quiles",63002,https://open.spotify.com/track/5ESAML4PZAbsiTK6OgRV2q
185,"Ya Me Enteré",Reik,62926,https://open.spotify.com/track/0lPXFrKyl8HkdQ2E6NmNja
186,"El Perdedor",Maluma,62845,https://open.spotify.com/track/1iEwyiSLAunPR6uouANE0O
187,"Hacerlo de Día","Moral Distraida",62786,https://open.spotify.com/track/0nApFXPoSanA4n7j563Ind
188,"El Perdón","Nicky Jam",62729,https://open.spotify.com/track/7qCAVkHWZkF44OzOUKf8Cr
189,"Quiero Que Sepas","Juan Magán",61254,https://open.spotify.com/track/0fm7fJ4aZv6Wx0klIcyXPz
190,"Amor y dolor","Carlos Baute",61137,https://open.spotify.com/track/4efQTJSX6Jca1hHZNi74Zd
191,"El Perdedor - The Remix",Maluma,60814,https://open.spotify.com/track/4QsPTKvdpgkA7mBAvclZTa
192,"All of Me","John Legend",60799,https://open.spotify.com/track/2q6tgiA9tpb6DMguABwCWE
193,"Wonderwall - Remastered",Oasis,60300,https://open.spotify.com/track/5qqabIl2vWzo9ApSC317sa
194,"The One","The Chainsmokers",59720,https://open.spotify.com/track/0wfbD5rAksdXUzRvMfM3x5
195,"Solo Dance","Martin Jensen",59712,https://open.spotify.com/track/6HUnnBwYZqcED1eQztxMBN
196,"Green Light",Lorde,59506,https://open.spotify.com/track/0gbBzIqrECJOEPvQJIBFs5
197,"The Cure","Lady Gaga",59448,https://open.spotify.com/track/51PIvodunv6NmX5250zxAh
198,Sorry,"Justin Bieber",59354,https://open.spotify.com/track/69bp2EbF7Q2rqc5N3ylezZ
199,"Perfect Strangers","Jonas Blue",58171,https://open.spotify.com/track/1CUVN2kn7mW5FjkqXTR2W1
200,Heathens,"Twenty One Pilots",57961,https://open.spotify.com/track/6i0V12jOa3mr6uu4WYhUBr
