Position,"Track Name",Artist,Streams,URL
1,Chantaje,Shakira,880004,https://open.spotify.com/track/6mICuAdrwEjh6Y6lroV2Kg
2,"Otra Vez (feat. J Balvin)","Zion & Lennox",763750,https://open.spotify.com/track/3QwBODjSEzelZyVjxPOHdq
3,"Reggaetón Lento (Bailemos)",CNCO,760525,https://open.spotify.com/track/3AEZUABDXNtecAOSC1qTfo
4,"Vente Pa' Ca","Ricky Martin",685903,https://open.spotify.com/track/7DM4BPaS7uofFul3ywMe46
5,Safari,"J Balvin",571201,https://open.spotify.com/track/6rQSrBHf7HlZjtcMZ4S4bO
6,"Shaky Shaky","Daddy Yankee",482325,https://open.spotify.com/track/58IL315gMSTD37DOZPJ2hf
7,"Let Me Love You","DJ Snake",457250,https://open.spotify.com/track/4pdPtRcBmOSQDlJ3Fk945m
8,"Andas En Mi Cabeza","Chino & Nacho",426113,https://open.spotify.com/track/5mey7CLLuFToM2P68Qu1gF
9,"Me Llamas (feat. Maluma) - Remix","Piso 21",424544,https://open.spotify.com/track/5hEM0JchdVzQ5PwvSfITeX
10,Vacaciones,Wisin,421238,https://open.spotify.com/track/3dQDid3IUNhZy1OehIfYfE
11,"One Dance",Drake,409816,https://open.spotify.com/track/1xznGGDReH1oQq0xzbwXa3
12,"Dile Que Tu Me Quieres",Ozuna,407014,https://open.spotify.com/track/20ZAJdsKB5IGbGj4ilRt2o
13,"24K Magic","Bruno Mars",396347,https://open.spotify.com/track/6b8Be6ljOzmkOmFslEb23P
14,"Don't Wanna Know","Maroon 5",385449,https://open.spotify.com/track/5MFzQMkrl1FOOng9tq6R9r
15,"Cuatro Babys",Maluma,374267,https://open.spotify.com/track/0JoHqmlqE0W0i9prt6kcHR
16,"Borro Cassette",Maluma,370264,https://open.spotify.com/track/6DUdDIRgLqCGq1DwkNWQTN
17,Traicionera,"Sebastian Yatra",364137,https://open.spotify.com/track/5J1c3M4EldCfNxXwrwt8mT
18,Chillax,Farruko,363725,https://open.spotify.com/track/1lxswgIpzV6HhENRvkflES
19,Starboy,"The Weeknd",359663,https://open.spotify.com/track/5aAx2yezTd8zXrkmtKl66Z
20,"Ay Mi Dios",IAmChino,349526,https://open.spotify.com/track/6stYbAJgTszHAHZMPxWWCY
21,"Bailame Despacio",Xantos,348968,https://open.spotify.com/track/4OaTpLJIa2harufGxfOPUu
22,"Noche Loca",Marama,338969,https://open.spotify.com/track/0gzcET27nREY6aD8LJU9wD
23,"Te Quiero Pa´Mi","Don Omar",336042,https://open.spotify.com/track/3BY2mafsbsoKGqS380Xnuz
24,"La Bicicleta","Carlos Vives",323433,https://open.spotify.com/track/0sXvAOmXgjR2QUqLK1MltU
25,"Cold Water (feat. Justin Bieber & MØ)","Major Lazer",307844,https://open.spotify.com/track/6DNtNfH8hXkqOX1sjqmI7p
26,"My Way","Calvin Harris",307563,https://open.spotify.com/track/1vvNmPOiUuyCbgWmtc6yfm
27,"Desde Esa Noche",Thalía,305331,https://open.spotify.com/track/1pWYnQIlqxTh5bxuPmTG4E
28,"DUELE EL CORAZON","Enrique Iglesias",296669,https://open.spotify.com/track/6YZdkObH88npeKrrkb8Ggf
29,"CAN'T STOP THE FEELING! (Original Song from DreamWorks Animation's ""TROLLS"")","Justin Timberlake",295351,https://open.spotify.com/track/6JV2JOEocMgcZxYSZelKcc
30,"Rockabye (feat. Sean Paul & Anne-Marie)","Clean Bandit",295208,https://open.spotify.com/track/5knuzwU65gJK7IF5yJsuaW
31,"Gyal You A Party Animal - Remix","Charly Black",293605,https://open.spotify.com/track/1AkTW13ysu0AJrwuM6UY0I
32,"We Don't Talk Anymore (feat. Selena Gomez)","Charlie Puth",281228,https://open.spotify.com/track/68EMU2RD1ECNeOeJ5qAXCV
33,"I Took A Pill In Ibiza - Seeb Remix","Mike Posner",279646,https://open.spotify.com/track/17Fd6Yb7mSbinKG8LoWfFl
34,"Sola (Remix) [feat. Daddy Yankee, Wisin, Farruko, Zion & Lennox]","Anuel Aa",273645,https://open.spotify.com/track/5q2JbCNi4FcnglgPfxcV65
35,"La Gozadera","Gente De Zona",272320,https://open.spotify.com/track/0OMRAvrtLWE2TvcXorRiB9
36,Closer,"The Chainsmokers",256857,https://open.spotify.com/track/7BKLCZ1jbUBVqRi2FVlTVw
37,"In the Name of Love","Martin Garrix",254060,https://open.spotify.com/track/04DwTuZ2VBdJCCC5TROn7L
38,"I Feel It Coming","The Weeknd",251112,https://open.spotify.com/track/5GXAXm5YOmYT0kL5jHvYBt
39,Trumpets,"Sak Noel & Salvi",243835,https://open.spotify.com/track/5dH7o4TP3HYLvCjo4QAhhv
40,Work,Rihanna,240455,https://open.spotify.com/track/14WWzenpaEgQZlqPq2nk4v
41,"La Bicicleta - Remix","Carlos Vives",233478,https://open.spotify.com/track/7IRuf7FrdQvOGs0g9mSNGr
42,Manicomio,Cosculluela,228038,https://open.spotify.com/track/3n58u3LOFw8mITLvfPvQBz
43,Dueles,"Jesse & Joy",226116,https://open.spotify.com/track/1iRvhKiXRElIH2Uf4gd95P
44,"Hymn For The Weekend - Seeb Remix",Coldplay,224932,https://open.spotify.com/track/1OAiWI2oPmglaOiv9fdioU
45,"Baila Conmigo","Juan Magán",211409,https://open.spotify.com/track/772io14jrMTxGJbijtDccQ
46,"Hasta el Amanecer","Nicky Jam",207745,https://open.spotify.com/track/5Fim1gaXBgsiFfsQAfQSDS
47,Bobo,"J Balvin",201804,https://open.spotify.com/track/7AtlMCIauSQZqiXSlbBPW6
48,"Mayor Que Yo 3","Luny Tunes",200623,https://open.spotify.com/track/0bMRpUsk1IWi5O2NIkWsqR
49,Fuego,Juanes,187115,https://open.spotify.com/track/0mwPE0lPOgnWf2bo14xedJ
50,"Don't Let Me Down","The Chainsmokers",183444,https://open.spotify.com/track/0QsvXIfqM0zZoerQfsI9lm
51,"Gyal You A Party Animal","Charly Black",183345,https://open.spotify.com/track/1mSzZKMIPZIkn3jFV7v62b
52,"No Quiere Enamorarse (Remix) [feat. Daddy Yankee]",Ozuna,180324,https://open.spotify.com/track/4vlbjBSMqycZk6t4HVRpnC
53,"Side To Side","Ariana Grande",178509,https://open.spotify.com/track/4pLwZjInHj3SimIyN9SnOz
54,"Light It Up (feat. Nyla & Fuse ODG) - Remix","Major Lazer",174296,https://open.spotify.com/track/0L7loeTIg6akW84aEQZpCT
55,"The Greatest",Sia,170046,https://open.spotify.com/track/6bLopGnirdrilrpdVB6Um1
56,"Por Fin Te Encontré","Cali Y El Dandee",167250,https://open.spotify.com/track/3GpvoKKWZyTwgbLEM9RmWM
57,"Ya Me Enteré (feat. Nicky Jam) - Urban Version",Reik,165874,https://open.spotify.com/track/2SSYqDX8KTgy01NlqtUo0F
58,"Diles (feat. Arcangel, Nengo Flow, Dj Luian & Mambo Kings)",Farruko,162566,https://open.spotify.com/track/2FrnTVSHjgnEylKGdHRUK1
59,"This Is What You Came For","Calvin Harris",161811,https://open.spotify.com/track/0azC730Exh71aQlOt9Zj3y
60,"Locuras contigo",Rombai,159279,https://open.spotify.com/track/5jMvnSyOgGY8JpvHqeyVOg
61,"Más De La Mitad","Camila Gallardo",150104,https://open.spotify.com/track/0fvke3Xize2XpVUDoZbtyW
62,"Me Ama Me Odia",Ozuna,147000,https://open.spotify.com/track/6041gM9Th1ViQcnzkIxnuv
63,"Acércate (feat. Nicky Jam) - Remix","De La Ghetto",144860,https://open.spotify.com/track/35OC6rMxa8lJi8eDiUVShS
64,"Cheap Thrills",Sia,143971,https://open.spotify.com/track/27SdWb2rFzO6GWiYDBTD9j
65,"Me da Igual",Croni-K,143733,https://open.spotify.com/track/5VMqRp4eN8QzpBXLeOrtnT
66,"Traicionera - Remix","Sebastian Yatra",142948,https://open.spotify.com/track/2webQDZmtGioeu3zUUi9We
67,"Treat You Better","Shawn Mendes",141461,https://open.spotify.com/track/4Hf7WnR761jpxPr5D46Bcd
68,"Ruleta Rusa","Kevin Roldan",141277,https://open.spotify.com/track/77KHmKnBmVGTjRCeMVXpWH
69,"El Perdedor - The Remix",Maluma,139389,https://open.spotify.com/track/4QsPTKvdpgkA7mBAvclZTa
70,Ride,"Twenty One Pilots",135946,https://open.spotify.com/track/2Z8WuEywRWYTKe1NybPQEW
71,"El Perdedor",Maluma,135084,https://open.spotify.com/track/1iEwyiSLAunPR6uouANE0O
72,"Mi Tesoro (feat. Nicky Jam)","Zion & Lennox",135056,https://open.spotify.com/track/5HABnFSYvl6mTmg8nSdzHa
73,Encantadora,Yandel,133462,https://open.spotify.com/track/7LABrQFfRYcZUqUwng0Heb
74,"El Perdón","Nicky Jam",126086,https://open.spotify.com/track/7qCAVkHWZkF44OzOUKf8Cr
75,"Cambio De Piel","Denise Rosenthal",125430,https://open.spotify.com/track/0kMI9akTTJnC8oogTuy3Sd
76,Picky,"Joey Montana",123679,https://open.spotify.com/track/4tPL9PeVZY4c0jUPtSD5nx
77,"Cake By The Ocean",DNCE,123582,https://open.spotify.com/track/2aFiaMXmWsM3Vj72F9ksBl
78,"Amor Completo","Mon Laferte",120531,https://open.spotify.com/track/00kIWJu9IHiQ6i0qJAU0Z9
79,"Si Me Dices Que Si (feat. Nicky Jam)",Cosculluela,120333,https://open.spotify.com/track/3noN1TxpjbjjmKqssghvg8
80,"Me Gusta","Eyci and Cody",120075,https://open.spotify.com/track/5nKKpWm0lkrIMn06vlAG29
81,"Te Busco (feat. Nicky Jam)",Cosculluela,119764,https://open.spotify.com/track/6wHm04cn5HxK6pE2ITEdUS
82,"Te Vas",Ozuna,119398,https://open.spotify.com/track/2twUPIYOTqVivev47pf7bU
83,Embriágame,"Zion & Lennox",118808,https://open.spotify.com/track/07YFRv1Rj2iTtA7NY3CTcY
84,"Hasta Que Se Seque el Malecón - Remix","Jacob Forever",113736,https://open.spotify.com/track/6sMPwcpYtxm1mlgYbp1B0t
85,"Stressed Out","Twenty One Pilots",112532,https://open.spotify.com/track/3CRDbSIZ4r5MsZ0YwxuEkn
86,"Hacerlo de Día","Moral Distraida",108933,https://open.spotify.com/track/0nApFXPoSanA4n7j563Ind
87,"Just Hold On","Steve Aoki",108868,https://open.spotify.com/track/3EmmCZoqpWOTY1g2GBwJoR
88,"The Mack",Nevada,108653,https://open.spotify.com/track/7aV2mflaASUmGhCErm7kBO
89,"Sin Contrato",Maluma,108400,https://open.spotify.com/track/09S64DUkxIX9EwIaULu6yN
90,Heathens,"Twenty One Pilots",107761,https://open.spotify.com/track/6i0V12jOa3mr6uu4WYhUBr
91,"Encantadora - Remix",Yandel,107722,https://open.spotify.com/track/0EpFfFZpCuqYFzHvxOtrZS
92,"Sorry - Latino Remix","Justin Bieber",107338,https://open.spotify.com/track/0XXLwO7YHHTAK3OJkWQ37b
93,Ginza,"J Balvin",107125,https://open.spotify.com/track/5N8nNuTmIzkZOfcxXlygUw
94,"Sin Contrato - Remix",Maluma,105919,https://open.spotify.com/track/2xNZeeqmwMPVKnD7FSQfgt
95,"Thinking Out Loud","Ed Sheeran",102028,https://open.spotify.com/track/1Slwb6dOYkBlWal1PGtnNg
96,"Work from Home","Fifth Harmony",102003,https://open.spotify.com/track/4tCtwWceOPWzenK2HAIJSb
97,"Embriágame (feat. Don Omar) - Remix","Zion & Lennox",101672,https://open.spotify.com/track/1WOJTQfNUEkLlsinPP95VM
98,"Deberia odiarte","Noche de Brujas",98818,https://open.spotify.com/track/0mErnrwJUNEMq6X5bu2I0u
99,"Si Ella Quisiera - Remix","Justin Quiles",98586,https://open.spotify.com/track/0A2h9QjoPdbVwa9LFiijqM
100,"Las Fresas - Version Urban","Banda El Recodo",98543,https://open.spotify.com/track/6IGab4crwh7isfovdM1joQ
101,"Tu Falta De Querer","Mon Laferte",98395,https://open.spotify.com/track/4skuEIloXWuxxgekKupkEH
102,Faded,"Alan Walker",97605,https://open.spotify.com/track/7gHs73wELdeycvS48JfIos
103,"La Duda",Américo,96036,https://open.spotify.com/track/2SGdKTPv974Mzsqc2HvRog
104,"Si Ella Quisiera","Justin Quiles",95859,https://open.spotify.com/track/7cIkMEpDhT7Vpw1FHOQqKC
105,Photograph,"Ed Sheeran",94633,https://open.spotify.com/track/6fxVffaTuwjgEk5h9QyRjy
106,"El Chisme",Reykon,94031,https://open.spotify.com/track/4VXejnj5WgM6H72ct2fSgQ
107,"La Ocasion (feat. Arcangel, Ozuna & Anuel Aa)","De La Ghetto",93798,https://open.spotify.com/track/498YWgZPJWIA4lphXtCNma
108,"Lean On (feat. MØ & DJ Snake)","Major Lazer",93524,https://open.spotify.com/track/4WjH9Bzt3kx7z8kl0awxh4
109,"Perfect Strangers","Jonas Blue",92891,https://open.spotify.com/track/1CUVN2kn7mW5FjkqXTR2W1
110,Sugar,"Maroon 5",92375,https://open.spotify.com/track/494OU6M7NOf4ICYb4zWCf5
111,"Otra Copa (feat. Farruko)","Justin Quiles",92290,https://open.spotify.com/track/5KX51uLJYo1S1MmITG7lHD
112,Nena,Marama,91410,https://open.spotify.com/track/347TStOSY6IOqMB84Rpxwk
113,Sorry,"Justin Bieber",91256,https://open.spotify.com/track/69bp2EbF7Q2rqc5N3ylezZ
114,TKM,Gepe,89693,https://open.spotify.com/track/2r9homVqy3ntb7iOoROL88
115,"I Don’t Wanna Live Forever (Fifty Shades Darker) - From ""Fifty Shades Darker (Original Motion Picture Soundtrack)""",ZAYN,89438,https://open.spotify.com/track/3NdDpSvN911VPGivFlV5d0
116,"Love Yourself","Justin Bieber",89308,https://open.spotify.com/track/3hB5DgAiMAQ4DzYbsMq1IT
117,"Adventure Of A Lifetime",Coldplay,87080,https://open.spotify.com/track/69uxyAqqPIsUyTO8txoP2M
118,"De Pies a Cabeza",Maná,86671,https://open.spotify.com/track/2CkHE54EH44Qj945ynQRw7
119,"All We Know","The Chainsmokers",85394,https://open.spotify.com/track/2rizacJSyD9S1IQUxUxnsK
120,"Pierde Los Modales","J Balvin",85281,https://open.spotify.com/track/4r3itKA9HEJo48RG65OEnt
121,"Como Yo Le Doy - Spanglish Version",Pitbull,85228,https://open.spotify.com/track/2MRv991PzjY2ecCluXoRq9
122,"The Greatest",Sia,85202,https://open.spotify.com/track/7xHWNBFm6ObGEQPaUxHuKO
123,"Bailen (Remix)","Franco ""El Gorilla""",85148,https://open.spotify.com/track/3dqBmUFihufaWii7TGLXyE
124,"Call On Me - Ryan Riback Extended Remix",Starley,84920,https://open.spotify.com/track/78rIJddV4X0HkNAInEcYde
125,"Danza Kuduro","Don Omar",84843,https://open.spotify.com/track/2a1o6ZejUi8U3wzzOtCOYw
126,"Fanática Sensual","Plan B",83555,https://open.spotify.com/track/1BygxKyZjq2xjQiFMkSFGp
127,"Amor y dolor","Carlos Baute",83487,https://open.spotify.com/track/4efQTJSX6Jca1hHZNi74Zd
128,"Tu No Vive Asi (feat. Mambo Kingz & DJ Luian)",Arcangel,82968,https://open.spotify.com/track/6NSMQFKgjpQb0KkjMDYIK0
129,"Andas En Mi Cabeza - Remix","Chino & Nacho",82791,https://open.spotify.com/track/733ybNEEEXHYxfk8sK6MRO
130,"Me gusta todo de ti","Noche de Brujas",82706,https://open.spotify.com/track/0WBpK4TdYkkRtpYaGixO2x
131,"Una en un Millón","Alexis & Fido",82320,https://open.spotify.com/track/4SrcC7RYF496LSwl0XKdi1
132,Loquita,Marama,82119,https://open.spotify.com/track/2xjcDF21U2ccgE2LEeiMbf
133,Privado,Rvssian,81911,https://open.spotify.com/track/11zRKpjEZwmcBBBGzB4pMn
134,"Soy Peor","Bad Bunny",81667,https://open.spotify.com/track/5MT96Zz0ymUJNm8obKZQr0
135,"Nunca Me Olvides",Yandel,81458,https://open.spotify.com/track/27ebni0DfbT5Owz6W42HP8
136,Mercy,"Shawn Mendes",80956,https://open.spotify.com/track/4TZy1wLyHec06pwgFYDh1a
137,"Too Good",Drake,80708,https://open.spotify.com/track/11KJSRSgaDxqydKYiD2Jew
138,"Por Qué Sigues Con Él - Remix","Bryant Myers",79524,https://open.spotify.com/track/1RBY0rTVoWMVb3eCTbTSjP
139,"Shed a Light","Robin Schulz",79224,https://open.spotify.com/track/1cG0umU5TKStygKsPFZ9pY
140,Oyeme,"Noche de Brujas",76709,https://open.spotify.com/track/0zsbeQtP0KZ9hXabeCHqo2
141,"Nacimos Para Morir (feat. Joryboy)","Anuel Aa",76597,https://open.spotify.com/track/2eKBklE5CLx5g7XXSXpj3o
142,"Me Reclama","Mambo Kingz",76545,https://open.spotify.com/track/4ojwGTehgBRAg52jbFgzJg
143,"Serenata cruel","Villa Cariño",76368,https://open.spotify.com/track/152U4ecGSiYeKm2gnFc4wA
144,"Que Raro",Feid,75770,https://open.spotify.com/track/3kg9JvQe6QJFKUQCN1oIQz
145,"Un Año Más","La Sonora De Tommy Rey",75553,https://open.spotify.com/track/7JlNLlXzFbeKusnGJzGawA
146,"The Scientist",Coldplay,75246,https://open.spotify.com/track/75JFxkI2RXiU7L9VXzMkle
147,"Send My Love (To Your New Lover)",Adele,74976,https://open.spotify.com/track/4BHzQ9C00ceJxfG16AlNWb
148,"Can't Feel My Face","The Weeknd",74883,https://open.spotify.com/track/6RsWqX8zABZLhZydXxEFOm
149,"By Your Side","Jonas Blue",74765,https://open.spotify.com/track/1D3ODoXHBLpdxolZRHWV1j
150,"Black Beatles","Rae Sremmurd",74710,https://open.spotify.com/track/6fujklziTHa8uoM5OQSfIo
151,"Soy Feo Pero Rico","La Combo Tortuga",74649,https://open.spotify.com/track/7wKrYpEkIa4NNSwkd1YqRQ
152,"Moviendo Caderas",Yandel,74534,https://open.spotify.com/track/0bdL8X3MrX51dRz231BFtv
153,"Un Polvo",Maluma,74530,https://open.spotify.com/track/01vHGJRvJ6EZW9KO8NtZpi
154,"Say You Won't Let Go","James Arthur",74501,https://open.spotify.com/track/5uCax9HTNlzGybIStD3vDh
155,"Ando buscando","Carlos Baute",73139,https://open.spotify.com/track/7BwJtE8KSbCQKOCTIAY3jX
156,"Deja Que Te Bese","Alejandro Sanz",72729,https://open.spotify.com/track/0s6yB0ZFl1LvYHAnGhXFga
157,"What Do You Mean?","Justin Bieber",72615,https://open.spotify.com/track/3pzjHKrQSvXGHQ98dx18HI
158,Vaivén,"Daddy Yankee",72603,https://open.spotify.com/track/0OnqFl8tNKgkIl489RdfuK
159,Middle,"DJ Snake",72457,https://open.spotify.com/track/4OZEu0Vwq0RB2LAq14v99n
160,"Fake Love",Drake,72251,https://open.spotify.com/track/343YBumqHu19cGoGARUTsd
161,Starving,"Hailee Steinfeld",72175,https://open.spotify.com/track/1qOLh0tI7trd1zdDKxYZTe
162,"Bailando - Spanish Version","Enrique Iglesias",71057,https://open.spotify.com/track/32lm3769IRfcnrQV11LO4E
163,"Una Cerveza",Rafaga,71028,https://open.spotify.com/track/3LNZSTiwQYL7BnTfHvIOII
164,"Medley 2: Agua que no has de beber - Ole, ole - La pena de un campesino - Ole, ole - Sau, sau","Sonora Palacios",70755,https://open.spotify.com/track/425fW8feWBUxC5KKcZMMru
165,"Algo Me Gusta De Ti","Wisin & Yandel",70614,https://open.spotify.com/track/2FqoR7diymD1Eh7cVb3DMg
166,"Quien Dijo Amigos","Carlitos Rossy",70376,https://open.spotify.com/track/5mmeEKfSZZiggiRsNF5kot
167,"Cuando Se Pone a Bailar",Rombai,70172,https://open.spotify.com/track/1MpKZi1zTXpERKwxmOu1PH
168,"7 Years","Lukas Graham",69685,https://open.spotify.com/track/7129iqBafaphfc3WPCGC0L
169,"Medley 3: El galeón español - Un año más - El caminante - La Mafafa - La arañita - Negrito Cumbia","Sonora Palacios",69066,https://open.spotify.com/track/5Seb5lelcZV6fZVGXxmAZG
170,"Cheap Thrills",Sia,68880,https://open.spotify.com/track/378iszndTZAR4dH8kwsLC6
171,"La Mordidita","Ricky Martin",68781,https://open.spotify.com/track/00i0O74dXdaKKdCrqHnfXm
172,Sex,"Cheat Codes",68694,https://open.spotify.com/track/5DA77EqppDmCTWGovd4oTP
173,"Yo tambien",Rombai,68190,https://open.spotify.com/track/1EK5Sm4E09P1lcdyKsygoV
174,Hello,"Karol G",68108,https://open.spotify.com/track/1PGENMzwUy16wlpZiuLS65
175,"Into You","Ariana Grande",67706,https://open.spotify.com/track/7yHEDfrJNd0zWOfXwydNH0
176,Alone,"Alan Walker",67446,https://open.spotify.com/track/0JiVRyTJcJnmlwCZ854K4p
177,Curiosidad,Rombai,66520,https://open.spotify.com/track/4PCVVIrUDldF5r7RXtOB5W
178,Obsesionado,Farruko,66244,https://open.spotify.com/track/5Jt4zdXTd9y1zxihiNYQI1
179,"Lush Life","Zara Larsson",66163,https://open.spotify.com/track/1rIKgCH4H52lrvDcz50hS8
180,"Entre la Playa Ella y Yo (feat. Vato 18k)","Big Yamo",66062,https://open.spotify.com/track/5VW1EsUBGGCng7GhBvtElx
181,"Yo te propongo",Rombai,65888,https://open.spotify.com/track/0YFoSD5VhoVrRbrnFERpVM
182,"Pierdo la Cabeza - Official Remix","Zion & Lennox",65727,https://open.spotify.com/track/7tA7IQiLWAqTXahUQ9RvfN
183,"Quitate la Ropa (Remix) [feat. Farruko, Kendo & Juanka]","Sammy & Falsetto",65165,https://open.spotify.com/track/1ZpI60NGMod7w7sCjkjDr5
184,"Qué Gano Olvidándote - Versión Urbana",Reik,64433,https://open.spotify.com/track/3H179O48ynsu9q8LOnFQZY
185,"Final Song",MØ,64314,https://open.spotify.com/track/4qqArAiTPueDxIp7cf87h7
186,"Ya Me Enteré",Reik,62992,https://open.spotify.com/track/0lPXFrKyl8HkdQ2E6NmNja
187,"Sin Contrato",Maluma,62832,https://open.spotify.com/track/3yHJs5NmQk2ROAWCfjniXV
188,"Te Vuelvo a Ver","La Combo Tortuga",62826,https://open.spotify.com/track/2NItmgHAUnsICEWIY5DQmj
189,"Uptown Funk","Mark Ronson",62798,https://open.spotify.com/track/32OlwWuMpZ6b0aN2RZOeMS
190,Stitches,"Shawn Mendes",62681,https://open.spotify.com/track/1WP1r7fuvRqZRnUaTi2I1Q
191,"Hear Me Now",Alok,62111,https://open.spotify.com/track/1a5Yu5L18qNxVhXx38njON
192,"Me llamas","Piso 21",61917,https://open.spotify.com/track/3jpqMaJREkmVDYlRvW1qWC
193,Chandelier,Sia,61678,https://open.spotify.com/track/4VrWlk8IQxevMvERoX08iC
194,"Time of Our Lives",Pitbull,61463,https://open.spotify.com/track/2bJvI42r8EF3wxjOuDav4r
195,Llore,Schuster,60649,https://open.spotify.com/track/3tVJL94PMydAiNa9Jy549x
196,"No Money",Galantis,60592,https://open.spotify.com/track/0gb1J5UrTpzaU1s3nupgCd
197,"Me Marcharé (feat. Wisin)","Los Cadillac's",60212,https://open.spotify.com/track/2Q2kk3DU9lMeBjdgjvqrXr
198,"Persiana Americana","Soda Stereo",59764,https://open.spotify.com/track/7JZP7kQsuFFWOrtAI7uNiW
199,"La Cómplice","Alexis & Fido",59689,https://open.spotify.com/track/5ommnX8qOlbjRspCEFkn57
200,"Para dormir contigo otra vez","Villa Cariño",59478,https://open.spotify.com/track/5MarqoT4wE5uNITGuEZams
