Position,"Track Name",Artist,Streams,URL
1,"Se Preparó",Ozuna,1033167,https://open.spotify.com/track/1m69ELEgE6k5ZWsap40ozt
2,Mayores,"Becky G",948126,https://open.spotify.com/track/7JNh1cfm0eXjqFVOzKLyau
3,"Báilame - Remix",Nacho,931587,https://open.spotify.com/track/3VClLWqNn80Llv0PJOsKgr
4,Criminal,"Natti Natasha",880246,https://open.spotify.com/track/2SmgFAhQkQCQPyBiBxR6Te
5,"Me Rehúso","Danny Ocean",842080,https://open.spotify.com/track/6De0lHrwBfPfrhorm9q1Xl
6,"Mi Gente","J Balvin",820694,https://open.spotify.com/track/2rb5MvYT7ZIxbKW5hfcHx8
7,Bonita,"J Balvin",765876,https://open.spotify.com/track/693iqPOQvhI7PobtR8CC8v
8,"Bella y Sensual","Romeo Santos",746726,https://open.spotify.com/track/0ERbK7qVqveCaBWIiYCrl3
9,"Que Va","Alex Sensation",704171,https://open.spotify.com/track/7ofxPmTNMj2GP07g1VZa0O
10,"Como Antes",Yandel,697539,https://open.spotify.com/track/5YzA563GXTuwQaRq24z1k5
11,Vuelve,"Daddy Yankee",695517,https://open.spotify.com/track/0lJCqIx5BhZtf6QtYI2fbv
12,Explícale,Yandel,691990,https://open.spotify.com/track/1LszjjoVwDDZcWUQbzeDLG
13,"Escápate Conmigo",Wisin,689626,https://open.spotify.com/track/2cnKEkpVUSV4wnjQiTWfH6
14,"Robarte un Beso","Carlos Vives",621079,https://open.spotify.com/track/4z3GJkrtH97Bj6fRta983T
15,"Felices los 4",Maluma,603439,https://open.spotify.com/track/0qYTZCo5Bwh1nsUFGZP3zn
16,"Una Lady Como Tú","Manuel Turizo",595595,https://open.spotify.com/track/7MHN1aCFtLXjownGhvEQlF
17,"Hey DJ",CNCO,564907,https://open.spotify.com/track/209gZgcfLq2aUuu51vOWBl
18,"Ahora Dice","Chris Jeday",548636,https://open.spotify.com/track/22eADXu8DfOAUEDw4vU8qy
19,"3 A.M.","Jesse & Joy",540420,https://open.spotify.com/track/0yyZN5ASdrYu0XYWFzfxUu
20,"Suena El Dembow","Joey Montana",526292,https://open.spotify.com/track/5TysCiZtv1HnSWcTcUFusI
21,"Perro Fiel",Shakira,508062,https://open.spotify.com/track/70lnL3QaSOIIyMa2X9aVRL
22,"Sola (Remix) [feat. Daddy Yankee, Wisin, Farruko, Zion & Lennox]","Anuel Aa",493102,https://open.spotify.com/track/5q2JbCNi4FcnglgPfxcV65
23,"Tú Foto",Ozuna,492103,https://open.spotify.com/track/5zSOVwaY3sVjnmLhuEfsuf
24,"Escápate Conmigo - Remix",Wisin,485573,https://open.spotify.com/track/5P45f6HakSHDwdFj5dO5K5
25,"El Farsante",Ozuna,483524,https://open.spotify.com/track/5EId1m4DNwTf3at31w8bPJ
26,"La Formula (feat. Chris Jeday)","De La Ghetto",478613,https://open.spotify.com/track/4XCQtUoRSh22Ep18ULmDnT
27,"Loco Enamorado","Abraham Mateo",456024,https://open.spotify.com/track/4N1c5rmWOzRmB9SMacr5wB
28,Besándote,"Piso 21",425583,https://open.spotify.com/track/13X0XdLMOdtbXVtAj2ox4h
29,"Una Lady Como Tú - Remix","Manuel Turizo",416832,https://open.spotify.com/track/7MMRoGvm7uhoUVhGvHJ3yW
30,"Otra Vez (feat. J Balvin)","Zion & Lennox",414616,https://open.spotify.com/track/3QwBODjSEzelZyVjxPOHdq
31,"Krippy Kush",Farruko,412671,https://open.spotify.com/track/7FfpP3YZ6fOWMdxkIAtud9
32,"New Rules","Dua Lipa",401592,https://open.spotify.com/track/2ekn2ttSfGqwhhate0LSR0
33,"Sigo Extrañándote","J Balvin",398217,https://open.spotify.com/track/6qDF4wWL49CAVbgT7yuHl8
34,"Bebe (feat. Anuel AA)",Ozuna,395642,https://open.spotify.com/track/6SIrNxmmdbv1KUbFBu1PaN
35,"Shape of You","Ed Sheeran",385819,https://open.spotify.com/track/7qiZfU4dY1lWllzX7mPBI3
36,"Si Tú La Ves","Nicky Jam",385753,https://open.spotify.com/track/4yN6xPLopmTLvc27pO9LIE
37,"Ahora Me Llama","Karol G",382336,https://open.spotify.com/track/61HHDBLqF3AmSvLfHKNGd2
38,"Me Llamas (feat. Maluma) - Remix","Piso 21",373781,https://open.spotify.com/track/5hEM0JchdVzQ5PwvSfITeX
39,"Sexto Sentido (feat. Bad Bunny)","Gigolo Y La Exce",370947,https://open.spotify.com/track/3iDPALl8BoUbuXZgy6EOWY
40,"La Realidad (Remix)",Pusho,362059,https://open.spotify.com/track/2PgsOTPkF25VJ9cZmUjSKE
41,Báilame,Nacho,348961,https://open.spotify.com/track/7lRsNbdOGykkMAgsqs4R1C
42,"No Quiero Amores",Yandel,347784,https://open.spotify.com/track/37sexcbewtWiE8PDuLRFrY
43,"Loca (feat. Cali Y El Dandee)","Maite Perroni",343009,https://open.spotify.com/track/05ZXXyeZFhZtA6DAP3Aw7x
44,"Mi Gente (feat. Beyoncé)","J Balvin",340503,https://open.spotify.com/track/7fwXWKdDNI5IutOMc5OKYw
45,"La Rompe Corazones","Daddy Yankee",330369,https://open.spotify.com/track/4okba5wu9mMLXx79DXLKi3
46,"Despacito (Featuring Daddy Yankee)","Luis Fonsi",324983,https://open.spotify.com/track/4aWmUDTfIPGksMNLV2rQP2
47,"Te Quiero Pa´Mi","Don Omar",316773,https://open.spotify.com/track/3BY2mafsbsoKGqS380Xnuz
48,"Ayer 2","Anuel Aa",290058,https://open.spotify.com/track/5ZF3889W92eTBOROe0lPNN
49,"Diles (feat. Arcangel, Nengo Flow, Dj Luian & Mambo Kings)",Farruko,289949,https://open.spotify.com/track/2FrnTVSHjgnEylKGdHRUK1
50,"Quiero Repetir",Ozuna,280531,https://open.spotify.com/track/0MIcPSq9n2z5H8TAfEstri
51,"Soy Peor Remix (feat. J Balvin, Ozuna & Arcangel)","Bad Bunny",276408,https://open.spotify.com/track/4UG962ViiLqoUyx0RjCcwP
52,Netflixxx,Brytiago,274901,https://open.spotify.com/track/5gFAT2DbEt4TOMXyAMEixG
53,"Know No Better (feat. Travis Scott & Quavo) - Bad Bunny Remix","Major Lazer",273254,https://open.spotify.com/track/6ciFFQZcrCwSiUBZvEZrJc
54,"El Amante","Nicky Jam",261448,https://open.spotify.com/track/3umS4y3uQDkqekNjVpiRUs
55,"Me Enamoré",Shakira,255829,https://open.spotify.com/track/4qknM1pQz53QOyfDVTjcM9
56,"Tu No Metes Cabra","Bad Bunny",247133,https://open.spotify.com/track/10nQ3Pj0o1XotcikgJPVKD
57,"Si Tu Lo Dejas",Rvssian,207472,https://open.spotify.com/track/2naJy8SKJ27gj6ZhRPDKaz
58,"Quédate Conmigo","Chyno Miranda",198574,https://open.spotify.com/track/0a9b4sUavOWgyc9jeScv7Y
59,"Si Tu Novio Te Deja Sola","J Balvin",196205,https://open.spotify.com/track/0RFFFGtPn6a58RHY3ccVYX
60,"No Te Hagas","Jory Boy",195672,https://open.spotify.com/track/5hKjEpYrJIJs6uPl7zw6Y6
61,"Reggaetón Lento (Bailemos)",CNCO,195565,https://open.spotify.com/track/3AEZUABDXNtecAOSC1qTfo
62,"Me Mata","Bad Bunny",192357,https://open.spotify.com/track/2wgDAPgBhFA7pnIbm0YOhP
63,"Diabla - Official Remix",Farruko,190764,https://open.spotify.com/track/2OxUtaKYeahAGNaBiahXtR
64,"El Amante - Remix","Nicky Jam",186616,https://open.spotify.com/track/04f13iELcsYpY2yeLiAcfq
65,"Olha a Explosão","MC Kevinho",175638,https://open.spotify.com/track/6m2LNopVJKsvBB9l7Z1rwn
66,"Reggaetón Lento (Remix) [CNCO & Little Mix]",CNCO,171481,https://open.spotify.com/track/3zoYkqS4y2BsGVShPL2nTE
67,"Dusk Till Dawn - Radio Edit",ZAYN,171358,https://open.spotify.com/track/1j4kHkkpqZRBwE0A4CN4Yv
68,"Bailame despacio - Piso 21 Remix",Xantos,164436,https://open.spotify.com/track/7LFLJWIQFHsaDw5FOltT5Z
69,"Swalla (feat. Nicki Minaj & Ty Dolla $ign)","Jason Derulo",163014,https://open.spotify.com/track/6kex4EBAj0WHXDKZMEJaaF
70,"Hey Ma (with Pitbull & J Balvin feat. Camila Cabello) - Spanish Version",Pitbull,162697,https://open.spotify.com/track/2Vdub5mY4lad7w64bFPUez
71,Solo,"El Nene La amenaza",162429,https://open.spotify.com/track/2rrJfOphzn4uQCK9X0x6R6
72,Amárrame,"Mon Laferte",161535,https://open.spotify.com/track/0u13src3QcditRU5VPduML
73,"Un Ratito Mas","Bryant Myers",161327,https://open.spotify.com/track/21lnmphofXWWeSSx0PEMjc
74,Attention,"Charlie Puth",160014,https://open.spotify.com/track/4iLqG9SeJSnt0cSPICSjxv
75,Chantaje,Shakira,159962,https://open.spotify.com/track/6mICuAdrwEjh6Y6lroV2Kg
76,Vacaciones,Wisin,159595,https://open.spotify.com/track/3dQDid3IUNhZy1OehIfYfE
77,"Soy Peor","Bad Bunny",156595,https://open.spotify.com/track/5MT96Zz0ymUJNm8obKZQr0
78,Safari,"J Balvin",154925,https://open.spotify.com/track/6rQSrBHf7HlZjtcMZ4S4bO
79,"I Feel It Coming","The Weeknd",154718,https://open.spotify.com/track/5GXAXm5YOmYT0kL5jHvYBt
80,"Esa Boquita","J Alvarez",152609,https://open.spotify.com/track/3tWeAH4IYIrxV2jrUk9Ab3
81,Feels,"Calvin Harris",151385,https://open.spotify.com/track/5bcTCxgc7xVfSaMV3RuVke
82,Perfect,"Ed Sheeran",148671,https://open.spotify.com/track/0tgVpDi06FyKpA1z0VMD4v
83,"No vaya a ser","Pablo Alborán",147584,https://open.spotify.com/track/2yajAy8Va9VTk3yhF9B3ET
84,"Vente Pa' Ca","Ricky Martin",144797,https://open.spotify.com/track/7DM4BPaS7uofFul3ywMe46
85,"Too Good At Goodbyes","Sam Smith",143933,https://open.spotify.com/track/0mel2N9Ws9r4yLQn5QE21Y
86,Imitadora,"Romeo Santos",143423,https://open.spotify.com/track/6r46lnXFbE9fr2d3KNaGbe
87,"What Lovers Do (feat. SZA)","Maroon 5",143396,https://open.spotify.com/track/4mxWSdf71VFO52qFeY0fZt
88,"Buscando Huellas (feat. J Balvin & Sean Paul)","Major Lazer",142331,https://open.spotify.com/track/6WMYFEd4MJDIjJARHnOxoN
89,"Nunca Me Amo","Jon Z",142218,https://open.spotify.com/track/1uihSnDxZidO3IMM2hmUBW
90,"Cuando Se Pone a Bailar",Rombai,141049,https://open.spotify.com/track/1MpKZi1zTXpERKwxmOu1PH
91,"That's What I Like","Bruno Mars",139827,https://open.spotify.com/track/0KKkJNfGyhkQ5aFogxQAPU
92,"Friends (with BloodPop®)","Justin Bieber",139158,https://open.spotify.com/track/7nZmah2llfvLDiUjm0kiyz
93,Havana,"Camila Cabello",139112,https://open.spotify.com/track/0ofbQMrRDsUaVKq2mGLEAb
94,"Mi Religión",Yandel,139071,https://open.spotify.com/track/3dnOHn0A5q3ny1LLLnSAty
95,"La Última Vez","Anuel Aa",137425,https://open.spotify.com/track/4J1e3hbf0e5YUZjkxyJWD3
96,"Me Acostumbre (feat. Bad Bunny)",Arcangel,135965,https://open.spotify.com/track/2FIm6YsSGL5acOqSuJDh5s
97,"Andas En Mi Cabeza","Chino & Nacho",135039,https://open.spotify.com/track/5mey7CLLuFToM2P68Qu1gF
98,"Me Descontrola","Alexis & Fido",135029,https://open.spotify.com/track/3slazms3TpwswQBlwZ20hb
99,"Dure Dure",Jencarlos,133179,https://open.spotify.com/track/42MoYJb42qprlpJU0OEhAT
100,"Ahora Me Llama - Remix","Karol G",132415,https://open.spotify.com/track/3FaqBbYj8arTCdhVABY8mB
101,"Caile (feat. Zion & De La Ghetto)",Revol,131817,https://open.spotify.com/track/626rYyBfeAeleh1F5t4B70
102,"Tu No Vive Asi (feat. Mambo Kingz & DJ Luian)",Arcangel,131641,https://open.spotify.com/track/6NSMQFKgjpQb0KkjMDYIK0
103,"Amigos y Enemigos - Remix",Noriel,131301,https://open.spotify.com/track/2sA4woGW5KgEgGXXxOKPAZ
104,"Jocelyn Flores",XXXTENTACION,131097,https://open.spotify.com/track/7m9OqQk4RVRkw9JJdeAw96
105,"Ay Mi Dios",IAmChino,129536,https://open.spotify.com/track/6stYbAJgTszHAHZMPxWWCY
106,"Bebé - Remix",Brytiago,127135,https://open.spotify.com/track/2jVJYU4X3aD8hlTco3MlsN
107,"2U (feat. Justin Bieber)","David Guetta",127056,https://open.spotify.com/track/3A7qX2QjDlPnazUsRk5y0M
108,"Gyal You A Party Animal - Remix","Charly Black",126596,https://open.spotify.com/track/1AkTW13ysu0AJrwuM6UY0I
109,"Un Poco Más De Frío","Camila Gallardo",126493,https://open.spotify.com/track/3ZGLzkuKPU2ngeicx6LqOb
110,"Noche Loca",Marama,126078,https://open.spotify.com/track/0gzcET27nREY6aD8LJU9wD
111,"Dile Que Tu Me Quieres",Ozuna,125346,https://open.spotify.com/track/5u5MvmVtitax9R1Mxh3reC
112,Believer,"Imagine Dragons",124670,https://open.spotify.com/track/0CcQNd8CINkwQfe1RDtGV6
113,"Pa Ti","Bad Bunny",124585,https://open.spotify.com/track/17nOaHsTn06jxuU9NpHuFU
114,"24K Magic","Bruno Mars",123764,https://open.spotify.com/track/6b8Be6ljOzmkOmFslEb23P
115,"Alguien Robo","Sebastian Yatra",123276,https://open.spotify.com/track/5i50gKdLAjjIr7UxRT5IVy
116,Besame,Valentino,122940,https://open.spotify.com/track/7Ckhk1XW5NV2k4jpqtQNlz
117,"Qué Me Has Hecho",Chayanne,122170,https://open.spotify.com/track/3nUNwSYEUv9bmUc3de0Owv
118,rockstar,"Post Malone",120905,https://open.spotify.com/track/7wGoVu4Dady5GV0Sv4UIsx
119,"Shape of You (Latin Remix) [feat. Zion & Lennox]","Ed Sheeran",119827,https://open.spotify.com/track/5nCtCCB5i1OfbADvynNw0i
120,"Look What You Made Me Do","Taylor Swift",118636,https://open.spotify.com/track/6uFsE1JgZ20EXyU0JQZbUR
121,"Tu Falta De Querer","Mon Laferte",118315,https://open.spotify.com/track/4skuEIloXWuxxgekKupkEH
122,"SUBEME LA RADIO","Enrique Iglesias",117609,https://open.spotify.com/track/7nKBxz47S9SD79N086fuhn
123,Traicionera,"Sebastian Yatra",116755,https://open.spotify.com/track/5J1c3M4EldCfNxXwrwt8mT
124,"Sígueme Bailando","Juan Magán",115951,https://open.spotify.com/track/1fiwHsiitsbudIjFgmzrM4
125,Saturno,"Pablo Alborán",115631,https://open.spotify.com/track/2oKjjRzItVu8JZScrpzFTx
126,"Si Me Muero (feat. Farruko, Lary Over, Nengo Flow & Darell)","Pepe Quintana",114770,https://open.spotify.com/track/7gLApUvGknNvpqeRtgp7S9
127,"A Ella","Karol G",114074,https://open.spotify.com/track/3nqrj9bM1clIkejk7BVPtX
128,"Borro Cassette",Maluma,113987,https://open.spotify.com/track/6DUdDIRgLqCGq1DwkNWQTN
129,"Thinking Out Loud","Ed Sheeran",113955,https://open.spotify.com/track/1Slwb6dOYkBlWal1PGtnNg
130,Thunder,"Imagine Dragons",112735,https://open.spotify.com/track/0tKcYR2II1VCQWT79i5NrW
131,"There's Nothing Holdin' Me Back","Shawn Mendes",110184,https://open.spotify.com/track/79cuOz3SPQTuFrp8WgftAu
132,"Doble Personalidad",Noriel,110061,https://open.spotify.com/track/6F23RA4YzxmSOS7StCKEXb
133,"Hablame Claro","Bryant Myers",110005,https://open.spotify.com/track/1QS4201reOvarHePcxOAk1
134,"Sorry Not Sorry","Demi Lovato",109965,https://open.spotify.com/track/3m660poUr1chesgkkjQM7P
135,"Serenata cruel","Villa Cariño",109199,https://open.spotify.com/track/152U4ecGSiYeKm2gnFc4wA
136,"Bailame Despacio",Xantos,107825,https://open.spotify.com/track/4OaTpLJIa2harufGxfOPUu
137,Díganle,"Leslie Grace",107752,https://open.spotify.com/track/4C1opPFRPafp6yj4AJPBRB
138,"Let Me Love You","DJ Snake",107679,https://open.spotify.com/track/4pdPtRcBmOSQDlJ3Fk945m
139,"Persiana Americana","Soda Stereo",107223,https://open.spotify.com/track/7JZP7kQsuFFWOrtAI7uNiW
140,Chillax,Farruko,106838,https://open.spotify.com/track/1lxswgIpzV6HhENRvkflES
141,"Despacito - Remix","Luis Fonsi",106687,https://open.spotify.com/track/5CtI0qwDJkDQGwXD1H1cLb
142,"We Don't Talk Anymore (feat. Selena Gomez)","Charlie Puth",105938,https://open.spotify.com/track/68EMU2RD1ECNeOeJ5qAXCV
143,"Mi Tesoro (feat. Nicky Jam)","Zion & Lennox",105895,https://open.spotify.com/track/5HABnFSYvl6mTmg8nSdzHa
144,"Percocet - Remix","Alex Rose",105699,https://open.spotify.com/track/7H6OwsBoSI4BVWm5M7MTOQ
145,Cumpleaños,Ozuna,105646,https://open.spotify.com/track/6La6oWlGposkrgvLjjRJju
146,"Pa Pasar El Rato","Bryant Myers",104992,https://open.spotify.com/track/1v785WZqLWlA9bwsIfqBJV
147,"El Gil de Tu Ex",SantaFeria,103317,https://open.spotify.com/track/3cUE3p7E39CzGjQoEsg7sM
148,"One Dance",Drake,103077,https://open.spotify.com/track/1xznGGDReH1oQq0xzbwXa3
149,"Something Just Like This","The Chainsmokers",103057,https://open.spotify.com/track/6RUKPb4LETWmmr3iAEQktW
150,"Sólo Mía",Yandel,102831,https://open.spotify.com/track/1ei3g2hMYh1VKvik9FoUQR
151,"Ni Tú Ni Yo","Jennifer Lopez",101017,https://open.spotify.com/track/5xMzazov0IHYllrc8U2K6F
152,"Unforgettable - Latin Remix","French Montana",100813,https://open.spotify.com/track/4zii9cq9ZgxYJFnaxM3Tul
153,"Cásate Conmigo","Silvestre Dangond",100505,https://open.spotify.com/track/6f4UPdDBQONKJBRqwZGjaJ
154,"Rockabye (feat. Sean Paul & Anne-Marie)","Clean Bandit",100303,https://open.spotify.com/track/5knuzwU65gJK7IF5yJsuaW
155,"No Lie","Sean Paul",100250,https://open.spotify.com/track/3cFsmM51N5zMAuu1nNY4Tw
156,Blockia,"Bad Bunny",99392,https://open.spotify.com/track/3uPLiBTUgz7wrGJ2mw1rzM
157,"Cuatro Babys",Maluma,98994,https://open.spotify.com/track/0JoHqmlqE0W0i9prt6kcHR
158,"Wonderwall - Remastered",Oasis,98953,https://open.spotify.com/track/5qqabIl2vWzo9ApSC317sa
159,"Hacerlo de Día","Moral Distraida",98892,https://open.spotify.com/track/0nApFXPoSanA4n7j563Ind
160,Unforgettable,"French Montana",98760,https://open.spotify.com/track/3B54sVLJ402zGa6Xm4YGNe
161,"Que Tengo Que Hacer","Lary Over",98462,https://open.spotify.com/track/69M7ZcGR8iI57HNOD3bvxM
162,Prepago,"Lary Over",98210,https://open.spotify.com/track/79IXzxnNe0tVXaxiEcbmBH
163,"Para dormir contigo otra vez","Villa Cariño",97115,https://open.spotify.com/track/5MarqoT4wE5uNITGuEZams
164,Photograph,"Ed Sheeran",96821,https://open.spotify.com/track/6fxVffaTuwjgEk5h9QyRjy
165,"Si No Vuelves","Gente De Zona",96145,https://open.spotify.com/track/0PE1dlvMZeBqEbm4BtVVSZ
166,"Pura Falsedad","Mark B.",95825,https://open.spotify.com/track/7q74tyrXApV2S3M1gcPdai
167,"Me Ama Me Odia",Ozuna,95608,https://open.spotify.com/track/6041gM9Th1ViQcnzkIxnuv
168,"The Scientist",Coldplay,94521,https://open.spotify.com/track/75JFxkI2RXiU7L9VXzMkle
169,"Amor Completo","Mon Laferte",94478,https://open.spotify.com/track/00kIWJu9IHiQ6i0qJAU0Z9
170,"La Bicicleta","Carlos Vives",93332,https://open.spotify.com/track/0sXvAOmXgjR2QUqLK1MltU
171,Silence,Marshmello,92939,https://open.spotify.com/track/7vGuf3Y35N4wmASOKLUVVU
172,Privado,Rvssian,92884,https://open.spotify.com/track/11zRKpjEZwmcBBBGzB4pMn
173,"Desperte Sin Ti (Remix)",Noriel,92827,https://open.spotify.com/track/4QYQgJhBryglC2hEpVGrZU
174,"La Ocasion (feat. Arcangel, Ozuna & Anuel Aa)","De La Ghetto",92795,https://open.spotify.com/track/498YWgZPJWIA4lphXtCNma
175,"Síguelo Bailando",Ozuna,92728,https://open.spotify.com/track/5Y9fnynLlIvqtM710MHzfz
176,"Scared to Be Lonely","Martin Garrix",92362,https://open.spotify.com/track/3ebXMykcMXOcLeJ9xZ17XH
177,"Llueve Sobre La Ciudad","Los Bunkers",92215,https://open.spotify.com/track/2bQn1ATsEIWwswbsPpOrp9
178,Abrázame,"Camila Gallardo",92176,https://open.spotify.com/track/2UxYLI09fvaxzKAcgudK7Z
179,"0 Sentimientos (Remix) [feat. Noriel, Darkiel, Lyan, Messiah & Baby Rasta]",Jonz,92102,https://open.spotify.com/track/4COGASZEbAxmH6k5gYMo6G
180,"Una y Otra Vez",Rombai,91803,https://open.spotify.com/track/3VSt7R9LHTomKGP1RhkvuT
181,"Vivo Pensando En Ti","Felipe Peláez",90979,https://open.spotify.com/track/0H7cz1bR7w9PulJL7Na774
182,Starboy,"The Weeknd",90590,https://open.spotify.com/track/5aAx2yezTd8zXrkmtKl66Z
183,"Más De La Mitad","Camila Gallardo",90567,https://open.spotify.com/track/0fvke3Xize2XpVUDoZbtyW
184,Dueles,"Jesse & Joy",89941,https://open.spotify.com/track/1iRvhKiXRElIH2Uf4gd95P
185,"Ropa Interior","Justin Quiles",89699,https://open.spotify.com/track/0Dou2nphs2oZYr7uOcW1YI
186,"Deja vu","Prince Royce",89643,https://open.spotify.com/track/46HdsiK0uR26B2dY9QPzda
187,"Ya Me Enteré (feat. Nicky Jam) - Urban Version",Reik,88782,https://open.spotify.com/track/2SSYqDX8KTgy01NlqtUo0F
188,"Without You (feat. Sandro Cavazza)",Avicii,88666,https://open.spotify.com/track/6WbADFqMvR8N5u0BvtsWQE
189,"Don't Wanna Know","Maroon 5",88543,https://open.spotify.com/track/5MFzQMkrl1FOOng9tq6R9r
190,Lumbra,"Cali Y El Dandee",87489,https://open.spotify.com/track/6VHdcVbiKLYYOcMbIqBcuK
191,"Blow Your Mind (Mwah)","Dua Lipa",87288,https://open.spotify.com/track/2eAAEa8pxKF7My0EO4rFgR
192,"XO TOUR Llif3","Lil Uzi Vert",86817,https://open.spotify.com/track/7GX5flRQZVHRAGd6B4TmDO
193,"Mi Buen Amor","Mon Laferte",86768,https://open.spotify.com/track/28UP90XhjCovLtieduYr9P
194,"Déjame te explico",Reykon,86254,https://open.spotify.com/track/7jzpAD8q77nwEmSsqUeUjy
195,"Kung Fu",Dasoul,85917,https://open.spotify.com/track/0B6GRS3vGtzu6w5BQXqWMq
196,"When I Was Your Man","Bruno Mars",85507,https://open.spotify.com/track/0B7wvvmu9EISAwZnOpjhNI
197,"Destino o Casualidad",Melendi,84561,https://open.spotify.com/track/02IJFWVjLSM811RsySQusA
198,"I Took A Pill In Ibiza - Seeb Remix","Mike Posner",84325,https://open.spotify.com/track/17Fd6Yb7mSbinKG8LoWfFl
199,"Back to You (feat. Bebe Rexha & Digital Farm Animals)","Louis Tomlinson",84117,https://open.spotify.com/track/7F9vK8hNFMml4GtHsaXui6
200,"There for You","Martin Garrix",83964,https://open.spotify.com/track/6jA8HL9i4QGzsj6fjoxp8Y
