Position,"Track Name",Artist,Streams,URL
1,"Felices los 4",Maluma,1310087,https://open.spotify.com/track/0qYTZCo5Bwh1nsUFGZP3zn
2,"Me Rehúso","Danny Ocean",1280503,https://open.spotify.com/track/6De0lHrwBfPfrhorm9q1Xl
3,"Escápate Conmigo",Wisin,1033545,https://open.spotify.com/track/2cnKEkpVUSV4wnjQiTWfH6
4,"Ahora Dice","Chris Jeday",876618,https://open.spotify.com/track/22eADXu8DfOAUEDw4vU8qy
5,"Shape of You","Ed Sheeran",791262,https://open.spotify.com/track/7qiZfU4dY1lWllzX7mPBI3
6,"Sigo Extrañándote","J Balvin",673489,https://open.spotify.com/track/6qDF4wWL49CAVbgT7yuHl8
7,"Despacito - Remix","Luis Fonsi",658898,https://open.spotify.com/track/5CtI0qwDJkDQGwXD1H1cLb
8,"Despacito (Featuring Daddy Yankee)","Luis Fonsi",643519,https://open.spotify.com/track/4aWmUDTfIPGksMNLV2rQP2
9,"El Amante","Nicky Jam",640754,https://open.spotify.com/track/3umS4y3uQDkqekNjVpiRUs
10,"Sola (Remix) [feat. Daddy Yankee, Wisin, Farruko, Zion & Lennox]","Anuel Aa",629180,https://open.spotify.com/track/5q2JbCNi4FcnglgPfxcV65
11,"Tu Foto",Ozuna,549802,https://open.spotify.com/track/0Szp49tpFasIjX04Mcsydp
12,"SUBEME LA RADIO","Enrique Iglesias",538489,https://open.spotify.com/track/7nKBxz47S9SD79N086fuhn
13,"Otra Vez (feat. J Balvin)","Zion & Lennox",528451,https://open.spotify.com/track/3QwBODjSEzelZyVjxPOHdq
14,"Hey Ma (with Pitbull & J Balvin feat. Camila Cabello) - Spanish Version",Pitbull,516594,https://open.spotify.com/track/2Vdub5mY4lad7w64bFPUez
15,"Te Quiero Pa´Mi","Don Omar",495274,https://open.spotify.com/track/3BY2mafsbsoKGqS380Xnuz
16,"Hey DJ",CNCO,492761,https://open.spotify.com/track/209gZgcfLq2aUuu51vOWBl
17,"La Rompe Corazones","Daddy Yankee",489356,https://open.spotify.com/track/4okba5wu9mMLXx79DXLKi3
18,"Reggaetón Lento (Bailemos)",CNCO,449240,https://open.spotify.com/track/3AEZUABDXNtecAOSC1qTfo
19,Amárrame,"Mon Laferte",444506,https://open.spotify.com/track/0u13src3QcditRU5VPduML
20,"Me Llamas (feat. Maluma) - Remix","Piso 21",421995,https://open.spotify.com/track/5hEM0JchdVzQ5PwvSfITeX
21,"That's What I Like","Bruno Mars",389450,https://open.spotify.com/track/0KKkJNfGyhkQ5aFogxQAPU
22,Báilame,Nacho,388601,https://open.spotify.com/track/7lRsNbdOGykkMAgsqs4R1C
23,"Shape of You (Latin Remix) [feat. Zion & Lennox]","Ed Sheeran",381476,https://open.spotify.com/track/5nCtCCB5i1OfbADvynNw0i
24,"Ay Mi Dios",IAmChino,369705,https://open.spotify.com/track/6stYbAJgTszHAHZMPxWWCY
25,Chantaje,Shakira,356031,https://open.spotify.com/track/6mICuAdrwEjh6Y6lroV2Kg
26,"Si Tú La Ves","Nicky Jam",355268,https://open.spotify.com/track/4yN6xPLopmTLvc27pO9LIE
27,"Si Tu Novio Te Deja Sola","J Balvin",350283,https://open.spotify.com/track/0RFFFGtPn6a58RHY3ccVYX
28,Vacaciones,Wisin,347114,https://open.spotify.com/track/3dQDid3IUNhZy1OehIfYfE
29,"Bailame Despacio",Xantos,345007,https://open.spotify.com/track/4OaTpLJIa2harufGxfOPUu
30,"I Feel It Coming","The Weeknd",337569,https://open.spotify.com/track/5GXAXm5YOmYT0kL5jHvYBt
31,Safari,"J Balvin",317171,https://open.spotify.com/track/6rQSrBHf7HlZjtcMZ4S4bO
32,"Alguien Robo","Sebastian Yatra",298610,https://open.spotify.com/track/5i50gKdLAjjIr7UxRT5IVy
33,"Vente Pa' Ca","Ricky Martin",298156,https://open.spotify.com/track/7DM4BPaS7uofFul3ywMe46
34,"La Última Vez","Anuel Aa",294757,https://open.spotify.com/track/4J1e3hbf0e5YUZjkxyJWD3
35,"Tu Falta De Querer","Mon Laferte",291397,https://open.spotify.com/track/4skuEIloXWuxxgekKupkEH
36,"Dile Que Tu Me Quieres",Ozuna,286357,https://open.spotify.com/track/20ZAJdsKB5IGbGj4ilRt2o
37,"Let Me Love You","DJ Snake",275462,https://open.spotify.com/track/4pdPtRcBmOSQDlJ3Fk945m
38,"Borro Cassette",Maluma,272826,https://open.spotify.com/track/6DUdDIRgLqCGq1DwkNWQTN
39,"24K Magic","Bruno Mars",270587,https://open.spotify.com/track/6b8Be6ljOzmkOmFslEb23P
40,"Caile (feat. Zion & De La Ghetto)",Revol,269403,https://open.spotify.com/track/626rYyBfeAeleh1F5t4B70
41,Chillax,Farruko,267089,https://open.spotify.com/track/1lxswgIpzV6HhENRvkflES
42,"Rockabye (feat. Sean Paul & Anne-Marie)","Clean Bandit",264862,https://open.spotify.com/track/5knuzwU65gJK7IF5yJsuaW
43,"Soy Peor","Bad Bunny",264248,https://open.spotify.com/track/5MT96Zz0ymUJNm8obKZQr0
44,"Me Mata","Bad Bunny",257287,https://open.spotify.com/track/2wgDAPgBhFA7pnIbm0YOhP
45,Besándote,"Piso 21",253949,https://open.spotify.com/track/13X0XdLMOdtbXVtAj2ox4h
46,"Traicionera - Remix","Sebastian Yatra",252285,https://open.spotify.com/track/2webQDZmtGioeu3zUUi9We
47,"Diles (feat. Arcangel, Nengo Flow, Dj Luian & Mambo Kings)",Farruko,251734,https://open.spotify.com/track/2FrnTVSHjgnEylKGdHRUK1
48,"I'm the One","DJ Khaled",251101,https://open.spotify.com/track/3DXncPQOG4VBw3QHh3S817
49,"One Dance",Drake,248900,https://open.spotify.com/track/1xznGGDReH1oQq0xzbwXa3
50,"Gyal You A Party Animal - Remix","Charly Black",248045,https://open.spotify.com/track/1AkTW13ysu0AJrwuM6UY0I
51,"Ya Me Enteré (feat. Nicky Jam) - Urban Version",Reik,246377,https://open.spotify.com/track/2SSYqDX8KTgy01NlqtUo0F
52,"Amor Completo","Mon Laferte",222183,https://open.spotify.com/track/00kIWJu9IHiQ6i0qJAU0Z9
53,"No Te Hagas","Jory Boy",221858,https://open.spotify.com/track/5hKjEpYrJIJs6uPl7zw6Y6
54,"Andas En Mi Cabeza","Chino & Nacho",219399,https://open.spotify.com/track/5mey7CLLuFToM2P68Qu1gF
55,Starboy,"The Weeknd",209058,https://open.spotify.com/track/5aAx2yezTd8zXrkmtKl66Z
56,"Swalla (feat. Nicki Minaj & Ty Dolla $ign)","Jason Derulo",201049,https://open.spotify.com/track/6kex4EBAj0WHXDKZMEJaaF
57,Traicionera,"Sebastian Yatra",196115,https://open.spotify.com/track/5J1c3M4EldCfNxXwrwt8mT
58,"Noche Loca",Marama,196052,https://open.spotify.com/track/0gzcET27nREY6aD8LJU9wD
59,"Me Acostumbre (feat. Bad Bunny)",Arcangel,194316,https://open.spotify.com/track/2FIm6YsSGL5acOqSuJDh5s
60,"Cuatro Babys",Maluma,191051,https://open.spotify.com/track/0JoHqmlqE0W0i9prt6kcHR
61,"My Way","Calvin Harris",181234,https://open.spotify.com/track/1vvNmPOiUuyCbgWmtc6yfm
62,"Me Enamoré",Shakira,176300,https://open.spotify.com/track/4qknM1pQz53QOyfDVTjcM9
63,"Qué Gano Olvidándote - Versión Urbana",Reik,170886,https://open.spotify.com/track/3H179O48ynsu9q8LOnFQZY
64,Malibu,"Miley Cyrus",166359,https://open.spotify.com/track/2habSXqcJGExM6JJyskY7O
65,"Diabla - Official Remix",Farruko,162277,https://open.spotify.com/track/2OxUtaKYeahAGNaBiahXtR
66,"Something Just Like This","The Chainsmokers",161120,https://open.spotify.com/track/6RUKPb4LETWmmr3iAEQktW
67,Lumbra,"Cali Y El Dandee",160813,https://open.spotify.com/track/6VHdcVbiKLYYOcMbIqBcuK
68,"It Ain't Me (with Selena Gomez)",Kygo,159342,https://open.spotify.com/track/3eR23VReFzcdmS7TYCrhCe
69,"Cuando Se Pone a Bailar",Rombai,152709,https://open.spotify.com/track/1MpKZi1zTXpERKwxmOu1PH
70,"Galway Girl","Ed Sheeran",151234,https://open.spotify.com/track/0afhq8XCExXpqazXczTSve
71,"Un Ratito Mas","Bryant Myers",150690,https://open.spotify.com/track/21lnmphofXWWeSSx0PEMjc
72,"Pa Ti","Bad Bunny",149144,https://open.spotify.com/track/17nOaHsTn06jxuU9NpHuFU
73,"Mi Tesoro (feat. Nicky Jam)","Zion & Lennox",148644,https://open.spotify.com/track/5HABnFSYvl6mTmg8nSdzHa
74,"Sign of the Times","Harry Styles",148537,https://open.spotify.com/track/5Ohxk2dO5COHF1krpoPigN
75,"Nunca Me Olvides - Remix",Yandel,147709,https://open.spotify.com/track/7pyEd6g5y7SYdKNgRtleEB
76,Photograph,"Ed Sheeran",146324,https://open.spotify.com/track/6fxVffaTuwjgEk5h9QyRjy
77,"Thinking Out Loud","Ed Sheeran",143123,https://open.spotify.com/track/1Slwb6dOYkBlWal1PGtnNg
78,"First Time",Kygo,142802,https://open.spotify.com/track/2Gl0FzuLxflY6nPifJp5Dr
79,"Bebé - Remix",Brytiago,142288,https://open.spotify.com/track/2jVJYU4X3aD8hlTco3MlsN
80,"Tu No Vive Asi (feat. Mambo Kingz & DJ Luian)",Arcangel,141648,https://open.spotify.com/track/6NSMQFKgjpQb0KkjMDYIK0
81,"Scared to Be Lonely","Martin Garrix",138835,https://open.spotify.com/track/3ebXMykcMXOcLeJ9xZ17XH
82,"Hula Hoop","Daddy Yankee",136132,https://open.spotify.com/track/7BEI30TTNhwnkCyNUDmFrr
83,Perfect,"Ed Sheeran",135286,https://open.spotify.com/track/0tgVpDi06FyKpA1z0VMD4v
84,"Shaky Shaky","Daddy Yankee",134885,https://open.spotify.com/track/58IL315gMSTD37DOZPJ2hf
85,Attention,"Charlie Puth",133947,https://open.spotify.com/track/4iLqG9SeJSnt0cSPICSjxv
86,"Si Me Dices Que Si (feat. Nicky Jam)",Cosculluela,133414,https://open.spotify.com/track/3noN1TxpjbjjmKqssghvg8
87,"Stay (with Alessia Cara)",Zedd,131577,https://open.spotify.com/track/0dA2Mk56wEzDgegdC6R17g
88,"Don't Wanna Know","Maroon 5",128119,https://open.spotify.com/track/5MFzQMkrl1FOOng9tq6R9r
89,"La Bicicleta","Carlos Vives",122234,https://open.spotify.com/track/0sXvAOmXgjR2QUqLK1MltU
90,"De Vez en Cuando","Franco ""El Gorilla""",121548,https://open.spotify.com/track/1VRjHqcE8ttKtaj8bTaJyS
91,"Una y Otra Vez",Rombai,121121,https://open.spotify.com/track/3VSt7R9LHTomKGP1RhkvuT
92,"Bon appétit","Katy Perry",119787,https://open.spotify.com/track/61WbtB6ujkpNAsAf5LjF4b
93,"I Don’t Wanna Live Forever (Fifty Shades Darker) - From ""Fifty Shades Darker (Original Motion Picture Soundtrack)""",ZAYN,119072,https://open.spotify.com/track/3NdDpSvN911VPGivFlV5d0
94,Cold,"Maroon 5",116842,https://open.spotify.com/track/5NNlUMcOEOdoOIwwaWXv0k
95,"Deja vu","Prince Royce",114365,https://open.spotify.com/track/46HdsiK0uR26B2dY9QPzda
96,"There's Nothing Holdin' Me Back","Shawn Mendes",111647,https://open.spotify.com/track/79cuOz3SPQTuFrp8WgftAu
97,"Castle on the Hill","Ed Sheeran",110034,https://open.spotify.com/track/6PCUP3dWmTjcTtXY02oFdT
98,Encanto,"Don Omar",108900,https://open.spotify.com/track/0OEQGwBfL4b9KX0RwfOiW6
99,"Desde Esa Noche",Thalía,108774,https://open.spotify.com/track/1pWYnQIlqxTh5bxuPmTG4E
100,Dive,"Ed Sheeran",106790,https://open.spotify.com/track/51ChrwmUPDJvedPQnIU8Ls
101,"Sin Contrato",Maluma,106564,https://open.spotify.com/track/09S64DUkxIX9EwIaULu6yN
102,"Ando buscando","Carlos Baute",106547,https://open.spotify.com/track/7BwJtE8KSbCQKOCTIAY3jX
103,"We Don't Talk Anymore (feat. Selena Gomez)","Charlie Puth",106425,https://open.spotify.com/track/68EMU2RD1ECNeOeJ5qAXCV
104,"Me Ama Me Odia",Ozuna,106343,https://open.spotify.com/track/6041gM9Th1ViQcnzkIxnuv
105,"Sé Que Te Duele","Alejandro Fernandez",105264,https://open.spotify.com/track/5vZfgeDfNhlkKeJqjzSAmg
106,"Symphony (feat. Zara Larsson)","Clean Bandit",104985,https://open.spotify.com/track/1x5sYLZiu9r5E43kMlt9f8
107,"Chained To The Rhythm","Katy Perry",104118,https://open.spotify.com/track/6520aj0B4FSKGVuKNsOCOi
108,"I Took A Pill In Ibiza - Seeb Remix","Mike Posner",103890,https://open.spotify.com/track/17Fd6Yb7mSbinKG8LoWfFl
109,"Por Fin Te Encontré","Cali Y El Dandee",102110,https://open.spotify.com/track/3GpvoKKWZyTwgbLEM9RmWM
110,"Simple (feat. Cosculluela, Nengo Flow & Baby Rasta y Gringo)","DJ Luian",102013,https://open.spotify.com/track/15kZDQoTtpkya2kG8ZPJoi
111,HUMBLE.,"Kendrick Lamar",101527,https://open.spotify.com/track/7KXjTSCq5nL1LoYtL7XAwS
112,"Otra Copa (feat. Farruko)","Justin Quiles",99864,https://open.spotify.com/track/5KX51uLJYo1S1MmITG7lHD
113,Dueles,"Jesse & Joy",95975,https://open.spotify.com/track/1iRvhKiXRElIH2Uf4gd95P
114,Closer,"The Chainsmokers",94833,https://open.spotify.com/track/7BKLCZ1jbUBVqRi2FVlTVw
115,Passionfruit,Drake,94592,https://open.spotify.com/track/7hDc8b7IXETo14hHIHdnhd
116,"Mi Religión",Yandel,94519,https://open.spotify.com/track/2bdD0eYH8XirjVAXq68JAN
117,Thunder,"Imagine Dragons",94165,https://open.spotify.com/track/0tKcYR2II1VCQWT79i5NrW
118,"Te Busco (feat. Nicky Jam)",Cosculluela,93858,https://open.spotify.com/track/6wHm04cn5HxK6pE2ITEdUS
119,"No Promises (feat. Demi Lovato)","Cheat Codes",93513,https://open.spotify.com/track/1louJpMmzEicAn7lzDalPW
120,"Light It Up (feat. Nyla & Fuse ODG) - Remix","Major Lazer",93486,https://open.spotify.com/track/0L7loeTIg6akW84aEQZpCT
121,"Si Tú Me Quisieras","Mon Laferte",93260,https://open.spotify.com/track/7EySX8ldJHoeWjJhJyZ8Tq
122,"Cold Water (feat. Justin Bieber & MØ)","Major Lazer",93008,https://open.spotify.com/track/6DNtNfH8hXkqOX1sjqmI7p
123,"The Night We Met","Lord Huron",91953,https://open.spotify.com/track/6mORGLOz79w6VsCRLWYYuK
124,"Hasta el Amanecer","Nicky Jam",91886,https://open.spotify.com/track/5Fim1gaXBgsiFfsQAfQSDS
125,"In the Name of Love","Martin Garrix",91582,https://open.spotify.com/track/04DwTuZ2VBdJCCC5TROn7L
126,Unforgettable,"French Montana",91126,https://open.spotify.com/track/1F2HXIJrE2Xn81OzT2zZvW
127,Happier,"Ed Sheeran",90095,https://open.spotify.com/track/2RttW7RAu5nOAfq6YFvApB
128,"Qué Me Has Hecho",Chayanne,87287,https://open.spotify.com/track/3nUNwSYEUv9bmUc3de0Owv
129,Privado,Rvssian,87266,https://open.spotify.com/track/11zRKpjEZwmcBBBGzB4pMn
130,"Si Ella Quisiera - Remix","Justin Quiles",86382,https://open.spotify.com/track/0A2h9QjoPdbVwa9LFiijqM
131,"No Quiere Enamorarse (Remix) [feat. Daddy Yankee]",Ozuna,85754,https://open.spotify.com/track/4vlbjBSMqycZk6t4HVRpnC
132,Faded,"Alan Walker",85702,https://open.spotify.com/track/7gHs73wELdeycvS48JfIos
133,"El Ratico",Juanes,85636,https://open.spotify.com/track/2HqlnQkOtLFLyQgOVYqWkU
134,"La Ocasion (feat. Arcangel, Ozuna & Anuel Aa)","De La Ghetto",85520,https://open.spotify.com/track/498YWgZPJWIA4lphXtCNma
135,"CAN'T STOP THE FEELING! (Original Song from DreamWorks Animation's ""TROLLS"")","Justin Timberlake",85137,https://open.spotify.com/track/6JV2JOEocMgcZxYSZelKcc
136,"Sin Contrato - Remix",Maluma,84753,https://open.spotify.com/track/2xNZeeqmwMPVKnD7FSQfgt
137,"Mi Buen Amor","Mon Laferte",84668,https://open.spotify.com/track/28UP90XhjCovLtieduYr9P
138,"DUELE EL CORAZON","Enrique Iglesias",84532,https://open.spotify.com/track/6YZdkObH88npeKrrkb8Ggf
139,Paris,"The Chainsmokers",84363,https://open.spotify.com/track/72jbDTw1piOOj770jWNeaG
140,"Stressed Out","Twenty One Pilots",83835,https://open.spotify.com/track/3CRDbSIZ4r5MsZ0YwxuEkn
141,"Reggaetón Lento (Bailemos) - Remix",CNCO,82902,https://open.spotify.com/track/1T45DsQ4HFLJgthyedAa8V
142,"La Quiero Conocer",Marama,82578,https://open.spotify.com/track/2HNBSacyB6jm04n9dX2Mse
143,Fuego,Juanes,82043,https://open.spotify.com/track/0mwPE0lPOgnWf2bo14xedJ
144,Manicomio,Cosculluela,81906,https://open.spotify.com/track/3n58u3LOFw8mITLvfPvQBz
145,Slide,"Calvin Harris",80982,https://open.spotify.com/track/7tr2za8SQg2CI8EDgrdtNl
146,"When I Was Your Man","Bruno Mars",80636,https://open.spotify.com/track/0B7wvvmu9EISAwZnOpjhNI
147,"Amigos y Enemigos - Remix",Noriel,79622,https://open.spotify.com/track/2sA4woGW5KgEgGXXxOKPAZ
148,"0 Sentimientos (Remix) [feat. Noriel, Darkiel, Lyan, Messiah & Baby Rasta]",Jonz,79610,https://open.spotify.com/track/4COGASZEbAxmH6k5gYMo6G
149,"Side To Side","Ariana Grande",79069,https://open.spotify.com/track/4pLwZjInHj3SimIyN9SnOz
150,Believer,"Imagine Dragons",78912,https://open.spotify.com/track/0CcQNd8CINkwQfe1RDtGV6
151,"Still Got Time",ZAYN,78655,https://open.spotify.com/track/000xQL6tZNLJzIrtIgxqSl
152,Ride,"Twenty One Pilots",77995,https://open.spotify.com/track/2Z8WuEywRWYTKe1NybPQEW
153,"Po' encima (feat. Bryant Myers)",Arcangel,77796,https://open.spotify.com/track/7sWdGtYvzlzuQRAoZ7fGeO
154,"Más Que Ayer",Arcangel,77123,https://open.spotify.com/track/37vqCDZ6g5pZ5gqDS90MDP
155,"Me Gusta - Remix",Alkilados,76804,https://open.spotify.com/track/7pueb0FHOYlKAJPXhVhwml
156,"Ganas Locas","Prince Royce",76620,https://open.spotify.com/track/7JpzzaCzljQdfnG7wPRqSe
157,"Me Llueven 3.0","Bad Bunny",76557,https://open.spotify.com/track/7b59ZUw0TkGZuE0HNeiuc4
158,"Cheap Thrills",Sia,75584,https://open.spotify.com/track/27SdWb2rFzO6GWiYDBTD9j
159,"Call On Me - Ryan Riback Extended Remix",Starley,75451,https://open.spotify.com/track/78rIJddV4X0HkNAInEcYde
160,"47 - Remix","Anuel Aa",74819,https://open.spotify.com/track/6IoKSUyNOOheJRjiuGb1ew
161,"Treat You Better","Shawn Mendes",74813,https://open.spotify.com/track/4Hf7WnR761jpxPr5D46Bcd
162,"Me Enamore",Schuster,74416,https://open.spotify.com/track/4AbYhejCgbjMxCrklOzK6i
163,"The Cure","Lady Gaga",74203,https://open.spotify.com/track/51PIvodunv6NmX5250zxAh
164,"La Gozadera","Gente De Zona",73860,https://open.spotify.com/track/0OMRAvrtLWE2TvcXorRiB9
165,"Vacaciones - Remix",Wisin,72943,https://open.spotify.com/track/42QpgFFhu8SIKFK2dp0kUj
166,"Un Polvo",Maluma,72718,https://open.spotify.com/track/01vHGJRvJ6EZW9KO8NtZpi
167,"The Scientist",Coldplay,72526,https://open.spotify.com/track/75JFxkI2RXiU7L9VXzMkle
168,"Dile Que Tu Me Quieres Remix (feat. Yandel)",Ozuna,72255,https://open.spotify.com/track/09QOedW1xozFDsXUI7jTeV
169,"Si No Vuelves","Gente De Zona",72146,https://open.spotify.com/track/0PE1dlvMZeBqEbm4BtVVSZ
170,"Earned It (Fifty Shades Of Grey)","The Weeknd",72010,https://open.spotify.com/track/7ID2dydg1QFuWObmdhwzfm
171,"Déjame te explico",Reykon,71472,https://open.spotify.com/track/7jzpAD8q77nwEmSsqUeUjy
172,"La Cómplice","Alexis & Fido",70966,https://open.spotify.com/track/5ommnX8qOlbjRspCEFkn57
173,"Serenata cruel","Villa Cariño",70053,https://open.spotify.com/track/152U4ecGSiYeKm2gnFc4wA
174,"Mayor Que Yo 3","Luny Tunes",69426,https://open.spotify.com/track/0bMRpUsk1IWi5O2NIkWsqR
175,"Don't Let Me Down","The Chainsmokers",68893,https://open.spotify.com/track/0QsvXIfqM0zZoerQfsI9lm
176,"No Lie","Sean Paul",68792,https://open.spotify.com/track/3cFsmM51N5zMAuu1nNY4Tw
177,Tormento,"Mon Laferte",68557,https://open.spotify.com/track/0pR6N68RkIGKxitlTqraZ3
178,"Hablar de Ti",Gepe,68377,https://open.spotify.com/track/1vV2FBKYvu6sJDqzSCNgbI
179,Egoísta,"Justin Quiles",68149,https://open.spotify.com/track/5ESAML4PZAbsiTK6OgRV2q
180,"Wonderwall - Remastered",Oasis,67970,https://open.spotify.com/track/5qqabIl2vWzo9ApSC317sa
181,"Probarlo Todo","Moral Distraida",67956,https://open.spotify.com/track/7o0CRKO2aKvWaq5qrTi9gD
182,"Love Yourself","Justin Bieber",67356,https://open.spotify.com/track/3hB5DgAiMAQ4DzYbsMq1IT
183,"Yo Te Qui","Mon Laferte",66327,https://open.spotify.com/track/1i52sh56NRpwyO3qREWMX7
184,"Al Filo de Tu Amor","Carlos Vives",66021,https://open.spotify.com/track/77a9893yxuz36cBUmBzA8E
185,"Hear Me Now",Alok,65779,https://open.spotify.com/track/1a5Yu5L18qNxVhXx38njON
186,"Encantadora - Remix",Yandel,65635,https://open.spotify.com/track/0EpFfFZpCuqYFzHvxOtrZS
187,"Say You Won't Let Go","James Arthur",65396,https://open.spotify.com/track/5uCax9HTNlzGybIStD3vDh
188,"Locuras contigo",Rombai,65260,https://open.spotify.com/track/5jMvnSyOgGY8JpvHqeyVOg
189,"Te Vas",Ozuna,64996,https://open.spotify.com/track/2twUPIYOTqVivev47pf7bU
190,"Can't Feel My Face","The Weeknd",64708,https://open.spotify.com/track/6RsWqX8zABZLhZydXxEFOm
191,"Mask Off",Future,64397,https://open.spotify.com/track/3rOSwuTsUlJp0Pu0MkN8r8
192,"Me soltaste","Jesse & Joy",64289,https://open.spotify.com/track/02yD6Wmpx5kLAoXLQOnuEb
193,"El Perdedor",Maluma,64046,https://open.spotify.com/track/1iEwyiSLAunPR6uouANE0O
194,"Cake By The Ocean",DNCE,63934,https://open.spotify.com/track/2aFiaMXmWsM3Vj72F9ksBl
195,"Más De La Mitad","Camila Gallardo",63336,https://open.spotify.com/track/0fvke3Xize2XpVUDoZbtyW
196,"Para dormir contigo otra vez","Villa Cariño",63319,https://open.spotify.com/track/5MarqoT4wE5uNITGuEZams
197,"El Perdón","Nicky Jam",63088,https://open.spotify.com/track/7qCAVkHWZkF44OzOUKf8Cr
198,"Sweet Creature","Harry Styles",62917,https://open.spotify.com/track/5kRPPEWFJIMox5qIkQkiz5
199,"Just the Way You Are","Bruno Mars",62910,https://open.spotify.com/track/7BqBn9nzAq8spo5e7cZ0dJ
200,Sugar,"Maroon 5",62703,https://open.spotify.com/track/494OU6M7NOf4ICYb4zWCf5
