Position,"Track Name",Artist,Streams,URL
1,"Despacito (Featuring Daddy Yankee)","Luis Fonsi",2634347,https://open.spotify.com/track/4aWmUDTfIPGksMNLV2rQP2
2,"El Amante","Nicky Jam",1259580,https://open.spotify.com/track/3umS4y3uQDkqekNjVpiRUs
3,"Reggaetón Lento (Bailemos)",CNCO,1244638,https://open.spotify.com/track/3AEZUABDXNtecAOSC1qTfo
4,"Shape of You","Ed Sheeran",1102141,https://open.spotify.com/track/7qiZfU4dY1lWllzX7mPBI3
5,Chantaje,Shakira,1033449,https://open.spotify.com/track/6mICuAdrwEjh6Y6lroV2Kg
6,"Cuando Se Pone a Bailar",Rombai,982921,https://open.spotify.com/track/1MpKZi1zTXpERKwxmOu1PH
7,"La Rompe Corazones","Daddy Yankee",906275,https://open.spotify.com/track/4okba5wu9mMLXx79DXLKi3
8,"Otra Vez (feat. J Balvin)","Zion & Lennox",866378,https://open.spotify.com/track/3QwBODjSEzelZyVjxPOHdq
9,Vacaciones,Wisin,798954,https://open.spotify.com/track/3dQDid3IUNhZy1OehIfYfE
10,"Me Llamas (feat. Maluma) - Remix","Piso 21",773567,https://open.spotify.com/track/5hEM0JchdVzQ5PwvSfITeX
11,"Vente Pa' Ca","Ricky Martin",734273,https://open.spotify.com/track/7DM4BPaS7uofFul3ywMe46
12,Safari,"J Balvin",720931,https://open.spotify.com/track/6rQSrBHf7HlZjtcMZ4S4bO
13,Traicionera,"Sebastian Yatra",688207,https://open.spotify.com/track/5J1c3M4EldCfNxXwrwt8mT
14,"Ay Mi Dios",IAmChino,674615,https://open.spotify.com/track/6stYbAJgTszHAHZMPxWWCY
15,"Gyal You A Party Animal - Remix","Charly Black",647789,https://open.spotify.com/track/1AkTW13ysu0AJrwuM6UY0I
16,"Sola (Remix) [feat. Daddy Yankee, Wisin, Farruko, Zion & Lennox]","Anuel Aa",610360,https://open.spotify.com/track/5q2JbCNi4FcnglgPfxcV65
17,"Shaky Shaky","Daddy Yankee",567209,https://open.spotify.com/track/58IL315gMSTD37DOZPJ2hf
18,"Amor para un Rato",Olvidate!,544157,https://open.spotify.com/track/47EEKhimMiDtUfYNR5Ii58
19,"Dile Que Tu Me Quieres",Ozuna,542142,https://open.spotify.com/track/20ZAJdsKB5IGbGj4ilRt2o
20,Manicomio,Cosculluela,525503,https://open.spotify.com/track/3n58u3LOFw8mITLvfPvQBz
21,"Andas En Mi Cabeza","Chino & Nacho",521379,https://open.spotify.com/track/5mey7CLLuFToM2P68Qu1gF
22,"Te Quiero Pa´Mi","Don Omar",496554,https://open.spotify.com/track/3BY2mafsbsoKGqS380Xnuz
23,"La Bicicleta","Carlos Vives",476444,https://open.spotify.com/track/0sXvAOmXgjR2QUqLK1MltU
24,"Rockabye (feat. Sean Paul & Anne-Marie)","Clean Bandit",471216,https://open.spotify.com/track/5knuzwU65gJK7IF5yJsuaW
25,Carnavalintro,CHANO,451044,https://open.spotify.com/track/0tGAPnTFwRJA6FZgYZ0BAe
26,"I Don’t Wanna Live Forever (Fifty Shades Darker) - From ""Fifty Shades Darker (Original Motion Picture Soundtrack)""",ZAYN,433594,https://open.spotify.com/track/3NdDpSvN911VPGivFlV5d0
27,"La Noche No Es para Dormir","Mano Arriba",430808,https://open.spotify.com/track/3gEebOzxHpEwElicl1XBy0
28,"Traicionera - Remix","Sebastian Yatra",424859,https://open.spotify.com/track/2webQDZmtGioeu3zUUi9We
29,"SUBEME LA RADIO","Enrique Iglesias",421172,https://open.spotify.com/track/7nKBxz47S9SD79N086fuhn
30,"Borro Cassette",Maluma,418142,https://open.spotify.com/track/6DUdDIRgLqCGq1DwkNWQTN
31,"24K Magic","Bruno Mars",411532,https://open.spotify.com/track/6b8Be6ljOzmkOmFslEb23P
32,"Let Me Love You","DJ Snake",410472,https://open.spotify.com/track/4pdPtRcBmOSQDlJ3Fk945m
33,Chillax,Farruko,399694,https://open.spotify.com/track/1lxswgIpzV6HhENRvkflES
34,"No Llores",LOAN,399058,https://open.spotify.com/track/07GOnZWIiHWjLzUsaTv5yO
35,"Chained To The Rhythm","Katy Perry",392627,https://open.spotify.com/track/6520aj0B4FSKGVuKNsOCOi
36,Paris,"The Chainsmokers",390265,https://open.spotify.com/track/72jbDTw1piOOj770jWNeaG
37,"Llamame Mas Temprano","Mano Arriba",386843,https://open.spotify.com/track/5aHJug2wnupoGfgfxRudsk
38,"Desde Esa Noche",Thalía,381896,https://open.spotify.com/track/1pWYnQIlqxTh5bxuPmTG4E
39,"I Feel It Coming","The Weeknd",379408,https://open.spotify.com/track/5GXAXm5YOmYT0kL5jHvYBt
40,"Don't Wanna Know","Maroon 5",356247,https://open.spotify.com/track/5MFzQMkrl1FOOng9tq6R9r
41,Closer,"The Chainsmokers",349873,https://open.spotify.com/track/7BKLCZ1jbUBVqRi2FVlTVw
42,"Cuatro Babys",Maluma,325591,https://open.spotify.com/track/0JoHqmlqE0W0i9prt6kcHR
43,"No Quiere Enamorarse (Remix) [feat. Daddy Yankee]",Ozuna,325565,https://open.spotify.com/track/4vlbjBSMqycZk6t4HVRpnC
44,"Pasarla Bien",Marama,325086,https://open.spotify.com/track/0ZzVPCGdkpKcxAzMNDD5UZ
45,"My Way","Calvin Harris",323564,https://open.spotify.com/track/1vvNmPOiUuyCbgWmtc6yfm
46,Starboy,"The Weeknd",315068,https://open.spotify.com/track/5aAx2yezTd8zXrkmtKl66Z
47,"Cold Water (feat. Justin Bieber & MØ)","Major Lazer",311098,https://open.spotify.com/track/6DNtNfH8hXkqOX1sjqmI7p
48,"DUELE EL CORAZON","Enrique Iglesias",310623,https://open.spotify.com/track/6YZdkObH88npeKrrkb8Ggf
49,Pull-Up,"Jason Derulo",295977,https://open.spotify.com/track/1SYqEFrLotYNBTJbNXKEa5
50,"In the Name of Love","Martin Garrix",295735,https://open.spotify.com/track/04DwTuZ2VBdJCCC5TROn7L
51,"Me Rehúso","Danny Ocean",284157,https://open.spotify.com/track/6De0lHrwBfPfrhorm9q1Xl
52,"Piel a Piel","Dame 5",265243,https://open.spotify.com/track/2q3B7GLCEA4uYvuo2g5P82
53,"Side To Side","Ariana Grande",264233,https://open.spotify.com/track/4pLwZjInHj3SimIyN9SnOz
54,"Something Just Like This","The Chainsmokers",262637,https://open.spotify.com/track/6RUKPb4LETWmmr3iAEQktW
55,"It Ain't Me (with Selena Gomez)",Kygo,249621,https://open.spotify.com/track/3eR23VReFzcdmS7TYCrhCe
56,"Scared to Be Lonely","Martin Garrix",246182,https://open.spotify.com/track/3ebXMykcMXOcLeJ9xZ17XH
57,"Alguien Robo","Sebastian Yatra",238995,https://open.spotify.com/track/5i50gKdLAjjIr7UxRT5IVy
58,"Bailame Despacio",Xantos,234916,https://open.spotify.com/track/4OaTpLJIa2harufGxfOPUu
59,"Si Me Dices Que Si (feat. Nicky Jam)",Cosculluela,230677,https://open.spotify.com/track/3noN1TxpjbjjmKqssghvg8
60,"Ando buscando","Carlos Baute",215734,https://open.spotify.com/track/7BwJtE8KSbCQKOCTIAY3jX
61,Lumbra,"Cali Y El Dandee",212132,https://open.spotify.com/track/6VHdcVbiKLYYOcMbIqBcuK
62,"Qué Gano Olvidándote - Versión Urbana",Reik,190342,https://open.spotify.com/track/3H179O48ynsu9q8LOnFQZY
63,"Diles (feat. Arcangel, Nengo Flow, Dj Luian & Mambo Kings)",Farruko,189154,https://open.spotify.com/track/2FrnTVSHjgnEylKGdHRUK1
64,"Tu Ritmo","Los Bonnitos",182246,https://open.spotify.com/track/0BFgCEE7ozbyB1PpLpLyhM
65,"Sigo Extrañándote","J Balvin",179191,https://open.spotify.com/track/6qDF4wWL49CAVbgT7yuHl8
66,"En el Séptimo Día (SEP7IMO DIA)","Soda Stereo",176348,https://open.spotify.com/track/2OYXpaYf86alQxLNsv8zYD
67,"El Perdedor - The Remix",Maluma,176251,https://open.spotify.com/track/4QsPTKvdpgkA7mBAvclZTa
68,"Te Vas",Ozuna,175836,https://open.spotify.com/track/2twUPIYOTqVivev47pf7bU
69,"El Equivocado","Mano Arriba",172923,https://open.spotify.com/track/5vy1C7DD9xJ5fRB3KqV6Kq
70,Bobo,"J Balvin",172372,https://open.spotify.com/track/7AtlMCIauSQZqiXSlbBPW6
71,"Castle on the Hill","Ed Sheeran",167252,https://open.spotify.com/track/6PCUP3dWmTjcTtXY02oFdT
72,"La Gozadera","Gente De Zona",163996,https://open.spotify.com/track/0OMRAvrtLWE2TvcXorRiB9
73,"Soy Peor","Bad Bunny",163802,https://open.spotify.com/track/5MT96Zz0ymUJNm8obKZQr0
74,"Hasta el Amanecer","Nicky Jam",162909,https://open.spotify.com/track/5Fim1gaXBgsiFfsQAfQSDS
75,"That's What I Like","Bruno Mars",161555,https://open.spotify.com/track/0KKkJNfGyhkQ5aFogxQAPU
76,"Amor y dolor","Carlos Baute",161473,https://open.spotify.com/track/4efQTJSX6Jca1hHZNi74Zd
77,"Ya Me Enteré (feat. Nicky Jam) - Urban Version",Reik,160870,https://open.spotify.com/track/2SSYqDX8KTgy01NlqtUo0F
78,"Vida Tranquila","Julián Serrano",159056,https://open.spotify.com/track/3gM8KetN3T4mQE4AO2vAHD
79,"Mi Tesoro (feat. Nicky Jam)","Zion & Lennox",158735,https://open.spotify.com/track/5HABnFSYvl6mTmg8nSdzHa
80,"Sin Contrato",Maluma,157649,https://open.spotify.com/track/09S64DUkxIX9EwIaULu6yN
81,"Se Pone Loca",CantoParaBailar,156660,https://open.spotify.com/track/0FVuUna31PTRmWGLs8W1o4
82,"Encantadora - Remix",Yandel,154518,https://open.spotify.com/track/0EpFfFZpCuqYFzHvxOtrZS
83,"Just Hold On","Steve Aoki",153782,https://open.spotify.com/track/3EmmCZoqpWOTY1g2GBwJoR
84,"Al Filo de Tu Amor","Carlos Vives",152028,https://open.spotify.com/track/77a9893yxuz36cBUmBzA8E
85,Baila,Agapornis,151123,https://open.spotify.com/track/3iS4VBJ3Bg1HyL3e6WNpgi
86,"CAN'T STOP THE FEELING! (Original Song from DreamWorks Animation's ""TROLLS"")","Justin Timberlake",150545,https://open.spotify.com/track/6JV2JOEocMgcZxYSZelKcc
87,"Noche Loca",Marama,149738,https://open.spotify.com/track/0gzcET27nREY6aD8LJU9wD
88,"Comerte a Besos (feat. Cande Buasso)","Pijama Party",148953,https://open.spotify.com/track/4UHZMWgKDjJ1zS0t6f6qPv
89,"Me Ama Me Odia",Ozuna,147528,https://open.spotify.com/track/6041gM9Th1ViQcnzkIxnuv
90,"Simple (feat. Cosculluela, Nengo Flow & Baby Rasta y Gringo)","DJ Luian",145969,https://open.spotify.com/track/15kZDQoTtpkya2kG8ZPJoi
91,"One Dance",Drake,145537,https://open.spotify.com/track/1xznGGDReH1oQq0xzbwXa3
92,"Deu Onda","MC G15",145183,https://open.spotify.com/track/0EPxmvsG1BY5td4aTOkWBF
93,"Sé Que Te Duele","Alejandro Fernandez",144542,https://open.spotify.com/track/5vZfgeDfNhlkKeJqjzSAmg
94,"Shed a Light","Robin Schulz",144282,https://open.spotify.com/track/1cG0umU5TKStygKsPFZ9pY
95,"Papi Shampu","De La Calle",143705,https://open.spotify.com/track/0o221VNm4azkzYYLtxDGgV
96,"Locuras contigo",Rombai,141909,https://open.spotify.com/track/5jMvnSyOgGY8JpvHqeyVOg
97,Cold,"Maroon 5",141591,https://open.spotify.com/track/5NNlUMcOEOdoOIwwaWXv0k
98,"La Bicicleta - Remix","Carlos Vives",141311,https://open.spotify.com/track/7IRuf7FrdQvOGs0g9mSNGr
99,"I Took A Pill In Ibiza - Seeb Remix","Mike Posner",138820,https://open.spotify.com/track/17Fd6Yb7mSbinKG8LoWfFl
100,"Hear Me Now",Alok,138203,https://open.spotify.com/track/1a5Yu5L18qNxVhXx38njON
101,"Sin Contrato - Remix",Maluma,138057,https://open.spotify.com/track/2xNZeeqmwMPVKnD7FSQfgt
102,"Run Up (feat. PARTYNEXTDOOR & Nicki Minaj)","Major Lazer",136291,https://open.spotify.com/track/0fg8CqpjdojMyXLNzM2PaJ
103,Believer,"Imagine Dragons",135067,https://open.spotify.com/track/0CcQNd8CINkwQfe1RDtGV6
104,"Call On Me - Ryan Riback Extended Remix",Starley,133665,https://open.spotify.com/track/78rIJddV4X0HkNAInEcYde
105,Fuego,Juanes,133404,https://open.spotify.com/track/0mwPE0lPOgnWf2bo14xedJ
106,"Thinking Out Loud","Ed Sheeran",130002,https://open.spotify.com/track/1Slwb6dOYkBlWal1PGtnNg
107,"Lo Intentamos",Marama,129447,https://open.spotify.com/track/4Kzk0koKwzCMiIx4rAqCZp
108,"Deja De Llorar","El Polaco",128614,https://open.spotify.com/track/3tddzXTgneWrkV2cYNUBZe
109,Photograph,"Ed Sheeran",125625,https://open.spotify.com/track/6fxVffaTuwjgEk5h9QyRjy
110,"Say You Won't Let Go","James Arthur",125424,https://open.spotify.com/track/5uCax9HTNlzGybIStD3vDh
111,"No Me Olvides","La Beriso",124096,https://open.spotify.com/track/7LDUiraavMZ6mb8hK3mXkj
112,"Stressed Out","Twenty One Pilots",124046,https://open.spotify.com/track/3CRDbSIZ4r5MsZ0YwxuEkn
113,Aventura,"Pijama Party",122786,https://open.spotify.com/track/1y9mv4NMheIuIUKf9hsIsy
114,"Acércate (feat. Nicky Jam) - Remix","De La Ghetto",122477,https://open.spotify.com/track/35OC6rMxa8lJi8eDiUVShS
115,"De Pies a Cabeza",Maná,122211,https://open.spotify.com/track/2CkHE54EH44Qj945ynQRw7
116,"El Perdedor",Maluma,119852,https://open.spotify.com/track/1iEwyiSLAunPR6uouANE0O
117,"Hasta la luna",#TocoParaVos,119132,https://open.spotify.com/track/1A3yLIqelu1D7MCtw06Cu7
118,"Tu Arreglapenas","La Reserva",118755,https://open.spotify.com/track/01M85JZm3JMyHrWzvkfO5X
119,"Baila Conmigo","Juan Magán",117925,https://open.spotify.com/track/772io14jrMTxGJbijtDccQ
120,"Su Novio Anterior","El Villano",117224,https://open.spotify.com/track/64CvAy6EPQpxCNbW2LNze9
121,"Cake By The Ocean",DNCE,116591,https://open.spotify.com/track/2aFiaMXmWsM3Vj72F9ksBl
122,"We Don't Talk Anymore (feat. Selena Gomez)","Charlie Puth",116283,https://open.spotify.com/track/68EMU2RD1ECNeOeJ5qAXCV
123,"Treat You Better","Shawn Mendes",115841,https://open.spotify.com/track/4Hf7WnR761jpxPr5D46Bcd
124,"Otra Copa (feat. Farruko)","Justin Quiles",115835,https://open.spotify.com/track/5KX51uLJYo1S1MmITG7lHD
125,"Cheap Thrills",Sia,115620,https://open.spotify.com/track/27SdWb2rFzO6GWiYDBTD9j
126,Issues,"Julia Michaels",114977,https://open.spotify.com/track/1sXUWdKx03aP9Gmzft58rt
127,"Ruleta Rusa","Kevin Roldan",114176,https://open.spotify.com/track/77KHmKnBmVGTjRCeMVXpWH
128,"El Chisme",Reykon,113429,https://open.spotify.com/track/4VXejnj5WgM6H72ct2fSgQ
129,Ride,"Twenty One Pilots",112493,https://open.spotify.com/track/2Z8WuEywRWYTKe1NybPQEW
130,"Vente Pa' Ca - Urban Remix","Ricky Martin",112242,https://open.spotify.com/track/3pI6VigoXHkcL3VYLJfBhq
131,"Caile (feat. Zion & De La Ghetto)",Revol,111268,https://open.spotify.com/track/626rYyBfeAeleh1F5t4B70
132,"Don't Let Me Down","The Chainsmokers",111066,https://open.spotify.com/track/0QsvXIfqM0zZoerQfsI9lm
133,Madrugada,"La Beriso",110909,https://open.spotify.com/track/4SGCn3ZVXa7bepHuAdQvC9
134,"Love Yourself","Justin Bieber",110866,https://open.spotify.com/track/3hB5DgAiMAQ4DzYbsMq1IT
135,Heathens,"Twenty One Pilots",110440,https://open.spotify.com/track/6i0V12jOa3mr6uu4WYhUBr
136,"How Far I'll Go - From ""Moana""","Alessia Cara",110107,https://open.spotify.com/track/5hYTyyh2odQKphUbMqc5gN
137,Crimen,"Gustavo Cerati",109744,https://open.spotify.com/track/3oqWr0jDWNXxWufNogGREp
138,"El Perdón","Nicky Jam",109539,https://open.spotify.com/track/7qCAVkHWZkF44OzOUKf8Cr
139,"La Máquina de Ser Feliz","Charly García",109336,https://open.spotify.com/track/52qq2T7uXlpI7Kfb4otWNk
140,Creo,Callejeros,108902,https://open.spotify.com/track/5Bi9Cq5oVFy1OtUgecbegZ
141,"Si Ella Quisiera - Remix","Justin Quiles",108120,https://open.spotify.com/track/0A2h9QjoPdbVwa9LFiijqM
142,"Rompecabezas de Amor","Las Pastillas del Abuelo",106192,https://open.spotify.com/track/6qs5C2MEAHfF2jUdEzpWut
143,"Llegaste tú (feat. Reykon)","Sofia Reyes",106083,https://open.spotify.com/track/79Bm3DTEYuQsDpUVHbSRsL
144,"Una Cerveza",Rafaga,104817,https://open.spotify.com/track/3LNZSTiwQYL7BnTfHvIOII
145,"Spaghetti del Rock",Divididos,103490,https://open.spotify.com/track/6rg1MBZqggsQ5olFGTw0rr
146,Sorry,"Justin Bieber",102234,https://open.spotify.com/track/69bp2EbF7Q2rqc5N3ylezZ
147,Picky,"Joey Montana",101807,https://open.spotify.com/track/4tPL9PeVZY4c0jUPtSD5nx
148,"Tan Fácil",CNCO,99127,https://open.spotify.com/track/1TxgZRcy3kZ7JaEp88MDbC
149,"Deja Que Te Bese","Alejandro Sanz",98895,https://open.spotify.com/track/0s6yB0ZFl1LvYHAnGhXFga
150,"The Scientist",Coldplay,98539,https://open.spotify.com/track/75JFxkI2RXiU7L9VXzMkle
151,Work,Rihanna,98470,https://open.spotify.com/track/14WWzenpaEgQZlqPq2nk4v
152,"This Girl (Kungs Vs. Cookin' On 3 Burners) - Kungs Vs. Cookin' On 3 Burners",Kungs,96773,https://open.spotify.com/track/0tICYNayWWhH9GPeFrfjfD
153,"Me Reclama","Mambo Kingz",96145,https://open.spotify.com/track/4ojwGTehgBRAg52jbFgzJg
154,"Yo te propongo",Rombai,95131,https://open.spotify.com/track/0YFoSD5VhoVrRbrnFERpVM
155,"Nunca quise",Intoxicados,95046,https://open.spotify.com/track/0ZAJ660VP57lLK4U7NlGOy
156,"Me Gusta","Ciro y los Persas",94825,https://open.spotify.com/track/3pMo77B4r1NwwIK78lO4xf
157,Quisiera,CNCO,94635,https://open.spotify.com/track/4iPV0gcc8keTFl6qxqP73M
158,"Otra Cosa","Daddy Yankee",94565,https://open.spotify.com/track/3g8HfTlZYA72i9V2JPwXOb
159,"Stay (with Alessia Cara)",Zedd,94214,https://open.spotify.com/track/0dA2Mk56wEzDgegdC6R17g
160,"Tu No Vive Asi (feat. Mambo Kingz & DJ Luian)",Arcangel,94091,https://open.spotify.com/track/6NSMQFKgjpQb0KkjMDYIK0
161,Puente,"Gustavo Cerati",93423,https://open.spotify.com/track/6gwaa6ElIixNTvu6RwkMyo
162,"Solo Dance","Martin Jensen",93230,https://open.spotify.com/track/6HUnnBwYZqcED1eQztxMBN
163,"Hasta Que Se Seque el Malecón - Remix","Jacob Forever",93067,https://open.spotify.com/track/6sMPwcpYtxm1mlgYbp1B0t
164,Mata,"Marka Akme",91604,https://open.spotify.com/track/6h8rrNrOCdBbz37IhcvApT
165,"Cuando Pase El Temblor - Remasterizado 2007","Soda Stereo",90909,https://open.spotify.com/track/3uMYq07Kj5m564OQwdSCrD
166,"This Is What You Came For","Calvin Harris",90593,https://open.spotify.com/track/0azC730Exh71aQlOt9Zj3y
167,"Rocanroles Sin Destino",Callejeros,89792,https://open.spotify.com/track/46yA2K9FA0PaCbeWkezvFC
168,"Hymn For The Weekend - Seeb Remix",Coldplay,89452,https://open.spotify.com/track/1OAiWI2oPmglaOiv9fdioU
169,"Work from Home","Fifth Harmony",89150,https://open.spotify.com/track/4tCtwWceOPWzenK2HAIJSb
170,"Dame la Mano","Los Bonnitos",88897,https://open.spotify.com/track/2zrcunkMh2pG74NKLQagf7
171,"Bad Things (with Camila Cabello)","Machine Gun Kelly",88477,https://open.spotify.com/track/1PSBzsahR2AKwLJgx8ehBj
172,"Un Polvo",Maluma,88308,https://open.spotify.com/track/01vHGJRvJ6EZW9KO8NtZpi
173,"Trátame Suavemente - Remasterizado 2007","Soda Stereo",88231,https://open.spotify.com/track/65DBZofI0b79kfHTcWWDuU
174,"Por Fin Te Encontré","Cali Y El Dandee",87688,https://open.spotify.com/track/3GpvoKKWZyTwgbLEM9RmWM
175,"Nunca Me Olvides - Remix",Yandel,87153,https://open.spotify.com/track/7pyEd6g5y7SYdKNgRtleEB
176,Faded,"Alan Walker",86805,https://open.spotify.com/track/7gHs73wELdeycvS48JfIos
177,Rivalidad,"Charly García",86655,https://open.spotify.com/track/6vuWyGYpQfhBC1WFW1fkOR
178,"How Would You Feel (Paean)","Ed Sheeran",86618,https://open.spotify.com/track/6PJ8FF6UR8FZXfEvpHkIVN
179,"The Greatest",Sia,86575,https://open.spotify.com/track/7xHWNBFm6ObGEQPaUxHuKO
180,Slide,"Calvin Harris",86569,https://open.spotify.com/track/7tr2za8SQg2CI8EDgrdtNl
181,Dueles,"Jesse & Joy",86507,https://open.spotify.com/track/1iRvhKiXRElIH2Uf4gd95P
182,Insegura,VAS,85742,https://open.spotify.com/track/2jahKqF76dRFDwCqd6FzS7
183,"Le Hace Falta un Beso",Agapornis,85253,https://open.spotify.com/track/300xUYXWhFA6Q1sbNvVItP
184,"Persiana Americana","Soda Stereo",85236,https://open.spotify.com/track/7JZP7kQsuFFWOrtAI7uNiW
185,Primavera,"Charly García",84604,https://open.spotify.com/track/0VSzEeOuXTAI3kbG4TXBth
186,Loquita,Marama,84481,https://open.spotify.com/track/2xjcDF21U2ccgE2LEeiMbf
187,"Si Te Dejas Llevar (feat. Juanka)",Ozuna,83947,https://open.spotify.com/track/7rDi4fIeHSM3KAUYAKYMMN
188,"Ganas Locas","Prince Royce",83845,https://open.spotify.com/track/7JpzzaCzljQdfnG7wPRqSe
189,Traicionero,"La Beriso",83799,https://open.spotify.com/track/0sOpGWXWkxNDev51Dst3fQ
190,"Balada Del Diablo y La Muerte","La Renga",83794,https://open.spotify.com/track/4ObkiTmpsSU31gqGhTb8SH
191,"Ya No Me Duele Más - Remix","Silvestre Dangond",83740,https://open.spotify.com/track/4CTjql34LKCJy5WOSgEhvA
192,"A las Nueve","No Te Va Gustar",83607,https://open.spotify.com/track/0uuEqOyKlABOB7hzWKcEeG
193,"All Night","The Vamps",83266,https://open.spotify.com/track/1yNyoWWWikbLhwIGWjZuDW
194,Personalmente,"Las Pelotas",83120,https://open.spotify.com/track/7q7XFO9av9VpNJSXKJwJxD
195,"Desafio (feat. Maluma)","Jory Boy",83000,https://open.spotify.com/track/3pk19nKnFSl9E4X7gqq10A
196,"La Ocasion (feat. Arcangel, Ozuna & Anuel Aa)","De La Ghetto",82037,https://open.spotify.com/track/498YWgZPJWIA4lphXtCNma
197,"Era Tranquila",Marama,81838,https://open.spotify.com/track/5OqaLWo9WbNPWDilrwNwzt
198,"By Your Side","Jonas Blue",81651,https://open.spotify.com/track/1D3ODoXHBLpdxolZRHWV1j
199,"Ella Es Tan Kubrick","Charly García",80899,https://open.spotify.com/track/2074PxLJhsulJcP0ivfUSj
200,"Sentí el Sabor",Rombai,80547,https://open.spotify.com/track/2TN5VueWaAxwkzHgmtDRMn
