Position,"Track Name",Artist,Streams,URL
1,"Me Rehúso","Danny Ocean",1381905,https://open.spotify.com/track/6De0lHrwBfPfrhorm9q1Xl
2,"Felices los 4",Maluma,1366738,https://open.spotify.com/track/0qYTZCo5Bwh1nsUFGZP3zn
3,"Mi Gente","J Balvin",1348716,https://open.spotify.com/track/2rb5MvYT7ZIxbKW5hfcHx8
4,"Ahora Dice","Chris Jeday",1131444,https://open.spotify.com/track/22eADXu8DfOAUEDw4vU8qy
5,"Escápate Conmigo",Wisin,1044929,https://open.spotify.com/track/2cnKEkpVUSV4wnjQiTWfH6
6,"Hey DJ",CNCO,1032047,https://open.spotify.com/track/209gZgcfLq2aUuu51vOWBl
7,Bonita,"J Balvin",1030148,https://open.spotify.com/track/693iqPOQvhI7PobtR8CC8v
8,"Tu Foto",Ozuna,845631,https://open.spotify.com/track/0Szp49tpFasIjX04Mcsydp
9,"Shape of You","Ed Sheeran",800875,https://open.spotify.com/track/7qiZfU4dY1lWllzX7mPBI3
10,"Olha a Explosão","MC Kevinho",740432,https://open.spotify.com/track/6m2LNopVJKsvBB9l7Z1rwn
11,"Despacito (Featuring Daddy Yankee)","Luis Fonsi",718081,https://open.spotify.com/track/4aWmUDTfIPGksMNLV2rQP2
12,"Despacito - Remix","Luis Fonsi",686911,https://open.spotify.com/track/5CtI0qwDJkDQGwXD1H1cLb
13,"La Rompe Corazones","Daddy Yankee",682979,https://open.spotify.com/track/4okba5wu9mMLXx79DXLKi3
14,"Sigo Extrañándote","J Balvin",612603,https://open.spotify.com/track/6qDF4wWL49CAVbgT7yuHl8
15,"Me Enamoré",Shakira,608690,https://open.spotify.com/track/4qknM1pQz53QOyfDVTjcM9
16,"El Amante","Nicky Jam",601649,https://open.spotify.com/track/3umS4y3uQDkqekNjVpiRUs
17,"Sola (Remix) [feat. Daddy Yankee, Wisin, Farruko, Zion & Lennox]","Anuel Aa",593912,https://open.spotify.com/track/5q2JbCNi4FcnglgPfxcV65
18,Báilame,Nacho,590422,https://open.spotify.com/track/7lRsNbdOGykkMAgsqs4R1C
19,"SUBEME LA RADIO","Enrique Iglesias",563150,https://open.spotify.com/track/7nKBxz47S9SD79N086fuhn
20,"Una y Otra Vez",Rombai,559441,https://open.spotify.com/track/3VSt7R9LHTomKGP1RhkvuT
21,Besándote,"Piso 21",550096,https://open.spotify.com/track/13X0XdLMOdtbXVtAj2ox4h
22,"Me Llamas (feat. Maluma) - Remix","Piso 21",544091,https://open.spotify.com/track/5hEM0JchdVzQ5PwvSfITeX
23,"Otra Vez (feat. J Balvin)","Zion & Lennox",537047,https://open.spotify.com/track/3QwBODjSEzelZyVjxPOHdq
24,"Si Tú La Ves","Nicky Jam",534047,https://open.spotify.com/track/4yN6xPLopmTLvc27pO9LIE
25,"Una Lady Como Tú","Manuel Turizo",528581,https://open.spotify.com/track/7MHN1aCFtLXjownGhvEQlF
26,"Piel a Piel","Dame 5",488047,https://open.spotify.com/track/2q3B7GLCEA4uYvuo2g5P82
27,"Hey Ma (with Pitbull & J Balvin feat. Camila Cabello) - Spanish Version",Pitbull,484697,https://open.spotify.com/track/2Vdub5mY4lad7w64bFPUez
28,"Reggaetón Lento (Bailemos)",CNCO,474556,https://open.spotify.com/track/3AEZUABDXNtecAOSC1qTfo
29,,,466016,https://open.spotify.com/track/3RXkboS74UYzN14xTqzPyY
30,"Swalla (feat. Nicki Minaj & Ty Dolla $ign)","Jason Derulo",454353,https://open.spotify.com/track/6kex4EBAj0WHXDKZMEJaaF
31,"Cuando Se Pone a Bailar",Rombai,450219,https://open.spotify.com/track/1MpKZi1zTXpERKwxmOu1PH
32,"Alguien Robo","Sebastian Yatra",443836,https://open.spotify.com/track/5i50gKdLAjjIr7UxRT5IVy
33,Traicionera,"Sebastian Yatra",439610,https://open.spotify.com/track/5J1c3M4EldCfNxXwrwt8mT
34,"Soy Peor Remix (feat. J Balvin, Ozuna & Arcangel)","Bad Bunny",430466,https://open.spotify.com/track/4UG962ViiLqoUyx0RjCcwP
35,"Amor para un Rato",Olvidate!,425165,https://open.spotify.com/track/47EEKhimMiDtUfYNR5Ii58
36,"Te Quiero Pa´Mi","Don Omar",416318,https://open.spotify.com/track/3BY2mafsbsoKGqS380Xnuz
37,"Ahora Me Llama","Karol G",410395,https://open.spotify.com/track/61HHDBLqF3AmSvLfHKNGd2
38,Attention,"Charlie Puth",397700,https://open.spotify.com/track/4iLqG9SeJSnt0cSPICSjxv
39,Vacaciones,Wisin,396585,https://open.spotify.com/track/3dQDid3IUNhZy1OehIfYfE
40,Chantaje,Shakira,380671,https://open.spotify.com/track/6mICuAdrwEjh6Y6lroV2Kg
41,"El Amante - Remix","Nicky Jam",380349,https://open.spotify.com/track/04f13iELcsYpY2yeLiAcfq
42,"Ay Mi Dios",IAmChino,365754,https://open.spotify.com/track/6stYbAJgTszHAHZMPxWWCY
43,"Something Just Like This","The Chainsmokers",359640,https://open.spotify.com/track/6RUKPb4LETWmmr3iAEQktW
44,"Si Tu Novio Te Deja Sola","J Balvin",358279,https://open.spotify.com/track/0RFFFGtPn6a58RHY3ccVYX
45,"Gyal You A Party Animal - Remix","Charly Black",354649,https://open.spotify.com/track/1AkTW13ysu0AJrwuM6UY0I
46,"Vente Pa' Ca","Ricky Martin",342480,https://open.spotify.com/track/7DM4BPaS7uofFul3ywMe46
47,Safari,"J Balvin",332983,https://open.spotify.com/track/6rQSrBHf7HlZjtcMZ4S4bO
48,"Andas En Mi Cabeza","Chino & Nacho",330208,https://open.spotify.com/track/5mey7CLLuFToM2P68Qu1gF
49,"That's What I Like","Bruno Mars",321181,https://open.spotify.com/track/0KKkJNfGyhkQ5aFogxQAPU
50,"Borro Cassette",Maluma,312487,https://open.spotify.com/track/6DUdDIRgLqCGq1DwkNWQTN
51,"Soy Peor","Bad Bunny",255005,https://open.spotify.com/track/5MT96Zz0ymUJNm8obKZQr0
52,"Rockabye (feat. Sean Paul & Anne-Marie)","Clean Bandit",254578,https://open.spotify.com/track/5knuzwU65gJK7IF5yJsuaW
53,"Hula Hoop","Daddy Yankee",253231,https://open.spotify.com/track/7BEI30TTNhwnkCyNUDmFrr
54,Netflixxx,Brytiago,247321,https://open.spotify.com/track/5gFAT2DbEt4TOMXyAMEixG
55,"Bebe (feat. Anuel AA)",Ozuna,243585,https://open.spotify.com/track/6SIrNxmmdbv1KUbFBu1PaN
56,"No Te Hagas","Jory Boy",243378,https://open.spotify.com/track/5hKjEpYrJIJs6uPl7zw6Y6
57,Chillax,Farruko,243071,https://open.spotify.com/track/1lxswgIpzV6HhENRvkflES
58,"Diles (feat. Arcangel, Nengo Flow, Dj Luian & Mambo Kings)",Farruko,235720,https://open.spotify.com/track/2FrnTVSHjgnEylKGdHRUK1
59,"Ni Tú Ni Yo","Jennifer Lopez",229053,https://open.spotify.com/track/5xMzazov0IHYllrc8U2K6F
60,"There's Nothing Holdin' Me Back","Shawn Mendes",225042,https://open.spotify.com/track/79cuOz3SPQTuFrp8WgftAu
61,Lumbra,"Cali Y El Dandee",223331,https://open.spotify.com/track/6VHdcVbiKLYYOcMbIqBcuK
62,,,221537,https://open.spotify.com/track/4JAyIDXOqNM6qHuZML01uX
63,"Tu No Metes Cabra","Bad Bunny",221024,https://open.spotify.com/track/10nQ3Pj0o1XotcikgJPVKD
64,"Loca (feat. Cali Y El Dandee)","Maite Perroni",217240,https://open.spotify.com/track/05ZXXyeZFhZtA6DAP3Aw7x
65,Feels,"Calvin Harris",207743,https://open.spotify.com/track/5bcTCxgc7xVfSaMV3RuVke
66,"I'm the One","DJ Khaled",195680,https://open.spotify.com/track/3DXncPQOG4VBw3QHh3S817
67,"Baila Morena","Dame 5",191110,https://open.spotify.com/track/5ut9BH3m0lH2kRfZc3YSKV
68,"La Última Vez","Anuel Aa",190491,https://open.spotify.com/track/4J1e3hbf0e5YUZjkxyJWD3
69,"Escápate Conmigo - Remix",Wisin,190239,https://open.spotify.com/track/5P45f6HakSHDwdFj5dO5K5
70,"Me Mata","Bad Bunny",188066,https://open.spotify.com/track/2wgDAPgBhFA7pnIbm0YOhP
71,"Dile Que Tu Me Quieres",Ozuna,185696,https://open.spotify.com/track/20ZAJdsKB5IGbGj4ilRt2o
72,Mayores,"Becky G",185268,https://open.spotify.com/track/7JNh1cfm0eXjqFVOzKLyau
73,"Deja vu","Prince Royce",182732,https://open.spotify.com/track/46HdsiK0uR26B2dY9QPzda
74,"Wild Thoughts","DJ Khaled",180561,https://open.spotify.com/track/1OAh8uOEOvTDqkKFsKksCi
75,"La Noche No Es para Dormir","Mano Arriba",179149,https://open.spotify.com/track/3gEebOzxHpEwElicl1XBy0
76,,,176527,https://open.spotify.com/track/3eFJqPe8VUYrABbFjSauuj
77,"Ya Me Enteré (feat. Nicky Jam) - Urban Version",Reik,175231,https://open.spotify.com/track/2SSYqDX8KTgy01NlqtUo0F
78,"La Quiero Conocer",Marama,173710,https://open.spotify.com/track/2HNBSacyB6jm04n9dX2Mse
79,"Bailame Despacio",Xantos,170878,https://open.spotify.com/track/4OaTpLJIa2harufGxfOPUu
80,Thunder,"Imagine Dragons",170825,https://open.spotify.com/track/0tKcYR2II1VCQWT79i5NrW
81,"Déjame te explico",Reykon,170076,https://open.spotify.com/track/7jzpAD8q77nwEmSsqUeUjy
82,"Me Acostumbre (feat. Bad Bunny)",Arcangel,169377,https://open.spotify.com/track/2FIm6YsSGL5acOqSuJDh5s
83,"Sign of the Times","Harry Styles",161372,https://open.spotify.com/track/5Ohxk2dO5COHF1krpoPigN
84,"Ayer 2","Anuel Aa",158855,https://open.spotify.com/track/5ZF3889W92eTBOROe0lPNN
85,Imitadora,"Romeo Santos",158075,https://open.spotify.com/track/19CAKZdXVNyZrfmF60RAj3
86,"I Feel It Coming","The Weeknd",156760,https://open.spotify.com/track/5GXAXm5YOmYT0kL5jHvYBt
87,"Strip That Down","Liam Payne",156438,https://open.spotify.com/track/6EpRaXYhGOB3fj4V2uDkMJ
88,"Puti Short","De La Calle",155922,https://open.spotify.com/track/1KTnaTJgCt0F3WwMNjL5T6
89,"Tamo Activo","Los Turros",155783,https://open.spotify.com/track/1UqwQ9sQlpEzriYvYb2HBM
90,"Diabla - Official Remix",Farruko,154155,https://open.spotify.com/track/2OxUtaKYeahAGNaBiahXtR
91,"La Bicicleta","Carlos Vives",151567,https://open.spotify.com/track/0sXvAOmXgjR2QUqLK1MltU
92,Lejos,"Dame 5",148806,https://open.spotify.com/track/6Kk4fza1rX70tVY3ZZcsic
93,Oncemil,"Abel Pintos",148300,https://open.spotify.com/track/3y5ahYM9zwyOCt3mieZ0PZ
94,"El Equivocado","Mano Arriba",146501,https://open.spotify.com/track/5vy1C7DD9xJ5fRB3KqV6Kq
95,"Shape of You (Latin Remix) [feat. Zion & Lennox]","Ed Sheeran",146202,https://open.spotify.com/track/5nCtCCB5i1OfbADvynNw0i
96,,,145928,https://open.spotify.com/track/3bVbQvGVIe4n24AzyXovXh
97,"Bebé - Remix",Brytiago,145496,https://open.spotify.com/track/2jVJYU4X3aD8hlTco3MlsN
98,Malibu,"Miley Cyrus",145051,https://open.spotify.com/track/2habSXqcJGExM6JJyskY7O
99,Believer,"Imagine Dragons",144946,https://open.spotify.com/track/0CcQNd8CINkwQfe1RDtGV6
100,"Qué Me Has Hecho",Chayanne,143767,https://open.spotify.com/track/3nUNwSYEUv9bmUc3de0Owv
101,"Loco Enamorado","Abraham Mateo",142778,https://open.spotify.com/track/4N1c5rmWOzRmB9SMacr5wB
102,"Llamame Mas Temprano","Mano Arriba",142046,https://open.spotify.com/track/5aHJug2wnupoGfgfxRudsk
103,"There for You","Martin Garrix",141494,https://open.spotify.com/track/6jA8HL9i4QGzsj6fjoxp8Y
104,"Shaky Shaky","Daddy Yankee",140638,https://open.spotify.com/track/58IL315gMSTD37DOZPJ2hf
105,Manicomio,Cosculluela,139560,https://open.spotify.com/track/3n58u3LOFw8mITLvfPvQBz
106,Photograph,"Ed Sheeran",139378,https://open.spotify.com/track/6fxVffaTuwjgEk5h9QyRjy
107,"Tu No Vive Asi (feat. Mambo Kingz & DJ Luian)",Arcangel,137355,https://open.spotify.com/track/6NSMQFKgjpQb0KkjMDYIK0
108,"24K Magic","Bruno Mars",136358,https://open.spotify.com/track/6b8Be6ljOzmkOmFslEb23P
109,"The Scientist",Coldplay,136182,https://open.spotify.com/track/75JFxkI2RXiU7L9VXzMkle
110,"Sorry Not Sorry","Demi Lovato",134470,https://open.spotify.com/track/25C5CowdsfXld2jJanbiex
111,"Pasarla Bien",Marama,133981,https://open.spotify.com/track/0ZzVPCGdkpKcxAzMNDD5UZ
112,"Caile (feat. Zion & De La Ghetto)",Revol,133870,https://open.spotify.com/track/626rYyBfeAeleh1F5t4B70
113,"Ando buscando","Carlos Baute",133867,https://open.spotify.com/track/7BwJtE8KSbCQKOCTIAY3jX
114,Mama,"Jonas Blue",133656,https://open.spotify.com/track/0NiXXAI876aGImAd6rTj8w
115,"Stay (with Alessia Cara)",Zedd,132776,https://open.spotify.com/track/0dA2Mk56wEzDgegdC6R17g
116,"Qué Gano Olvidándote - Versión Urbana",Reik,132614,https://open.spotify.com/track/3H179O48ynsu9q8LOnFQZY
117,"Mi Tesoro (feat. Nicky Jam)","Zion & Lennox",132611,https://open.spotify.com/track/5HABnFSYvl6mTmg8nSdzHa
118,"Buscando Huellas (feat. J Balvin & Sean Paul)","Major Lazer",131578,https://open.spotify.com/track/6urlj8N8TL3MK0ATNGIZYW
119,"Cuatro Babys",Maluma,131259,https://open.spotify.com/track/0JoHqmlqE0W0i9prt6kcHR
120,"Quédate Conmigo","Chyno Miranda",131215,https://open.spotify.com/track/0a9b4sUavOWgyc9jeScv7Y
121,"Let Me Love You","DJ Snake",130972,https://open.spotify.com/track/4pdPtRcBmOSQDlJ3Fk945m
122,"Me Gustas","Kevin Roldan",130514,https://open.spotify.com/track/2d8rQXA25Yk5ZE3XW1eTXs
123,"Esa Boquita","J Alvarez",129082,https://open.spotify.com/track/3tWeAH4IYIrxV2jrUk9Ab3
124,Intento,"Ulises Bueno",128050,https://open.spotify.com/track/1nvomogWZSfnw3H4Uti0eL
125,"Crying in the Club","Camila Cabello",126973,https://open.spotify.com/track/1SJtlNRJDeYHioymcvsqev
126,"Comerte a Besos (feat. Cande Buasso)","Pijama Party",126392,https://open.spotify.com/track/4UHZMWgKDjJ1zS0t6f6qPv
127,"Galway Girl","Ed Sheeran",126307,https://open.spotify.com/track/0afhq8XCExXpqazXczTSve
128,Crimen,"Gustavo Cerati",125544,https://open.spotify.com/track/3oqWr0jDWNXxWufNogGREp
129,"Symphony (feat. Zara Larsson)","Clean Bandit",125432,https://open.spotify.com/track/1x5sYLZiu9r5E43kMlt9f8
130,"We Don't Talk Anymore (feat. Selena Gomez)","Charlie Puth",124995,https://open.spotify.com/track/68EMU2RD1ECNeOeJ5qAXCV
131,Creo,Callejeros,123555,https://open.spotify.com/track/5Bi9Cq5oVFy1OtUgecbegZ
132,Carnavalintro,CHANO,122766,https://open.spotify.com/track/0tGAPnTFwRJA6FZgYZ0BAe
133,"Me Ama Me Odia",Ozuna,122281,https://open.spotify.com/track/6041gM9Th1ViQcnzkIxnuv
134,"Thinking Out Loud","Ed Sheeran",122058,https://open.spotify.com/track/1Slwb6dOYkBlWal1PGtnNg
135,"Simple (feat. Cosculluela, Nengo Flow & Baby Rasta y Gringo)","DJ Luian",121255,https://open.spotify.com/track/15kZDQoTtpkya2kG8ZPJoi
136,"Un Ratito Mas","Bryant Myers",121145,https://open.spotify.com/track/21lnmphofXWWeSSx0PEMjc
137,"Nunca quise",Intoxicados,120749,https://open.spotify.com/track/0ZAJ660VP57lLK4U7NlGOy
138,Perfect,"Ed Sheeran",118850,https://open.spotify.com/track/0tgVpDi06FyKpA1z0VMD4v
139,"No Me Olvides","La Beriso",118796,https://open.spotify.com/track/7LDUiraavMZ6mb8hK3mXkj
140,"Rompecabezas de Amor","Las Pastillas del Abuelo",118637,https://open.spotify.com/track/6qs5C2MEAHfF2jUdEzpWut
141,"Mi Religión",Yandel,118445,https://open.spotify.com/track/2bdD0eYH8XirjVAXq68JAN
142,"Kung Fu",Dasoul,117637,https://open.spotify.com/track/0B6GRS3vGtzu6w5BQXqWMq
143,"Desde Esa Noche",Thalía,117234,https://open.spotify.com/track/1pWYnQIlqxTh5bxuPmTG4E
144,"Spaghetti del Rock",Divididos,116543,https://open.spotify.com/track/6rg1MBZqggsQ5olFGTw0rr
145,"Deu Onda","MC G15",113696,https://open.spotify.com/track/0EPxmvsG1BY5td4aTOkWBF
146,"Traicionera - Remix","Sebastian Yatra",110817,https://open.spotify.com/track/2webQDZmtGioeu3zUUi9We
147,Unforgettable,"French Montana",110365,https://open.spotify.com/track/3B54sVLJ402zGa6Xm4YGNe
148,Slide,"Calvin Harris",109806,https://open.spotify.com/track/7tr2za8SQg2CI8EDgrdtNl
149,"Sin Principio Ni Final","Abel Pintos",108085,https://open.spotify.com/track/6ihwy1c6tsMC6AWANIrhH2
150,"Pa Ti","Bad Bunny",107285,https://open.spotify.com/track/17nOaHsTn06jxuU9NpHuFU
151,Closer,"The Chainsmokers",106786,https://open.spotify.com/track/7BKLCZ1jbUBVqRi2FVlTVw
152,"Mala Mujer","C. Tangana",106729,https://open.spotify.com/track/6puxHBNwu2Nmm7uD3Rd2MP
153,"No Promises (feat. Demi Lovato)","Cheat Codes",106509,https://open.spotify.com/track/1louJpMmzEicAn7lzDalPW
154,"Side To Side","Ariana Grande",106491,https://open.spotify.com/track/4pLwZjInHj3SimIyN9SnOz
155,"Scared to Be Lonely","Martin Garrix",104967,https://open.spotify.com/track/3ebXMykcMXOcLeJ9xZ17XH
156,"Sin Contrato - Remix",Maluma,104821,https://open.spotify.com/track/2xNZeeqmwMPVKnD7FSQfgt
157,"Tan Fácil",CNCO,104818,https://open.spotify.com/track/1TxgZRcy3kZ7JaEp88MDbC
158,"Si No Vuelves","Gente De Zona",104406,https://open.spotify.com/track/0PE1dlvMZeBqEbm4BtVVSZ
159,Naistumichiu,CHANO,104202,https://open.spotify.com/track/6vBeZiyYQmb0eD1Fj3RThI
160,Blockia,"Bad Bunny",104201,https://open.spotify.com/track/3uPLiBTUgz7wrGJ2mw1rzM
161,"Me Gusta","Ciro y los Persas",103806,https://open.spotify.com/track/3pMo77B4r1NwwIK78lO4xf
162,"Persiana Americana","Soda Stereo",103772,https://open.spotify.com/track/7JZP7kQsuFFWOrtAI7uNiW
163,"No Quiere Enamorarse (Remix) [feat. Daddy Yankee]",Ozuna,103702,https://open.spotify.com/track/4vlbjBSMqycZk6t4HVRpnC
164,Quisiera,CNCO,102589,https://open.spotify.com/track/4iPV0gcc8keTFl6qxqP73M
165,"Sin Contrato",Maluma,102382,https://open.spotify.com/track/09S64DUkxIX9EwIaULu6yN
166,"Devuélveme El Corazón","Sebastian Yatra",102315,https://open.spotify.com/track/2uWg6P3lEsS1qQ2qg11TUx
167,Personalmente,"Las Pelotas",100038,https://open.spotify.com/track/7q7XFO9av9VpNJSXKJwJxD
168,"Balada Del Diablo y La Muerte","La Renga",98907,https://open.spotify.com/track/4ObkiTmpsSU31gqGhTb8SH
169,Madrugada,"La Beriso",98875,https://open.spotify.com/track/4SGCn3ZVXa7bepHuAdQvC9
170,"No Llores",LOAN,98863,https://open.spotify.com/track/07GOnZWIiHWjLzUsaTv5yO
171,"Deja De Llorar","El Polaco",98699,https://open.spotify.com/track/3tddzXTgneWrkV2cYNUBZe
172,Puente,"Gustavo Cerati",97606,https://open.spotify.com/track/6gwaa6ElIixNTvu6RwkMyo
173,"La Gozadera","Gente De Zona",97588,https://open.spotify.com/track/0OMRAvrtLWE2TvcXorRiB9
174,"Si Me Dices Que Si (feat. Nicky Jam)",Cosculluela,97255,https://open.spotify.com/track/3noN1TxpjbjjmKqssghvg8
175,"I Don’t Wanna Live Forever (Fifty Shades Darker) - From ""Fifty Shades Darker (Original Motion Picture Soundtrack)""",ZAYN,96666,https://open.spotify.com/track/3NdDpSvN911VPGivFlV5d0
176,"Cheap Thrills",Sia,96663,https://open.spotify.com/track/27SdWb2rFzO6GWiYDBTD9j
177,Starboy,"The Weeknd",96429,https://open.spotify.com/track/5aAx2yezTd8zXrkmtKl66Z
178,"Slow Hands","Niall Horan",95964,https://open.spotify.com/track/167NczpNbRF7oWakJaY3Hh
179,"Don't Wanna Know","Maroon 5",95807,https://open.spotify.com/track/5MFzQMkrl1FOOng9tq6R9r
180,"Love Yourself","Justin Bieber",95637,https://open.spotify.com/track/3hB5DgAiMAQ4DzYbsMq1IT
181,"A Veces Vuelvo","Catupecu Machu",95628,https://open.spotify.com/track/2E2dLZK0gSTl6vjr53BfKM
182,"Perro Fiel",Shakira,95585,https://open.spotify.com/track/70lnL3QaSOIIyMa2X9aVRL
183,"Papi Shampu","De La Calle",95387,https://open.spotify.com/track/0o221VNm4azkzYYLtxDGgV
184,"In the Name of Love","Martin Garrix",95027,https://open.spotify.com/track/04DwTuZ2VBdJCCC5TROn7L
185,"Rocanroles Sin Destino",Callejeros,94987,https://open.spotify.com/track/46yA2K9FA0PaCbeWkezvFC
186,"Cuando Pase El Temblor - Remasterizado 2007","Soda Stereo",94326,https://open.spotify.com/track/3uMYq07Kj5m564OQwdSCrD
187,"Te de Campana","DJ Tetraguy",93809,https://open.spotify.com/track/0StRt2W3IPe2MnpixQi6e5
188,"Treat You Better","Shawn Mendes",93600,https://open.spotify.com/track/4Hf7WnR761jpxPr5D46Bcd
189,"A las Nueve","No Te Va Gustar",93570,https://open.spotify.com/track/0uuEqOyKlABOB7hzWKcEeG
190,"Sé Que Te Duele","Alejandro Fernandez",93565,https://open.spotify.com/track/5vZfgeDfNhlkKeJqjzSAmg
191,"Know No Better (feat. Quavo)","Major Lazer",93181,https://open.spotify.com/track/3Ytr1SUCUi6J3L9dRFx5iH
192,"I Took A Pill In Ibiza - Seeb Remix","Mike Posner",92753,https://open.spotify.com/track/17Fd6Yb7mSbinKG8LoWfFl
193,"A Ella","Karol G",92037,https://open.spotify.com/track/3nqrj9bM1clIkejk7BVPtX
194,"Noche Loca",Marama,91736,https://open.spotify.com/track/0gzcET27nREY6aD8LJU9wD
195,"Po' encima (feat. Bryant Myers)",Arcangel,91516,https://open.spotify.com/track/7sWdGtYvzlzuQRAoZ7fGeO
196,"Fix You",Coldplay,91514,https://open.spotify.com/track/7LVHVU3tWfcxj5aiPFEW4Q
197,"More Than You Know","Axwell /\ Ingrosso",91513,https://open.spotify.com/track/4q8PHoRsPUB52LFylX8Ulz
198,"Stressed Out","Twenty One Pilots",91167,https://open.spotify.com/track/3CRDbSIZ4r5MsZ0YwxuEkn
199,"Bailame despacio - Piso 21 Remix",Xantos,90576,https://open.spotify.com/track/7LFLJWIQFHsaDw5FOltT5Z
200,"Como Te Extraño","Abel Pintos",89807,https://open.spotify.com/track/2PlyHAHOb0kJrbfI1MFCYC
