Position,"Track Name",Artist,Streams,URL
1,"Shape of You","Ed Sheeran",117976,https://open.spotify.com/track/7qiZfU4dY1lWllzX7mPBI3
2,"Something Just Like This","The Chainsmokers",94057,https://open.spotify.com/track/6RUKPb4LETWmmr3iAEQktW
3,"It Ain't Me (with Selena Gomez)",Kygo,80286,https://open.spotify.com/track/3eR23VReFzcdmS7TYCrhCe
4,"Symphony (feat. Zara Larsson)","Clean Bandit",67699,https://open.spotify.com/track/1x5sYLZiu9r5E43kMlt9f8
5,"Stay (with Alessia Cara)",Zedd,66106,https://open.spotify.com/track/0dA2Mk56wEzDgegdC6R17g
6,Paris,"The Chainsmokers",65644,https://open.spotify.com/track/72jbDTw1piOOj770jWNeaG
7,Believer,"Imagine Dragons",65622,https://open.spotify.com/track/0CcQNd8CINkwQfe1RDtGV6
8,"Galway Girl","Ed Sheeran",62891,https://open.spotify.com/track/0afhq8XCExXpqazXczTSve
9,"Scared to Be Lonely","Martin Garrix",51679,https://open.spotify.com/track/3ebXMykcMXOcLeJ9xZ17XH
10,"The One","The Chainsmokers",50949,https://open.spotify.com/track/0wfbD5rAksdXUzRvMfM3x5
11,Issues,"Julia Michaels",50305,https://open.spotify.com/track/1sXUWdKx03aP9Gmzft58rt
12,"Sign of the Times","Harry Styles",50236,https://open.spotify.com/track/5Ohxk2dO5COHF1krpoPigN
13,"You Don't Know Me - Radio Edit","Jax Jones",49993,https://open.spotify.com/track/00lNx0OcTJrS3MKHcB80HY
14,"Solo Dance","Martin Jensen",49037,https://open.spotify.com/track/6HUnnBwYZqcED1eQztxMBN
15,"That's What I Like","Bruno Mars",46340,https://open.spotify.com/track/0KKkJNfGyhkQ5aFogxQAPU
16,"Call On Me - Ryan Riback Extended Remix",Starley,43908,https://open.spotify.com/track/78rIJddV4X0HkNAInEcYde
17,"Swalla (feat. Nicki Minaj & Ty Dolla $ign)","Jason Derulo",42983,https://open.spotify.com/track/6kex4EBAj0WHXDKZMEJaaF
18,Passionfruit,Drake,42550,https://open.spotify.com/track/7hDc8b7IXETo14hHIHdnhd
19,Cold,"Maroon 5",41086,https://open.spotify.com/track/5NNlUMcOEOdoOIwwaWXv0k
20,"I Don’t Wanna Live Forever (Fifty Shades Darker) - From ""Fifty Shades Darker (Original Motion Picture Soundtrack)""",ZAYN,40371,https://open.spotify.com/track/3NdDpSvN911VPGivFlV5d0
21,HUMBLE.,"Kendrick Lamar",40352,https://open.spotify.com/track/7KXjTSCq5nL1LoYtL7XAwS
22,"Mask Off",Future,38515,https://open.spotify.com/track/3rOSwuTsUlJp0Pu0MkN8r8
23,Slide,"Calvin Harris",38060,https://open.spotify.com/track/7tr2za8SQg2CI8EDgrdtNl
24,"September Song","JP Cooper",36638,https://open.spotify.com/track/0FuTx2s3YH1ppmtiM6l0zI
25,"Rockabye (feat. Sean Paul & Anne-Marie)","Clean Bandit",36019,https://open.spotify.com/track/5knuzwU65gJK7IF5yJsuaW
26,"Pretty Girl - Cheat Codes X CADE Remix","Maggie Lindemann",35359,https://open.spotify.com/track/1NDxZ7cFAo481dtYWdrUnR
27,"Green Light",Lorde,35268,https://open.spotify.com/track/0gbBzIqrECJOEPvQJIBFs5
28,"Now Or Never",Halsey,34880,https://open.spotify.com/track/0Nhu3zSYbEz32IYiobV75e
29,"Castle on the Hill","Ed Sheeran",33717,https://open.spotify.com/track/6PCUP3dWmTjcTtXY02oFdT
30,"Despacito (Featuring Daddy Yankee)","Luis Fonsi",33054,https://open.spotify.com/track/4aWmUDTfIPGksMNLV2rQP2
31,Selfish,Future,32166,https://open.spotify.com/track/2Ce5IyMlVRVvN997ZJjJJA
32,"Chained To The Rhythm","Katy Perry",32114,https://open.spotify.com/track/6520aj0B4FSKGVuKNsOCOi
33,Closer,"The Chainsmokers",29966,https://open.spotify.com/track/7BKLCZ1jbUBVqRi2FVlTVw
34,"Run Up (feat. PARTYNEXTDOOR & Nicki Minaj)","Major Lazer",29934,https://open.spotify.com/track/0fg8CqpjdojMyXLNzM2PaJ
35,Weak,AJR,29152,https://open.spotify.com/track/3E2Zh20GDCR9B1EYjfXWyv
36,Perfect,"Ed Sheeran",27667,https://open.spotify.com/track/0tgVpDi06FyKpA1z0VMD4v
37,Human,"Rag'n'Bone Man",27073,https://open.spotify.com/track/58zsLZPvfflaiIbNWoA22O
38,Location,Khalid,26354,https://open.spotify.com/track/152lZdxL1OR0ZMW6KquMif
39,History,"Olivia Holt",26043,https://open.spotify.com/track/0WCEaydwN65cvwaW8aqptF
40,"All Night","The Vamps",25901,https://open.spotify.com/track/1yNyoWWWikbLhwIGWjZuDW
41,"iSpy (feat. Lil Yachty)",KYLE,25070,https://open.spotify.com/track/2EEeOnHehOozLq4aS0n6SL
42,Touch,"Little Mix",24390,https://open.spotify.com/track/5Ua3GXyHwiSfpNTMjq6m2z
43,"I Feel It Coming","The Weeknd",24383,https://open.spotify.com/track/5GXAXm5YOmYT0kL5jHvYBt
44,"How Far I'll Go - From ""Moana""","Alessia Cara",24338,https://open.spotify.com/track/5hYTyyh2odQKphUbMqc5gN
45,Starboy,"The Weeknd",24216,https://open.spotify.com/track/5aAx2yezTd8zXrkmtKl66Z
46,"No Promises (feat. Demi Lovato)","Cheat Codes",24097,https://open.spotify.com/track/1louJpMmzEicAn7lzDalPW
47,"Say You Won't Let Go","James Arthur",24048,https://open.spotify.com/track/5uCax9HTNlzGybIStD3vDh
48,"Good Life (with G-Eazy & Kehlani)",G-Eazy,23497,https://open.spotify.com/track/1Eck97uRMlprKOOJN9oO1E
49,"Still Got Time",ZAYN,22991,https://open.spotify.com/track/000xQL6tZNLJzIrtIgxqSl
50,Happier,"Ed Sheeran",22826,https://open.spotify.com/track/2RttW7RAu5nOAfq6YFvApB
51,"Be Mine",Ofenbach,21569,https://open.spotify.com/track/2KklXplRtxMsBYo474Es0w
52,"Break Up Every Night","The Chainsmokers",21024,https://open.spotify.com/track/6cPyTS0Kk2sc4xQwC93kOg
53,Heatstroke,"Calvin Harris",19767,https://open.spotify.com/track/60APt5N2NRaKWf5xzJdzyC
54,Everyday,"Ariana Grande",19648,https://open.spotify.com/track/3FiE2d325mIOc4YjkSLVJR
55,"SUBEME LA RADIO","Enrique Iglesias",19310,https://open.spotify.com/track/7nKBxz47S9SD79N086fuhn
56,Alone,"Alan Walker",19292,https://open.spotify.com/track/0JiVRyTJcJnmlwCZ854K4p
57,Congratulations,"Post Malone",18596,https://open.spotify.com/track/3a1lNhkSLSkpJE4MSHpDu9
58,Heathens,"Twenty One Pilots",18272,https://open.spotify.com/track/6i0V12jOa3mr6uu4WYhUBr
59,"Obsession (feat. Jon Bellion)",Vice,18269,https://open.spotify.com/track/5pvVAwQbuFoR7LkcicrKnk
60,"I Got You","Bebe Rexha",18030,https://open.spotify.com/track/1FUViuNSldssMIawrOXF2i
61,"At My Best (feat. Hailee Steinfeld)","Machine Gun Kelly",17959,https://open.spotify.com/track/77lGafvlU68CeHgB2pkHC9
62,TG4M,"Zara Larsson",17488,https://open.spotify.com/track/4uoumbAMEMaKdtiv763jKz
63,Honest,"The Chainsmokers",16730,https://open.spotify.com/track/6KjbNLbRjuoa8rEq5yNA6H
64,"Hear Me Now",Alok,15985,https://open.spotify.com/track/1a5Yu5L18qNxVhXx38njON
65,"What Do I Know?","Ed Sheeran",15931,https://open.spotify.com/track/2pJZ1v8HezrAoZ0Fhzby92
66,"My Way","Calvin Harris",15845,https://open.spotify.com/track/1vvNmPOiUuyCbgWmtc6yfm
67,"All Time Low","Jon Bellion",15736,https://open.spotify.com/track/1CnPYaKxTVb4LWOtiGOm0m
68,"Lights Down Low",MAX,15652,https://open.spotify.com/track/1sYSP7gKa5kdKIfhANfori
69,"Druhá Tvář (feat. T-Jay)",Vadak,15649,https://open.spotify.com/track/3w7JbcQtOiBmPuZ2IQc129
70,"CAN'T STOP THE FEELING! (Original Song from DreamWorks Animation's ""TROLLS"")","Justin Timberlake",15617,https://open.spotify.com/track/6JV2JOEocMgcZxYSZelKcc
71,"Stressed Out","Twenty One Pilots",15554,https://open.spotify.com/track/3CRDbSIZ4r5MsZ0YwxuEkn
72,"Lost on You",LP,15512,https://open.spotify.com/track/3SqvR3HYLlCTYzbDXJ52OC
73,"Let Me Love You","DJ Snake",15348,https://open.spotify.com/track/4pdPtRcBmOSQDlJ3Fk945m
74,Tuesday,"Burak Yeter",15212,https://open.spotify.com/track/7abpmGpF7PGep2rDU68GBR
75,Starving,"Hailee Steinfeld",15130,https://open.spotify.com/track/1qOLh0tI7trd1zdDKxYZTe
76,Blem,Drake,14965,https://open.spotify.com/track/2XlHu0HcujBCkWMdIAvrqt
77,"The Other",Lauv,14910,https://open.spotify.com/track/1lntL1cI2UIWlxjL5QiN8g
78,"Don't Let Me Down","The Chainsmokers",14721,https://open.spotify.com/track/0QsvXIfqM0zZoerQfsI9lm
79,"Be The One","Dua Lipa",14573,https://open.spotify.com/track/7FCfMXYTIiQ9b4hDYs4Iol
80,Bloodstream,"The Chainsmokers",14499,https://open.spotify.com/track/26AuyrZGzWWiYZPSd3XBIg
81,"In the Name of Love","Martin Garrix",14414,https://open.spotify.com/track/04DwTuZ2VBdJCCC5TROn7L
82,Faded,"Alan Walker",14148,https://open.spotify.com/track/7gHs73wELdeycvS48JfIos
83,Dive,"Ed Sheeran",14087,https://open.spotify.com/track/51ChrwmUPDJvedPQnIU8Ls
84,"Cheap Thrills",Sia,14053,https://open.spotify.com/track/27SdWb2rFzO6GWiYDBTD9j
85,"do re mi",blackbear,13923,https://open.spotify.com/track/3Q3myFA7q4Op95DOpHplaY
86,"Treat You Better","Shawn Mendes",13698,https://open.spotify.com/track/4Hf7WnR761jpxPr5D46Bcd
87,"XO TOUR Llif3","Lil Uzi Vert",13695,https://open.spotify.com/track/2eMwDehkIC1j68U6FA3Eiq
88,"Oceans Away","A R I Z O N A",13436,https://open.spotify.com/track/6A8dnC0xkiuWN4BshmTB2I
89,"Sooner Or Later","Aaron Carter",13396,https://open.spotify.com/track/6wV12xIUb8oFY7lBy4KuQe
90,"No Lie","Sean Paul",13373,https://open.spotify.com/track/3cFsmM51N5zMAuu1nNY4Tw
91,Thumbs,"Sabrina Carpenter",13368,https://open.spotify.com/track/3UjJP4ludb74a29P5EHEIo
92,"Don't Say","The Chainsmokers",13216,https://open.spotify.com/track/1pJQAHpD51J7GYaFrrFO9S
93,"Bad Bitch (feat. Ty Dolla $ign)","Bebe Rexha",13025,https://open.spotify.com/track/4ZJPwET9Jrgpkqi4Vo3Yg8
94,"Body Like A Back Road","Sam Hunt",12929,https://open.spotify.com/track/7mldq42yDuxiUNn08nvzHO
95,"I Love You","Axwell /\ Ingrosso",12787,https://open.spotify.com/track/11Fo4dAH31K7UZHGqCkCmE
96,"Sucker For Pain (with Wiz Khalifa, Imagine Dragons, Logic & Ty Dolla $ign feat. X Ambassadors)","Lil Wayne",12754,https://open.spotify.com/track/4dASQiO1Eoo3RJvt74FtXB
97,"New Man","Ed Sheeran",12593,https://open.spotify.com/track/5HDPtsnyb3maFmPL8LLUTG
98,"Would I Lie To You - Radio Edit","David Guetta",12568,https://open.spotify.com/track/4PdJSsESm34djLfBde9Pr2
99,Ride,"Twenty One Pilots",12444,https://open.spotify.com/track/2Z8WuEywRWYTKe1NybPQEW
100,"Don't Leave",Snakehips,12311,https://open.spotify.com/track/0Zx8khUcEfCFK2AEoIhC92
101,"Perfect Strangers","Jonas Blue",12228,https://open.spotify.com/track/1CUVN2kn7mW5FjkqXTR2W1
102,"Heavy (feat. Kiiara)","Linkin Park",12151,https://open.spotify.com/track/104buTcnP2AsxqB7U1FIZ4
103,"I Took A Pill In Ibiza - Seeb Remix","Mike Posner",12033,https://open.spotify.com/track/17Fd6Yb7mSbinKG8LoWfFl
104,"The Ocean","Mike Perry",11970,https://open.spotify.com/track/2CPqh63wRVscbceKcPxwvv
105,Young,"The Chainsmokers",11957,https://open.spotify.com/track/1KeZgPUr54C8iz3FjqzVoz
106,Mercy,"Shawn Mendes",11901,https://open.spotify.com/track/4TZy1wLyHec06pwgFYDh1a
107,"Pisem si svuj sen - feat. Leos Mares","Pavel Callta",11735,https://open.spotify.com/track/5pYvnF2XIAKIWimjFBtGoT
108,"Feel Good (feat. Daya)",Gryffin,11626,https://open.spotify.com/track/0NyOeqzqjVM9j7IuWp2oJ6
109,"Way Down We Go",Kaleo,11621,https://open.spotify.com/track/0y1QJc3SJVPKJ1OvFmFqe6
110,"My Type","The Chainsmokers",11614,https://open.spotify.com/track/6V9kwssTrwkKT72imgowj9
111,Photograph,"Ed Sheeran",11590,https://open.spotify.com/track/6fxVffaTuwjgEk5h9QyRjy
112,"Love On Me",Galantis,11514,https://open.spotify.com/track/2MHCiOohBZEQuLgDTPvSzF
113,"It Won't Kill Ya","The Chainsmokers",11514,https://open.spotify.com/track/5xhJmd0I15jFcEdqxfCzKk
114,Radioactive,"Imagine Dragons",11442,https://open.spotify.com/track/6Ep6BzIOB9tz3P4sWqiiAB
115,Portland,Drake,11380,https://open.spotify.com/track/2bjwRfXMk4uRgOD9IBYl9h
116,Skin,"Rag'n'Bone Man",11280,https://open.spotify.com/track/6y2Kaz9QI01XBKJ8mTb7Pf
117,"Lean On (feat. MØ & DJ Snake)","Major Lazer",11141,https://open.spotify.com/track/4WjH9Bzt3kx7z8kl0awxh4
118,"Supermarket Flowers","Ed Sheeran",11084,https://open.spotify.com/track/4VuS959DSpr82t3qBqCrWG
119,"Shed a Light","Robin Schulz",11022,https://open.spotify.com/track/1cG0umU5TKStygKsPFZ9pY
120,"All We Know","The Chainsmokers",10965,https://open.spotify.com/track/2rizacJSyD9S1IQUxUxnsK
121,"This Girl (Kungs Vs. Cookin' On 3 Burners) - Kungs Vs. Cookin' On 3 Burners",Kungs,10907,https://open.spotify.com/track/0tICYNayWWhH9GPeFrfjfD
122,"All Night (feat. Knox Fortune)","Chance The Rapper",10849,https://open.spotify.com/track/60xaS8mYBKUW4VQQ666N0T
123,Chantaje,Shakira,10830,https://open.spotify.com/track/6mICuAdrwEjh6Y6lroV2Kg
124,Bali,"Paulie Garand",10806,https://open.spotify.com/track/4TJPMkXhoRBUDi4hT82YWg
125,"Don't Wanna Know","Maroon 5",10764,https://open.spotify.com/track/5MFzQMkrl1FOOng9tq6R9r
126,"Cold Water (feat. Justin Bieber & MØ)","Major Lazer",10753,https://open.spotify.com/track/6DNtNfH8hXkqOX1sjqmI7p
127,Demons,"Imagine Dragons",10653,https://open.spotify.com/track/2Oehrcv4Kov0SuIgWyQY9e
128,"Just Hold On","Steve Aoki",10641,https://open.spotify.com/track/3EmmCZoqpWOTY1g2GBwJoR
129,"Light It Up (feat. Nyla & Fuse ODG) - Remix","Major Lazer",10629,https://open.spotify.com/track/0L7loeTIg6akW84aEQZpCT
130,"7 Years","Lukas Graham",10625,https://open.spotify.com/track/7129iqBafaphfc3WPCGC0L
131,"We Don't Talk Anymore (feat. Selena Gomez)","Charlie Puth",10576,https://open.spotify.com/track/68EMU2RD1ECNeOeJ5qAXCV
132,"Lush Life","Zara Larsson",10548,https://open.spotify.com/track/1rIKgCH4H52lrvDcz50hS8
133,"Nancy Mulligan","Ed Sheeran",10500,https://open.spotify.com/track/35QZaWQRkmnAVqBF1TLCxQ
134,"Sunset Lover","Petit Biscuit",10460,https://open.spotify.com/track/0hNduWmlWmEmuwEFcYvRu1
135,"Tunnel Vision","Kodak Black",10451,https://open.spotify.com/track/4Q3N4Ct4zCuIHuZ65E3BD4
136,Play,"Paulie Garand",10449,https://open.spotify.com/track/7A7AwRWcxWbmOYaMNvhs0J
137,"Lot to Learn","Luke Christopher",10437,https://open.spotify.com/track/3TRFq09DUgYj1mug6RRqJW
138,"Lighthouse - Andrelli Remix","Hearts & Colors",10379,https://open.spotify.com/track/04CttTezSnv71USiiG9mIo
139,Asio,"Ben Cristovao",10352,https://open.spotify.com/track/0hMmdL64r14D1m9yjRyv7U
140,"How Would You Feel (Paean)","Ed Sheeran",10343,https://open.spotify.com/track/6PJ8FF6UR8FZXfEvpHkIVN
141,"Work from Home","Fifth Harmony",10322,https://open.spotify.com/track/4tCtwWceOPWzenK2HAIJSb
142,"Scars To Your Beautiful","Alessia Cara",10243,https://open.spotify.com/track/0prNGof3XqfTvNDxHonvdK
143,Barcelona,"Ed Sheeran",10188,https://open.spotify.com/track/3Lfiu5sZ4M4B6JaKMBc0FU
144,"Thinking Out Loud","Ed Sheeran",10015,https://open.spotify.com/track/1Slwb6dOYkBlWal1PGtnNg
145,Sofia,"Alvaro Soler",9946,https://open.spotify.com/track/1VoHrSS3QQ6TbpabLrFiYb
146,"Love Yourself","Justin Bieber",9934,https://open.spotify.com/track/3hB5DgAiMAQ4DzYbsMq1IT
147,"The Greatest",Sia,9872,https://open.spotify.com/track/7xHWNBFm6ObGEQPaUxHuKO
148,"Bad Things (with Camila Cabello)","Machine Gun Kelly",9846,https://open.spotify.com/track/1PSBzsahR2AKwLJgx8ehBj
149,"Sugar (feat. Francesco Yates)","Robin Schulz",9768,https://open.spotify.com/track/5tf1VVWniHgryyumXyJM7w
150,"Fake Love",Drake,9753,https://open.spotify.com/track/343YBumqHu19cGoGARUTsd
151,Loyalty,"Paulie Garand",9719,https://open.spotify.com/track/1NDeibq7Gcknv9Pz0xGEXQ
152,"Black Beatles","Rae Sremmurd",9709,https://open.spotify.com/track/6fujklziTHa8uoM5OQSfIo
153,Panda,Desiigner,9700,https://open.spotify.com/track/5OOkp4U9P9oL23maHFHL1h
154,Penicilin,"Paulie Garand",9678,https://open.spotify.com/track/4kkdvyjjUM38YhSPvseyl8
155,"Svaz ceskych bohemu",Wohnout,9666,https://open.spotify.com/track/0LhVh2VbRkJhpOfuNxG2Uc
156,"Wake Up Alone","The Chainsmokers",9646,https://open.spotify.com/track/0dj1CtyRxZ4bnIT4Q20jNT
157,Re-Generace,"Paulie Garand",9633,https://open.spotify.com/track/5z6sckDWV2hhOLQHOpWFxg
158,"Take Me To Church",Hozier,9569,https://open.spotify.com/track/0IqKeD8ZSP72KbGYyzEcAs
159,"'Till I Collapse",Eminem,9545,https://open.spotify.com/track/6yr8GiTHWvFfi4o6Q5ebdT
160,Capsize,FRENSHIP,9504,https://open.spotify.com/track/2XMTqoHHSH0lvuXrvIEdco
161,"One Dance",Drake,9479,https://open.spotify.com/track/1xznGGDReH1oQq0xzbwXa3
162,"Last Day Alive","The Chainsmokers",9451,https://open.spotify.com/track/6GeD5g9vZTz25Egf8kxoIY
163,"Lose Yourself - Soundtrack Version",Eminem,9427,https://open.spotify.com/track/5Z01UMMf7V1o0MzF86s6WJ
164,"Romantic - NOTD Remix",Stanaj,9360,https://open.spotify.com/track/3SGWp9fJCzgK0WcpcKSQdy
165,"By Your Side","Jonas Blue",9278,https://open.spotify.com/track/1D3ODoXHBLpdxolZRHWV1j
166,"Fast Car","Jonas Blue",9149,https://open.spotify.com/track/6OZh916QF8XNunWaP97WEZ
167,"Million Reasons","Lady Gaga",9080,https://open.spotify.com/track/50PWlIBU7PlGGwzgN8TiFJ
168,"Side To Side","Ariana Grande",9062,https://open.spotify.com/track/4pLwZjInHj3SimIyN9SnOz
169,"Water Under the Bridge",Adele,8969,https://open.spotify.com/track/4vb4mFvYsr2h6enhjJsq9Y
170,"Only One - Radio Edit",Sigala,8950,https://open.spotify.com/track/5ev0Z2lFzmhjlQCWpRAWiG
171,"24K Magic","Bruno Mars",8942,https://open.spotify.com/track/6b8Be6ljOzmkOmFslEb23P
172,"In The End","Linkin Park",8912,https://open.spotify.com/track/60a0Rd6pjrkxjPbaKzXjfq
173,Cake,"Flo Rida",8896,https://open.spotify.com/track/6t2ubAB4iSYOuIpRAOGd4t
174,"Když nemůžeš, tak přidej",Mirai,8891,https://open.spotify.com/track/3Mlck1bd0M3Mw1mOvNTZYC
175,Eraser,"Ed Sheeran",8837,https://open.spotify.com/track/7oolFzHipTMg2nL7shhdz2
176,"This Is What You Came For","Calvin Harris",8835,https://open.spotify.com/track/0azC730Exh71aQlOt9Zj3y
177,"Me, Myself & I",G-Eazy,8693,https://open.spotify.com/track/40YcuQysJ0KlGQTeGUosTC
178,Heavydirtysoul,"Twenty One Pilots",8688,https://open.spotify.com/track/7i9763l5SSfOnqZ35VOcfy
179,"Hymn For The Weekend - Seeb Remix",Coldplay,8679,https://open.spotify.com/track/1OAiWI2oPmglaOiv9fdioU
180,Numb,"Linkin Park",8548,https://open.spotify.com/track/2nLtzopw4rPReszdYBJU6h
181,Hell.o,Lenny,8541,https://open.spotify.com/track/0VvwmisQKlu1zqmANZTrDb
182,"Hearts Don't Break Around Here","Ed Sheeran",8516,https://open.spotify.com/track/2dfHh7ECGxfNqZTQno09Vk
183,"All Star","Smash Mouth",8472,https://open.spotify.com/track/3cfOd4CMv2snFaKAnMdnvK
184,"Cake By The Ocean",DNCE,8432,https://open.spotify.com/track/2aFiaMXmWsM3Vj72F9ksBl
185,"Wonderwall - Remastered",Oasis,8403,https://open.spotify.com/track/5qqabIl2vWzo9ApSC317sa
186,"No Money",Galantis,8400,https://open.spotify.com/track/0gb1J5UrTpzaU1s3nupgCd
187,Sorry,"Justin Bieber",8337,https://open.spotify.com/track/69bp2EbF7Q2rqc5N3ylezZ
188,"Not Going Home",DVBBS,8322,https://open.spotify.com/track/042x9bsUBWW2fJgJ6fUh61
189,"Please Don't Go","Joel Adams",8279,https://open.spotify.com/track/3cNjgVBKTJ1SvKhunrCdVy
190,"Seven Nation Army","The White Stripes",8273,https://open.spotify.com/track/1jNOi6m3Hn8nLEeHCp5Msr
191,"Final Song",MØ,8256,https://open.spotify.com/track/4qqArAiTPueDxIp7cf87h7
192,"Let Her Go",Passenger,8217,https://open.spotify.com/track/2jyjhRf6DVbMPU5zxagN2h
193,"Counting Stars",OneRepublic,8194,https://open.spotify.com/track/5edBgVtRD0fvWk140Sl21T
194,"Send My Love (To Your New Lover)",Adele,8189,https://open.spotify.com/track/4BHzQ9C00ceJxfG16AlNWb
195,Stronger,"Kanye West",8174,https://open.spotify.com/track/6C7RJEIUDqKkJRZVWdkfkH
196,Riptide,"Vance Joy",8118,https://open.spotify.com/track/7yq4Qj7cqayVTp3FF9CWbm
197,Hello,Adele,8041,https://open.spotify.com/track/4sPmO7WMQUAf45kwMOtONw
198,"Stay With Me","Sam Smith",8003,https://open.spotify.com/track/5Db9VIdDsN5yu3Eu7CT0i4
199,"Smells Like Teen Spirit",Nirvana,7979,https://open.spotify.com/track/5ghIJDpPoe3CfHMGu71E6T
200,Trouble,R3HAB,7977,https://open.spotify.com/track/3A2waEDfZQfl6RNOn8Y1xW
