Position,"Track Name",Artist,Streams,URL
1,"Shape of You","Ed Sheeran",150181,https://open.spotify.com/track/7qiZfU4dY1lWllzX7mPBI3
2,"Something Just Like This","The Chainsmokers",105018,https://open.spotify.com/track/6RUKPb4LETWmmr3iAEQktW
3,"It Ain't Me (with Selena Gomez)",Kygo,96887,https://open.spotify.com/track/3eR23VReFzcdmS7TYCrhCe
4,"I Don’t Wanna Live Forever (Fifty Shades Darker) - From ""Fifty Shades Darker (Original Motion Picture Soundtrack)""",ZAYN,84569,https://open.spotify.com/track/3NdDpSvN911VPGivFlV5d0
5,Paris,"The Chainsmokers",75348,https://open.spotify.com/track/72jbDTw1piOOj770jWNeaG
6,"Scared to Be Lonely","Martin Garrix",70615,https://open.spotify.com/track/3ebXMykcMXOcLeJ9xZ17XH
7,"Chained To The Rhythm","Katy Perry",70429,https://open.spotify.com/track/6520aj0B4FSKGVuKNsOCOi
8,Believer,"Imagine Dragons",67990,https://open.spotify.com/track/0CcQNd8CINkwQfe1RDtGV6
9,Issues,"Julia Michaels",63264,https://open.spotify.com/track/1sXUWdKx03aP9Gmzft58rt
10,"Call On Me - Ryan Riback Extended Remix",Starley,54672,https://open.spotify.com/track/78rIJddV4X0HkNAInEcYde
11,"Castle on the Hill","Ed Sheeran",52966,https://open.spotify.com/track/6PCUP3dWmTjcTtXY02oFdT
12,Cold,"Maroon 5",50707,https://open.spotify.com/track/5NNlUMcOEOdoOIwwaWXv0k
13,"Solo Dance","Martin Jensen",49069,https://open.spotify.com/track/6HUnnBwYZqcED1eQztxMBN
14,"Rockabye (feat. Sean Paul & Anne-Marie)","Clean Bandit",46289,https://open.spotify.com/track/5knuzwU65gJK7IF5yJsuaW
15,"All Night","The Vamps",46165,https://open.spotify.com/track/1yNyoWWWikbLhwIGWjZuDW
16,"Stay (with Alessia Cara)",Zedd,45766,https://open.spotify.com/track/0dA2Mk56wEzDgegdC6R17g
17,"All Time Low","Jon Bellion",45573,https://open.spotify.com/track/1CnPYaKxTVb4LWOtiGOm0m
18,Weak,AJR,44120,https://open.spotify.com/track/3E2Zh20GDCR9B1EYjfXWyv
19,"Run Up (feat. PARTYNEXTDOOR & Nicki Minaj)","Major Lazer",42101,https://open.spotify.com/track/0fg8CqpjdojMyXLNzM2PaJ
20,"Say You Won't Let Go","James Arthur",41588,https://open.spotify.com/track/5uCax9HTNlzGybIStD3vDh
21,"I Feel It Coming","The Weeknd",40665,https://open.spotify.com/track/5GXAXm5YOmYT0kL5jHvYBt
22,Closer,"The Chainsmokers",37245,https://open.spotify.com/track/7BKLCZ1jbUBVqRi2FVlTVw
23,"Bad Things (with Camila Cabello)","Machine Gun Kelly",37046,https://open.spotify.com/track/1PSBzsahR2AKwLJgx8ehBj
24,"How Far I'll Go - From ""Moana""","Alessia Cara",36719,https://open.spotify.com/track/5hYTyyh2odQKphUbMqc5gN
25,"That's What I Like","Bruno Mars",36405,https://open.spotify.com/track/0KKkJNfGyhkQ5aFogxQAPU
26,"I Got You","Bebe Rexha",35632,https://open.spotify.com/track/1FUViuNSldssMIawrOXF2i
27,"Despacito (Featuring Daddy Yankee)","Luis Fonsi",35461,https://open.spotify.com/track/4aWmUDTfIPGksMNLV2rQP2
28,"Just Hold On","Steve Aoki",35291,https://open.spotify.com/track/3EmmCZoqpWOTY1g2GBwJoR
29,Starboy,"The Weeknd",34202,https://open.spotify.com/track/5aAx2yezTd8zXrkmtKl66Z
30,History,"Olivia Holt",34050,https://open.spotify.com/track/0WCEaydwN65cvwaW8aqptF
31,Human,"Rag'n'Bone Man",33930,https://open.spotify.com/track/58zsLZPvfflaiIbNWoA22O
32,"Don't Leave",Snakehips,32380,https://open.spotify.com/track/0Zx8khUcEfCFK2AEoIhC92
33,Slide,"Calvin Harris",31729,https://open.spotify.com/track/7tr2za8SQg2CI8EDgrdtNl
34,"Shed a Light","Robin Schulz",30911,https://open.spotify.com/track/1cG0umU5TKStygKsPFZ9pY
35,"Sunset Lover","Petit Biscuit",29775,https://open.spotify.com/track/0hNduWmlWmEmuwEFcYvRu1
36,Alone,"Alan Walker",28960,https://open.spotify.com/track/0JiVRyTJcJnmlwCZ854K4p
37,"Sooner Or Later","Aaron Carter",28499,https://open.spotify.com/track/6wV12xIUb8oFY7lBy4KuQe
38,Love,"Lana Del Rey",28181,https://open.spotify.com/track/0n2bvWvMwr0gbjcuTm92eW
39,"The Other",Lauv,27746,https://open.spotify.com/track/1lntL1cI2UIWlxjL5QiN8g
40,"Romantic - NOTD Remix",Stanaj,27671,https://open.spotify.com/track/3SGWp9fJCzgK0WcpcKSQdy
41,"iSpy (feat. Lil Yachty)",KYLE,27421,https://open.spotify.com/track/2EEeOnHehOozLq4aS0n6SL
42,"Let Me Love You","DJ Snake",26558,https://open.spotify.com/track/4pdPtRcBmOSQDlJ3Fk945m
43,"Now and Later","Sage The Gemini",26372,https://open.spotify.com/track/43jBqV3j3Xi1g6wO0bhIMd
44,Cake,"Flo Rida",25880,https://open.spotify.com/track/6t2ubAB4iSYOuIpRAOGd4t
45,"Oceans Away","A R I Z O N A",25677,https://open.spotify.com/track/6A8dnC0xkiuWN4BshmTB2I
46,"In the Name of Love","Martin Garrix",25568,https://open.spotify.com/track/04DwTuZ2VBdJCCC5TROn7L
47,"Hear Me Now",Alok,24508,https://open.spotify.com/track/1a5Yu5L18qNxVhXx38njON
48,Heathens,"Twenty One Pilots",24314,https://open.spotify.com/track/6i0V12jOa3mr6uu4WYhUBr
49,"Don't Wanna Know","Maroon 5",23426,https://open.spotify.com/track/5MFzQMkrl1FOOng9tq6R9r
50,Congratulations,"Post Malone",23392,https://open.spotify.com/track/3a1lNhkSLSkpJE4MSHpDu9
51,"My Way","Calvin Harris",22528,https://open.spotify.com/track/1vvNmPOiUuyCbgWmtc6yfm
52,"It's Gotta Be You",Isaiah,21808,https://open.spotify.com/track/6cAKeFFYW2aClZSUyvqAEW
53,Thumbs,"Sabrina Carpenter",20134,https://open.spotify.com/track/3UjJP4ludb74a29P5EHEIo
54,"I Would Like","Zara Larsson",18715,https://open.spotify.com/track/4Q4jmPHwu0wrJvqrld0FQ6
55,"Body Like A Back Road","Sam Hunt",18711,https://open.spotify.com/track/7mldq42yDuxiUNn08nvzHO
56,"Water Under the Bridge",Adele,18026,https://open.spotify.com/track/4vb4mFvYsr2h6enhjJsq9Y
57,"Some Kind Of Drug",G-Eazy,17524,https://open.spotify.com/track/1Bqxj0aH5KewYHKUg1IdrF
58,"Lost on You",LP,17142,https://open.spotify.com/track/3SqvR3HYLlCTYzbDXJ52OC
59,Magic,"Thomas Gold",17032,https://open.spotify.com/track/5abwHwUhywLGNli5NDcEN7
60,"You Don't Know Me - Radio Edit","Jax Jones",16953,https://open.spotify.com/track/00lNx0OcTJrS3MKHcB80HY
61,"Heavy (feat. Kiiara)","Linkin Park",16890,https://open.spotify.com/track/104buTcnP2AsxqB7U1FIZ4
62,"Bad and Boujee (feat. Lil Uzi Vert)",Migos,16842,https://open.spotify.com/track/4Km5HrUvYTaSUfiSGPJeQR
63,"How Would You Feel (Paean)","Ed Sheeran",16663,https://open.spotify.com/track/6PJ8FF6UR8FZXfEvpHkIVN
64,"Cold Water (feat. Justin Bieber & MØ)","Major Lazer",16584,https://open.spotify.com/track/6DNtNfH8hXkqOX1sjqmI7p
65,Photograph,"Ed Sheeran",16524,https://open.spotify.com/track/6fxVffaTuwjgEk5h9QyRjy
66,"Make Me (Cry)","Noah Cyrus",16489,https://open.spotify.com/track/2BrzlUj1u1CtvaJDGIKpsP
67,"Be The One","Dua Lipa",16300,https://open.spotify.com/track/7FCfMXYTIiQ9b4hDYs4Iol
68,"CAN'T STOP THE FEELING! (Original Song from DreamWorks Animation's ""TROLLS"")","Justin Timberlake",16274,https://open.spotify.com/track/6JV2JOEocMgcZxYSZelKcc
69,"Stressed Out","Twenty One Pilots",16251,https://open.spotify.com/track/3CRDbSIZ4r5MsZ0YwxuEkn
70,"September Song","JP Cooper",15827,https://open.spotify.com/track/0FuTx2s3YH1ppmtiM6l0zI
71,"I Miss You",Grey,15760,https://open.spotify.com/track/1sl5tSzfK1JrcQIcA8rYDy
72,Starving,"Hailee Steinfeld",15462,https://open.spotify.com/track/1qOLh0tI7trd1zdDKxYZTe
73,"Black Beatles","Rae Sremmurd",15398,https://open.spotify.com/track/6fujklziTHa8uoM5OQSfIo
74,"24K Magic","Bruno Mars",15148,https://open.spotify.com/track/6b8Be6ljOzmkOmFslEb23P
75,"Lighthouse - Andrelli Remix","Hearts & Colors",15128,https://open.spotify.com/track/04CttTezSnv71USiiG9mIo
76,"One Dance",Drake,15065,https://open.spotify.com/track/1xznGGDReH1oQq0xzbwXa3
77,Faded,"Alan Walker",15046,https://open.spotify.com/track/7gHs73wELdeycvS48JfIos
78,"Side To Side","Ariana Grande",14998,https://open.spotify.com/track/4pLwZjInHj3SimIyN9SnOz
79,"Would I Lie To You - Radio Edit","David Guetta",14927,https://open.spotify.com/track/4PdJSsESm34djLfBde9Pr2
80,"Lights Down Low",MAX,14891,https://open.spotify.com/track/1sYSP7gKa5kdKIfhANfori
81,"All We Know","The Chainsmokers",14740,https://open.spotify.com/track/2rizacJSyD9S1IQUxUxnsK
82,"Sucker For Pain (with Wiz Khalifa, Imagine Dragons, Logic & Ty Dolla $ign feat. X Ambassadors)","Lil Wayne",14638,https://open.spotify.com/track/4dASQiO1Eoo3RJvt74FtXB
83,"Cheap Thrills",Sia,14508,https://open.spotify.com/track/27SdWb2rFzO6GWiYDBTD9j
84,Chantaje,Shakira,14356,https://open.spotify.com/track/6mICuAdrwEjh6Y6lroV2Kg
85,"Treat You Better","Shawn Mendes",14342,https://open.spotify.com/track/4Hf7WnR761jpxPr5D46Bcd
86,Mercy,"Shawn Mendes",14298,https://open.spotify.com/track/4TZy1wLyHec06pwgFYDh1a
87,"Thinking Out Loud","Ed Sheeran",13915,https://open.spotify.com/track/1Slwb6dOYkBlWal1PGtnNg
88,Ride,"Twenty One Pilots",13590,https://open.spotify.com/track/2Z8WuEywRWYTKe1NybPQEW
89,"Don't Let Me Down","The Chainsmokers",13478,https://open.spotify.com/track/0QsvXIfqM0zZoerQfsI9lm
90,"Be Mine",Ofenbach,13183,https://open.spotify.com/track/2KklXplRtxMsBYo474Es0w
91,"Bounce Back","Big Sean",13108,https://open.spotify.com/track/0SGkqnVQo9KPytSri1H6cF
92,"No Lie","Sean Paul",12828,https://open.spotify.com/track/3cFsmM51N5zMAuu1nNY4Tw
93,"Helium - From ""Fifty Shades Darker (Original Motion Picture Soundtrack)""",Sia,12757,https://open.spotify.com/track/5fc6rQgAKiLutfUYWQ6QnJ
94,"Lot to Learn","Luke Christopher",12700,https://open.spotify.com/track/3TRFq09DUgYj1mug6RRqJW
95,"Million Reasons","Lady Gaga",12640,https://open.spotify.com/track/50PWlIBU7PlGGwzgN8TiFJ
96,"Fake Love",Drake,12456,https://open.spotify.com/track/343YBumqHu19cGoGARUTsd
97,"Not Going Home",DVBBS,12356,https://open.spotify.com/track/042x9bsUBWW2fJgJ6fUh61
98,Tuesday,"Burak Yeter",12262,https://open.spotify.com/track/7abpmGpF7PGep2rDU68GBR
99,Sofia,"Alvaro Soler",11903,https://open.spotify.com/track/1VoHrSS3QQ6TbpabLrFiYb
100,"Perfect Strangers","Jonas Blue",11647,https://open.spotify.com/track/1CUVN2kn7mW5FjkqXTR2W1
101,Touch,"Little Mix",11603,https://open.spotify.com/track/5Ua3GXyHwiSfpNTMjq6m2z
102,Status,Ektor,11594,https://open.spotify.com/track/0vHvSJkW6UO1GX2XO7i8lP
103,"SUBEME LA RADIO","Enrique Iglesias",11445,https://open.spotify.com/track/7nKBxz47S9SD79N086fuhn
104,Panda,Desiigner,11429,https://open.spotify.com/track/5OOkp4U9P9oL23maHFHL1h
105,Radioactive,"Imagine Dragons",11235,https://open.spotify.com/track/6Ep6BzIOB9tz3P4sWqiiAB
106,"The Greatest",Sia,11011,https://open.spotify.com/track/7xHWNBFm6ObGEQPaUxHuKO
107,Capsize,FRENSHIP,10945,https://open.spotify.com/track/2XMTqoHHSH0lvuXrvIEdco
108,"Love On The Brain",Rihanna,10781,https://open.spotify.com/track/2aksifNn5ph8igDOkPBA02
109,"I Took A Pill In Ibiza - Seeb Remix","Mike Posner",10642,https://open.spotify.com/track/17Fd6Yb7mSbinKG8LoWfFl
110,"Scars To Your Beautiful","Alessia Cara",10642,https://open.spotify.com/track/0prNGof3XqfTvNDxHonvdK
111,"I Love You","Axwell /\ Ingrosso",10614,https://open.spotify.com/track/11Fo4dAH31K7UZHGqCkCmE
112,"Bom Bidi Bom - From ""Fifty Shades Darker (Original Motion Picture Soundtrack)""","Nick Jonas",10500,https://open.spotify.com/track/4nDfc6F2uVcc6wdG7kBzWO
113,"I See Fire","Ed Sheeran",10433,https://open.spotify.com/track/3B7udSGy2PfgoCniMSb523
114,Asio,"Ben Cristovao",10386,https://open.spotify.com/track/0hMmdL64r14D1m9yjRyv7U
115,"Love On Me",Galantis,10356,https://open.spotify.com/track/2MHCiOohBZEQuLgDTPvSzF
116,"The Ocean","Mike Perry",10353,https://open.spotify.com/track/2CPqh63wRVscbceKcPxwvv
117,"Work from Home","Fifth Harmony",10305,https://open.spotify.com/track/4tCtwWceOPWzenK2HAIJSb
118,"This Girl (Kungs Vs. Cookin' On 3 Burners) - Kungs Vs. Cookin' On 3 Burners",Kungs,10271,https://open.spotify.com/track/0tICYNayWWhH9GPeFrfjfD
119,"7 Years","Lukas Graham",10176,https://open.spotify.com/track/7129iqBafaphfc3WPCGC0L
120,Demons,"Imagine Dragons",10168,https://open.spotify.com/track/2Oehrcv4Kov0SuIgWyQY9e
121,"Sugar (feat. Francesco Yates)","Robin Schulz",10090,https://open.spotify.com/track/5tf1VVWniHgryyumXyJM7w
122,"Choďte šeci Do Piče (feat. Strapo, Ektor & Hrdlorez Boris)","DJ Wich",10069,https://open.spotify.com/track/3kzf4dpi2GtZIywlayOYRH
123,"We Don't Talk Anymore (feat. Selena Gomez)","Charlie Puth",9863,https://open.spotify.com/track/68EMU2RD1ECNeOeJ5qAXCV
124,"Fast Car","Jonas Blue",9855,https://open.spotify.com/track/6OZh916QF8XNunWaP97WEZ
125,"Lush Life","Zara Larsson",9806,https://open.spotify.com/track/1rIKgCH4H52lrvDcz50hS8
126,"'Till I Collapse",Eminem,9762,https://open.spotify.com/track/6yr8GiTHWvFfi4o6Q5ebdT
127,"Light It Up (feat. Nyla & Fuse ODG) - Remix","Major Lazer",9723,https://open.spotify.com/track/0L7loeTIg6akW84aEQZpCT
128,"Lean On (feat. MØ & DJ Snake)","Major Lazer",9550,https://open.spotify.com/track/4WjH9Bzt3kx7z8kl0awxh4
129,"By Your Side","Jonas Blue",9516,https://open.spotify.com/track/1D3ODoXHBLpdxolZRHWV1j
130,Sexual,NEIKED,9493,https://open.spotify.com/track/3AsAuGTaDQzavZZThyYlop
131,"Final Song",MØ,9431,https://open.spotify.com/track/4qqArAiTPueDxIp7cf87h7
132,"Lose Yourself - Soundtrack Version",Eminem,9401,https://open.spotify.com/track/5Z01UMMf7V1o0MzF86s6WJ
133,"Love Yourself","Justin Bieber",9350,https://open.spotify.com/track/3hB5DgAiMAQ4DzYbsMq1IT
134,"Let Her Go",Passenger,9249,https://open.spotify.com/track/2jyjhRf6DVbMPU5zxagN2h
135,"Hymn For The Weekend - Seeb Remix",Coldplay,9249,https://open.spotify.com/track/1OAiWI2oPmglaOiv9fdioU
136,"Me, Myself & I",G-Eazy,9140,https://open.spotify.com/track/40YcuQysJ0KlGQTeGUosTC
137,Falling,Alesso,9026,https://open.spotify.com/track/3d9JucRI60arArgQXqtfjJ
138,Heavydirtysoul,"Twenty One Pilots",9020,https://open.spotify.com/track/7i9763l5SSfOnqZ35VOcfy
139,Hello,Adele,8931,https://open.spotify.com/track/4sPmO7WMQUAf45kwMOtONw
140,"Shape of You (Major Lazer Remix) [feat. Nyla & Kranium]","Ed Sheeran",8890,https://open.spotify.com/track/1KqvRRQd3lfM0pAlkGPrgD
141,"No Money",Galantis,8749,https://open.spotify.com/track/0gb1J5UrTpzaU1s3nupgCd
142,"Only One - Radio Edit",Sigala,8703,https://open.spotify.com/track/5ev0Z2lFzmhjlQCWpRAWiG
143,"This Is What You Came For","Calvin Harris",8674,https://open.spotify.com/track/0azC730Exh71aQlOt9Zj3y
144,"Take Me To Church",Hozier,8562,https://open.spotify.com/track/0IqKeD8ZSP72KbGYyzEcAs
145,Swang,"Rae Sremmurd",8512,https://open.spotify.com/track/6mapJIPnQ23RTAevUoE0DL
146,"Love Me Now","John Legend",8511,https://open.spotify.com/track/6nxQdXa1uAL0rY72wPZu89
147,"i hate u, i love u (feat. olivia o'brien)",gnash,8499,https://open.spotify.com/track/7vRriwrloYVaoAe3a9wJHe
148,Don't,"Ed Sheeran",8497,https://open.spotify.com/track/6gTJaPuj8DT8RjuDJyBgzP
149,"Sing Me to Sleep","Alan Walker",8490,https://open.spotify.com/track/2Fjz5ZC5BvFdCqcnTZ3ilH
150,Selfish,Future,8464,https://open.spotify.com/track/2Ce5IyMlVRVvN997ZJjJJA
151,"Counting Stars",OneRepublic,8454,https://open.spotify.com/track/5edBgVtRD0fvWk140Sl21T
152,Stronger,"Kanye West",8449,https://open.spotify.com/track/6C7RJEIUDqKkJRZVWdkfkH
153,"Young And Beautiful","Lana Del Rey",8350,https://open.spotify.com/track/2nMeu6UenVvwUktBCpLMK9
154,"Party Monster","The Weeknd",8271,https://open.spotify.com/track/4F7A0DXBrmUAkp32uenhZt
155,Skin,"Rag'n'Bone Man",8237,https://open.spotify.com/track/6y2Kaz9QI01XBKJ8mTb7Pf
156,"Without Me",Eminem,8228,https://open.spotify.com/track/7lQ8MOhq6IN2w8EYcFNSUk
157,"Send My Love (To Your New Lover)",Adele,8203,https://open.spotify.com/track/4BHzQ9C00ceJxfG16AlNWb
158,"In The End","Linkin Park",8183,https://open.spotify.com/track/60a0Rd6pjrkxjPbaKzXjfq
159,Reminder,"The Weeknd",8174,https://open.spotify.com/track/37F0uwRSrdzkBiuj0D5UHI
160,"Dynamite (feat. Pretty Sister)",Nause,8158,https://open.spotify.com/track/2Ae5awwKvQpTBKQHr1TYCg
161,"Pumped Up Kicks","Foster The People",8088,https://open.spotify.com/track/7w87IxuO7BDcJ3YUqCyMTT
162,Sorry,"Justin Bieber",8076,https://open.spotify.com/track/69bp2EbF7Q2rqc5N3ylezZ
163,"Can't Hold Us - feat. Ray Dalton","Macklemore & Ryan Lewis",8024,https://open.spotify.com/track/3bidbhpOYeV4knp8AIu8Xn
164,"All Star","Smash Mouth",7932,https://open.spotify.com/track/3cfOd4CMv2snFaKAnMdnvK
165,"Tenerife Sea","Ed Sheeran",7846,https://open.spotify.com/track/6vSwxzO2Qf4BinHSXRwZJe
166,"Please Don't Go","Joel Adams",7824,https://open.spotify.com/track/3cNjgVBKTJ1SvKhunrCdVy
167,"Svaz ceskych bohemu",Wohnout,7791,https://open.spotify.com/track/0LhVh2VbRkJhpOfuNxG2Uc
168,Riptide,"Vance Joy",7741,https://open.spotify.com/track/7yq4Qj7cqayVTp3FF9CWbm
169,Raging,Kygo,7685,https://open.spotify.com/track/2Vhd5uZB4brKHmM0MNxkZo
170,Numb,"Linkin Park",7681,https://open.spotify.com/track/2nLtzopw4rPReszdYBJU6h
171,"The Mack",Nevada,7646,https://open.spotify.com/track/7aV2mflaASUmGhCErm7kBO
172,"That´s Me",HEDEGAARD,7626,https://open.spotify.com/track/3Cc3ssgsvdSaEbFT6KHBAv
173,"City Of Stars - From ""La La Land"" Soundtrack","Ryan Gosling",7583,https://open.spotify.com/track/0LtVx5vsq9nfpGsWgjUin6
174,Sex,"Cheat Codes",7582,https://open.spotify.com/track/5DA77EqppDmCTWGovd4oTP
175,"Wherever I Go",OneRepublic,7463,https://open.spotify.com/track/46jLy47W8rkf8rEX04gMKB
176,"Hymn For The Weekend",Coldplay,7448,https://open.spotify.com/track/3RiPr603aXAoi4GHyXx0uy
177,"Seven Nation Army","The White Stripes",7445,https://open.spotify.com/track/1jNOi6m3Hn8nLEeHCp5Msr
178,"Stay With Me","Sam Smith",7420,https://open.spotify.com/track/5Db9VIdDsN5yu3Eu7CT0i4
179,"Don't Stop Believin'",Journey,7395,https://open.spotify.com/track/4bHsxqR3GMrXTxEPLuK5ue
180,"Let It Go","James Bay",7393,https://open.spotify.com/track/13HVjjWUZFaWilh2QUJKsP
181,"Cake By The Ocean",DNCE,7390,https://open.spotify.com/track/2aFiaMXmWsM3Vj72F9ksBl
182,"Smells Like Teen Spirit",Nirvana,7348,https://open.spotify.com/track/5ghIJDpPoe3CfHMGu71E6T
183,"Old School","Urban Cone",7320,https://open.spotify.com/track/41kE0bBBpwPUZEZKxSIROh
184,"Ain't My Fault","Zara Larsson",7316,https://open.spotify.com/track/0ADG9OgdVTL7fgREP75BrZ
185,"Play Time",Calin,7313,https://open.spotify.com/track/1BdVivE0XJICA4HCnHWyps
186,Everyday,"Ariana Grande",7304,https://open.spotify.com/track/3FiE2d325mIOc4YjkSLVJR
187,"El Amante","Nicky Jam",7237,https://open.spotify.com/track/3umS4y3uQDkqekNjVpiRUs
188,"Reggaetón Lento (Bailemos)",CNCO,7182,https://open.spotify.com/track/3AEZUABDXNtecAOSC1qTfo
189,"Wonderwall - Remastered",Oasis,7147,https://open.spotify.com/track/5qqabIl2vWzo9ApSC317sa
190,Firestone,Kygo,7142,https://open.spotify.com/track/1I8tHoNBFTuoJAlh4hfVVE
191,"Highway to Hell",AC/DC,7136,https://open.spotify.com/track/2zYzyRzz6pRmhPzyfMEC8s
192,Hell.o,Lenny,7079,https://open.spotify.com/track/0VvwmisQKlu1zqmANZTrDb
193,"Way Down We Go",Kaleo,7000,https://open.spotify.com/track/0y1QJc3SJVPKJ1OvFmFqe6
194,Stitches,"Shawn Mendes",6939,https://open.spotify.com/track/1WP1r7fuvRqZRnUaTi2I1Q
195,"Kill Em With Kindness","Selena Gomez",6936,https://open.spotify.com/track/7KxhSJOYiqCDclXDBNlFSZ
196,"Last Resort","Papa Roach",6914,https://open.spotify.com/track/5eek2X5459T1HoYJk2CKXv
197,T-Shirt,Migos,6895,https://open.spotify.com/track/7KOlJ92bu51cltsD9KU5I7
198,Home,"Edward Sharpe & The Magnetic Zeros",6882,https://open.spotify.com/track/7w5cxTEzp1rfV3KCy0Bd5N
199,"Slovenský Klín",Chinaski,6826,https://open.spotify.com/track/0Hq2gjlbDNlrd6J5Ixfgqs
200,"Love Me Like You Do - From ""Fifty Shades Of Grey""","Ellie Goulding",6820,https://open.spotify.com/track/3zHq9ouUJQFQRf3cm1rRLu
