Position,"Track Name",Artist,Streams,URL
1,Starboy,"The Weeknd",55101,https://open.spotify.com/track/5aAx2yezTd8zXrkmtKl66Z
2,Closer,"The Chainsmokers",54569,https://open.spotify.com/track/7BKLCZ1jbUBVqRi2FVlTVw
3,"Let Me Love You","DJ Snake",51955,https://open.spotify.com/track/4pdPtRcBmOSQDlJ3Fk945m
4,"Rockabye (feat. Sean Paul & Anne-Marie)","Clean Bandit",50371,https://open.spotify.com/track/5knuzwU65gJK7IF5yJsuaW
5,"I Don’t Wanna Live Forever (Fifty Shades Darker) - From ""Fifty Shades Darker (Original Motion Picture Soundtrack)""",ZAYN,45170,https://open.spotify.com/track/3NdDpSvN911VPGivFlV5d0
6,"Don't Wanna Know","Maroon 5",41121,https://open.spotify.com/track/5MFzQMkrl1FOOng9tq6R9r
7,"Call On Me - Ryan Riback Extended Remix",Starley,39741,https://open.spotify.com/track/78rIJddV4X0HkNAInEcYde
8,"Say You Won't Let Go","James Arthur",38439,https://open.spotify.com/track/5uCax9HTNlzGybIStD3vDh
9,Heathens,"Twenty One Pilots",38007,https://open.spotify.com/track/6i0V12jOa3mr6uu4WYhUBr
10,"I Feel It Coming","The Weeknd",37363,https://open.spotify.com/track/5GXAXm5YOmYT0kL5jHvYBt
11,"Just Hold On","Steve Aoki",36558,https://open.spotify.com/track/3EmmCZoqpWOTY1g2GBwJoR
12,"My Way","Calvin Harris",36349,https://open.spotify.com/track/1vvNmPOiUuyCbgWmtc6yfm
13,"In the Name of Love","Martin Garrix",35598,https://open.spotify.com/track/04DwTuZ2VBdJCCC5TROn7L
14,"All We Know","The Chainsmokers",35286,https://open.spotify.com/track/2rizacJSyD9S1IQUxUxnsK
15,Starving,"Hailee Steinfeld",32892,https://open.spotify.com/track/1qOLh0tI7trd1zdDKxYZTe
16,Mercy,"Shawn Mendes",32126,https://open.spotify.com/track/4TZy1wLyHec06pwgFYDh1a
17,"All Night","The Vamps",32090,https://open.spotify.com/track/1yNyoWWWikbLhwIGWjZuDW
18,"Cheap Thrills",Sia,31327,https://open.spotify.com/track/27SdWb2rFzO6GWiYDBTD9j
19,"Black Beatles","Rae Sremmurd",30933,https://open.spotify.com/track/6fujklziTHa8uoM5OQSfIo
20,"Bad Things (with Camila Cabello)","Machine Gun Kelly",30420,https://open.spotify.com/track/1PSBzsahR2AKwLJgx8ehBj
21,"Cold Water (feat. Justin Bieber & MØ)","Major Lazer",30328,https://open.spotify.com/track/6DNtNfH8hXkqOX1sjqmI7p
22,"CAN'T STOP THE FEELING! (Original Song from DreamWorks Animation's ""TROLLS"")","Justin Timberlake",29836,https://open.spotify.com/track/6JV2JOEocMgcZxYSZelKcc
23,Alone,"Alan Walker",29462,https://open.spotify.com/track/0JiVRyTJcJnmlwCZ854K4p
24,"Treat You Better","Shawn Mendes",29258,https://open.spotify.com/track/4Hf7WnR761jpxPr5D46Bcd
25,"One Dance",Drake,29232,https://open.spotify.com/track/1xznGGDReH1oQq0xzbwXa3
26,"24K Magic","Bruno Mars",26810,https://open.spotify.com/track/6b8Be6ljOzmkOmFslEb23P
27,"Don't Let Me Down","The Chainsmokers",26032,https://open.spotify.com/track/0QsvXIfqM0zZoerQfsI9lm
28,"Fake Love",Drake,25903,https://open.spotify.com/track/343YBumqHu19cGoGARUTsd
29,"Now and Later","Sage The Gemini",25810,https://open.spotify.com/track/43jBqV3j3Xi1g6wO0bhIMd
30,"Love Me Now","John Legend",25351,https://open.spotify.com/track/6nxQdXa1uAL0rY72wPZu89
31,"The Mack",Nevada,25308,https://open.spotify.com/track/7aV2mflaASUmGhCErm7kBO
32,"By Your Side","Jonas Blue",24598,https://open.spotify.com/track/1D3ODoXHBLpdxolZRHWV1j
33,"Side To Side","Ariana Grande",23899,https://open.spotify.com/track/4pLwZjInHj3SimIyN9SnOz
34,"Lot to Learn","Luke Christopher",23211,https://open.spotify.com/track/3TRFq09DUgYj1mug6RRqJW
35,"I Would Like","Zara Larsson",23065,https://open.spotify.com/track/4Q4jmPHwu0wrJvqrld0FQ6
36,"Scars To Your Beautiful","Alessia Cara",22985,https://open.spotify.com/track/0prNGof3XqfTvNDxHonvdK
37,"Shed a Light","Robin Schulz",22740,https://open.spotify.com/track/1cG0umU5TKStygKsPFZ9pY
38,"How Far I'll Go - From ""Moana""","Alessia Cara",21771,https://open.spotify.com/track/5hYTyyh2odQKphUbMqc5gN
39,Weak,AJR,21752,https://open.spotify.com/track/3E2Zh20GDCR9B1EYjfXWyv
40,"Stressed Out","Twenty One Pilots",21617,https://open.spotify.com/track/3CRDbSIZ4r5MsZ0YwxuEkn
41,"All Time Low","Jon Bellion",21589,https://open.spotify.com/track/1CnPYaKxTVb4LWOtiGOm0m
42,"We Don't Talk Anymore (feat. Selena Gomez)","Charlie Puth",21076,https://open.spotify.com/track/68EMU2RD1ECNeOeJ5qAXCV
43,"Sucker For Pain (with Wiz Khalifa, Imagine Dragons, Logic & Ty Dolla $ign feat. X Ambassadors)","Lil Wayne",21010,https://open.spotify.com/track/4dASQiO1Eoo3RJvt74FtXB
44,"Work from Home","Fifth Harmony",20995,https://open.spotify.com/track/4tCtwWceOPWzenK2HAIJSb
45,"I Took A Pill In Ibiza - Seeb Remix","Mike Posner",20941,https://open.spotify.com/track/17Fd6Yb7mSbinKG8LoWfFl
46,Ride,"Twenty One Pilots",20458,https://open.spotify.com/track/2Z8WuEywRWYTKe1NybPQEW
47,"Hear Me Now",Alok,20113,https://open.spotify.com/track/1a5Yu5L18qNxVhXx38njON
48,"Steady 1234 (feat. Jasmine Thompson & Skizzy Mars)",Vice,19646,https://open.spotify.com/track/40UroIGvsMPLPBYwH8rMNA
49,"Sunset Lover","Petit Biscuit",19352,https://open.spotify.com/track/0hNduWmlWmEmuwEFcYvRu1
50,"Solo Dance","Martin Jensen",19256,https://open.spotify.com/track/6HUnnBwYZqcED1eQztxMBN
51,"This Is What You Came For","Calvin Harris",18598,https://open.spotify.com/track/0azC730Exh71aQlOt9Zj3y
52,Chantaje,Shakira,18404,https://open.spotify.com/track/6mICuAdrwEjh6Y6lroV2Kg
53,"Make Me (Cry)","Noah Cyrus",16988,https://open.spotify.com/track/2BrzlUj1u1CtvaJDGIKpsP
54,Human,"Rag'n'Bone Man",16885,https://open.spotify.com/track/58zsLZPvfflaiIbNWoA22O
55,"Dynamite (feat. Pretty Sister)",Nause,16607,https://open.spotify.com/track/2Ae5awwKvQpTBKQHr1TYCg
56,Sexual,NEIKED,16597,https://open.spotify.com/track/3AsAuGTaDQzavZZThyYlop
57,Faded,"Alan Walker",16489,https://open.spotify.com/track/7gHs73wELdeycvS48JfIos
58,"Lighthouse - Andrelli Remix","Hearts & Colors",16430,https://open.spotify.com/track/04CttTezSnv71USiiG9mIo
59,"Trust Nobody (feat. Selena Gomez & Tory Lanez)","Cashmere Cat",15881,https://open.spotify.com/track/2wDjpPW3HZdA9quPPmZAMu
60,"Hymn For The Weekend - Seeb Remix",Coldplay,15768,https://open.spotify.com/track/1OAiWI2oPmglaOiv9fdioU
61,"Lost on You",LP,15426,https://open.spotify.com/track/3SqvR3HYLlCTYzbDXJ52OC
62,"Setting Fires","The Chainsmokers",15280,https://open.spotify.com/track/0B8B8cVRFIG1yznoQe7c9s
63,"Perfect Strangers","Jonas Blue",15246,https://open.spotify.com/track/1CUVN2kn7mW5FjkqXTR2W1
64,"Light It Up (feat. Nyla & Fuse ODG) - Remix","Major Lazer",15219,https://open.spotify.com/track/0L7loeTIg6akW84aEQZpCT
65,"The Ocean","Mike Perry",15097,https://open.spotify.com/track/2CPqh63wRVscbceKcPxwvv
66,Sex,"Cheat Codes",14931,https://open.spotify.com/track/5DA77EqppDmCTWGovd4oTP
67,"The Greatest",Sia,14866,https://open.spotify.com/track/7xHWNBFm6ObGEQPaUxHuKO
68,"I Got You","Bebe Rexha",14673,https://open.spotify.com/track/1FUViuNSldssMIawrOXF2i
69,"Love Yourself","Justin Bieber",14581,https://open.spotify.com/track/3hB5DgAiMAQ4DzYbsMq1IT
70,Light,"San Holo",14223,https://open.spotify.com/track/7zTx8ePYAmPFQuxP3xlXZn
71,"Wake Up Where You Are","State of Sound",13897,https://open.spotify.com/track/2s76aKBWKShlwPC4xTtEEE
72,"The Greatest",Sia,13875,https://open.spotify.com/track/6bLopGnirdrilrpdVB6Um1
73,Panda,Desiigner,13270,https://open.spotify.com/track/5OOkp4U9P9oL23maHFHL1h
74,"Would I Lie To You - Radio Edit","David Guetta",12993,https://open.spotify.com/track/4PdJSsESm34djLfBde9Pr2
75,"Taped Up Heart (feat. Clara Mae)",KREAM,12984,https://open.spotify.com/track/26hcyzSE154xMZCbFdtInA
76,"Fast Car","Jonas Blue",12981,https://open.spotify.com/track/6OZh916QF8XNunWaP97WEZ
77,"Some Kind Of Drug",G-Eazy,12778,https://open.spotify.com/track/1Bqxj0aH5KewYHKUg1IdrF
78,"Oh Lord","MiC LOWRY",12750,https://open.spotify.com/track/1sTUEdVO85YU8Ymk2jeAls
79,"Not Going Home",DVBBS,12732,https://open.spotify.com/track/042x9bsUBWW2fJgJ6fUh61
80,"7 Years","Lukas Graham",12724,https://open.spotify.com/track/7129iqBafaphfc3WPCGC0L
81,"Party Monster","The Weeknd",12664,https://open.spotify.com/track/4F7A0DXBrmUAkp32uenhZt
82,"Never Be Like You",Flume,12655,https://open.spotify.com/track/12REd1n8PeiHHWOh066tpr
83,Capsize,FRENSHIP,12622,https://open.spotify.com/track/2XMTqoHHSH0lvuXrvIEdco
84,"Me, Myself & I",G-Eazy,12497,https://open.spotify.com/track/40YcuQysJ0KlGQTeGUosTC
85,"Final Song",MØ,12413,https://open.spotify.com/track/4qqArAiTPueDxIp7cf87h7
86,"Into You","Ariana Grande",12292,https://open.spotify.com/track/7yHEDfrJNd0zWOfXwydNH0
87,"Cake By The Ocean",DNCE,12105,https://open.spotify.com/track/2aFiaMXmWsM3Vj72F9ksBl
88,Sorry,"Justin Bieber",12017,https://open.spotify.com/track/69bp2EbF7Q2rqc5N3ylezZ
89,"Send My Love (To Your New Lover)",Adele,11949,https://open.spotify.com/track/4BHzQ9C00ceJxfG16AlNWb
90,"Ain't My Fault","Zara Larsson",11891,https://open.spotify.com/track/0ADG9OgdVTL7fgREP75BrZ
91,"Water Under the Bridge",Adele,11814,https://open.spotify.com/track/4vb4mFvYsr2h6enhjJsq9Y
92,Sofia,"Alvaro Soler",11625,https://open.spotify.com/track/1VoHrSS3QQ6TbpabLrFiYb
93,"Somebody Else",VÉRITÉ,11375,https://open.spotify.com/track/34i4yxPrHWquuR4kjiivFO
94,"Bad and Boujee (feat. Lil Uzi Vert)",Migos,11301,https://open.spotify.com/track/4Km5HrUvYTaSUfiSGPJeQR
95,"Lean On (feat. MØ & DJ Snake)","Major Lazer",11290,https://open.spotify.com/track/4WjH9Bzt3kx7z8kl0awxh4
96,Photograph,"Ed Sheeran",11229,https://open.spotify.com/track/6fxVffaTuwjgEk5h9QyRjy
97,Work,Rihanna,11210,https://open.spotify.com/track/14WWzenpaEgQZlqPq2nk4v
98,"This Girl (Kungs Vs. Cookin' On 3 Burners) - Kungs Vs. Cookin' On 3 Burners",Kungs,11179,https://open.spotify.com/track/0tICYNayWWhH9GPeFrfjfD
99,"Lush Life","Zara Larsson",10848,https://open.spotify.com/track/1rIKgCH4H52lrvDcz50hS8
100,"Wherever I Go",OneRepublic,10829,https://open.spotify.com/track/46jLy47W8rkf8rEX04gMKB
101,"i hate u, i love u (feat. olivia o'brien)",gnash,10754,https://open.spotify.com/track/7vRriwrloYVaoAe3a9wJHe
102,"Broccoli (feat. Lil Yachty)",DRAM,10701,https://open.spotify.com/track/7yyRTcZmCiyzzJlNzGC9Ol
103,"Miss You","James Hersey",10599,https://open.spotify.com/track/7of1slAJIWrXxP8ikAHxje
104,"Sugar (feat. Francesco Yates)","Robin Schulz",10588,https://open.spotify.com/track/5tf1VVWniHgryyumXyJM7w
105,"Ain't No Mountain High Enough","Marvin Gaye",10468,https://open.spotify.com/track/2H3ZUSE54pST4ubRd5FzFR
106,"It's Gotta Be You",Isaiah,10454,https://open.spotify.com/track/6cAKeFFYW2aClZSUyvqAEW
107,Cake,"Flo Rida",10451,https://open.spotify.com/track/6t2ubAB4iSYOuIpRAOGd4t
108,"Thinking Out Loud","Ed Sheeran",10360,https://open.spotify.com/track/1Slwb6dOYkBlWal1PGtnNg
109,"Million Reasons","Lady Gaga",10318,https://open.spotify.com/track/50PWlIBU7PlGGwzgN8TiFJ
110,"Please Don't Go","Joel Adams",10286,https://open.spotify.com/track/3cNjgVBKTJ1SvKhunrCdVy
111,"No Money",Galantis,10267,https://open.spotify.com/track/0gb1J5UrTpzaU1s3nupgCd
112,Hello,Adele,10254,https://open.spotify.com/track/4sPmO7WMQUAf45kwMOtONw
113,"September Song","JP Cooper",10194,https://open.spotify.com/track/0FuTx2s3YH1ppmtiM6l0zI
114,"Can't Hold Us - feat. Ray Dalton","Macklemore & Ryan Lewis",9961,https://open.spotify.com/track/3bidbhpOYeV4knp8AIu8Xn
115,"I Want You Back","The Jackson 5",9864,https://open.spotify.com/track/3b0EOvScbZUc0qJx0E1L2z
116,"Love On Me",Galantis,9723,https://open.spotify.com/track/2MHCiOohBZEQuLgDTPvSzF
117,"Only One - Radio Edit",Sigala,9721,https://open.spotify.com/track/5ev0Z2lFzmhjlQCWpRAWiG
118,Asio,"Ben Cristovao",9550,https://open.spotify.com/track/0hMmdL64r14D1m9yjRyv7U
119,"Let Me Hold You (Turn Me On)","Dante Klein",9386,https://open.spotify.com/track/0lmdsH1MIoLsMymnNpd6HU
120,"Still Falling For You - From ""Bridget Jones's Baby""","Ellie Goulding",9141,https://open.spotify.com/track/638fKB27P7UAmu3Aq0vEJ3
121,Alarm,Anne-Marie,9136,https://open.spotify.com/track/0OwX5aROoW1Iip8FV51Efg
122,PILLOWTALK,ZAYN,8909,https://open.spotify.com/track/0PDUDa38GO8lMxLCRc4lL1
123,Stay,Kygo,8730,https://open.spotify.com/track/2FiSTH0GYpIioUgjfzMIja
124,"Please Tell Rosie","Alle Farben",8722,https://open.spotify.com/track/2IDDQFHRf9iH35jeL89uNs
125,"Hymn For The Weekend",Coldplay,8662,https://open.spotify.com/track/3RiPr603aXAoi4GHyXx0uy
126,"Sing Me to Sleep","Alan Walker",8560,https://open.spotify.com/track/2Fjz5ZC5BvFdCqcnTZ3ilH
127,"Happy - From ""Despicable Me 2""","Pharrell Williams",8524,https://open.spotify.com/track/5b88tNINg4Q4nrRbrCXUmg
128,"Pumped Up Kicks","Foster The People",8512,https://open.spotify.com/track/7w87IxuO7BDcJ3YUqCyMTT
129,"Billie Jean","Michael Jackson",8475,https://open.spotify.com/track/5ChkMS8OtdzJeqyybCc9R5
130,"What Do You Mean?","Justin Bieber",8459,https://open.spotify.com/track/3pzjHKrQSvXGHQ98dx18HI
131,Radioactive,"Imagine Dragons",8421,https://open.spotify.com/track/6Ep6BzIOB9tz3P4sWqiiAB
132,"Lose Yourself - Soundtrack Version",Eminem,8369,https://open.spotify.com/track/5Z01UMMf7V1o0MzF86s6WJ
133,"Choďte šeci Do Piče (feat. Strapo, Ektor & Hrdlorez Boris)","DJ Wich",8237,https://open.spotify.com/track/3kzf4dpi2GtZIywlayOYRH
134,"Shout Out to My Ex","Little Mix",8233,https://open.spotify.com/track/0YHUITU3w6ws1v8ehT264g
135,Gold,Kiiara,8228,https://open.spotify.com/track/6WhzFzROw3aq3rPWjgYlxr
136,"Purple Lamborghini (with Rick Ross)",Skrillex,8145,https://open.spotify.com/track/6JyuJFedEvPmdWQW0PkbGJ
137,Roses,"The Chainsmokers",8120,https://open.spotify.com/track/6O6M7pJLABmfBRoGZMu76Y
138,"'Till I Collapse",Eminem,8030,https://open.spotify.com/track/6yr8GiTHWvFfi4o6Q5ebdT
139,"Kill Em With Kindness","Selena Gomez",8029,https://open.spotify.com/track/7KxhSJOYiqCDclXDBNlFSZ
140,Stitches,"Shawn Mendes",7937,https://open.spotify.com/track/1WP1r7fuvRqZRnUaTi2I1Q
141,Demons,"Imagine Dragons",7902,https://open.spotify.com/track/2Oehrcv4Kov0SuIgWyQY9e
142,"This Town","Niall Horan",7897,https://open.spotify.com/track/5nA67Y0XX9JipZwYxX7Gl7
143,"Cool Girl","Tove Lo",7897,https://open.spotify.com/track/5dKyZWlgjWw1oJgLa4GCZD
144,"Without Me",Eminem,7797,https://open.spotify.com/track/7lQ8MOhq6IN2w8EYcFNSUk
145,"Thinking About It (Let It Go) - KVR Remix","Nathan Goshen",7794,https://open.spotify.com/track/0yJv0G7r1PZIl1CY5XhvkR
146,"Take Me To Church",Hozier,7752,https://open.spotify.com/track/0IqKeD8ZSP72KbGYyzEcAs
147,Respect,"Aretha Franklin",7717,https://open.spotify.com/track/7s25THrKz86DM225dOYwnr
148,Taktomabyt,"Annet Charitonová",7663,https://open.spotify.com/track/0hFJbq9BugegnbxberNRHQ
149,"Run Run Run","Junge Junge",7614,https://open.spotify.com/track/29Xp9qXcl1LBpGMFtfUZ4O
150,Raging,Kygo,7544,https://open.spotify.com/track/2Vhd5uZB4brKHmM0MNxkZo
151,"DUELE EL CORAZON","Enrique Iglesias",7506,https://open.spotify.com/track/6YZdkObH88npeKrrkb8Ggf
152,"My House","Flo Rida",7501,https://open.spotify.com/track/6Knv6wdA0luoMUuuoYi2i1
153,"Tma (feat. Viktor Sheen)","DJ Wich",7494,https://open.spotify.com/track/5AE6VJEZFAjFEX7zMOnjrW
154,"Let It Go","James Bay",7485,https://open.spotify.com/track/13HVjjWUZFaWilh2QUJKsP
155,"Let Her Go",Passenger,7464,https://open.spotify.com/track/2jyjhRf6DVbMPU5zxagN2h
156,"Don't Stop Me Now - Remastered 2011",Queen,7460,https://open.spotify.com/track/5T8EDUDqKcs6OSOwEsfqG7
157,Middle,"DJ Snake",7433,https://open.spotify.com/track/4OZEu0Vwq0RB2LAq14v99n
158,"Needed Me",Rihanna,7300,https://open.spotify.com/track/1Tt4sE4pXi57mTD1GCzsqm
159,"POHODA - vánoční koleda",MikeJePan,7257,https://open.spotify.com/track/2EH0wgH1NGMJC5auYVlrf8
160,Renegades,"X Ambassadors",7225,https://open.spotify.com/track/46GGxd8TVRt6FjUBfCavVT
161,"This One's For You (feat. Zara Larsson) - Official Song UEFA EURO 2016","David Guetta",7184,https://open.spotify.com/track/46NBoIAHrmR7qcUGCIFEjR
162,"No Lie","Sean Paul",7154,https://open.spotify.com/track/3cFsmM51N5zMAuu1nNY4Tw
163,"Bohemian Rhapsody - Remastered 2011",Queen,7123,https://open.spotify.com/track/1AhDOtG9vPSOmsWgNW0BEY
164,"Stole the Show",Kygo,7116,https://open.spotify.com/track/5masKPHeAOVNgxdLebIcK7
165,"Twist And Shout - Remastered 2009","The Beatles",7102,https://open.spotify.com/track/4Z1fbYp0HuxLBje4MOZcSD
166,Ophelia,"The Lumineers",7069,https://open.spotify.com/track/7bTwYGhBdSQ8vuXc76Xint
167,Tuesday,"Burak Yeter",7052,https://open.spotify.com/track/7abpmGpF7PGep2rDU68GBR
168,"When We Were Young",Adele,7029,https://open.spotify.com/track/7IWkJwX9C0J7tHurTD7ViL
169,"Too Good",Drake,6939,https://open.spotify.com/track/11KJSRSgaDxqydKYiD2Jew
170,"Titanium (feat. Sia) - feat. Sia","David Guetta",6927,https://open.spotify.com/track/2dOTkLZFbpNXrhc24CnTFd
171,"in my miNd","Maty Noyes",6894,https://open.spotify.com/track/0F1Rc18rZcJOALxIIQPTYd
172,"All Star","Smash Mouth",6870,https://open.spotify.com/track/3cfOd4CMv2snFaKAnMdnvK
173,"Counting Stars",OneRepublic,6867,https://open.spotify.com/track/5edBgVtRD0fvWk140Sl21T
174,Chandelier,Sia,6815,https://open.spotify.com/track/4VrWlk8IQxevMvERoX08iC
175,Caroline,Aminé,6801,https://open.spotify.com/track/5GFDrUTLGJix84sNhjCG0g
176,"Say It (feat. Tove Lo)",Flume,6795,https://open.spotify.com/track/4sQMalN597HdggTu196aL0
177,"Uptown Funk","Mark Ronson",6793,https://open.spotify.com/track/32OlwWuMpZ6b0aN2RZOeMS
178,Spirits,"The Strumbellas",6764,https://open.spotify.com/track/2H6dHxAxGq5oQ9EiinNpXT
179,"Jak Ocel (feat. Marpo & Trouble Gang)","DJ Wich",6687,https://open.spotify.com/track/7bRFdAovdSteHved8uohUQ
180,"Keď Sa Budú Pýtať",Rytmus,6683,https://open.spotify.com/track/1TlPZbhGxYXKz9vXlEWPOz
181,"In The End","Linkin Park",6660,https://open.spotify.com/track/60a0Rd6pjrkxjPbaKzXjfq
182,"Stay With Me","Sam Smith",6640,https://open.spotify.com/track/5Db9VIdDsN5yu3Eu7CT0i4
183,"Here Comes The Sun - Remastered","The Beatles",6587,https://open.spotify.com/track/45yEy5WJywhJ3sDI28ajTm
184,Sugar,"Maroon 5",6495,https://open.spotify.com/track/494OU6M7NOf4ICYb4zWCf5
185,"Hands To Myself","Selena Gomez",6494,https://open.spotify.com/track/3CJvmtWw2bJsudbAC5uCQk
186,"Superstition - Single Version","Stevie Wonder",6486,https://open.spotify.com/track/5lXcSvHRVjQJ3LB2rLKQog
187,Hell.o,Lenny,6479,https://open.spotify.com/track/0VvwmisQKlu1zqmANZTrDb
188,"Wonderwall - Remastered",Oasis,6475,https://open.spotify.com/track/5qqabIl2vWzo9ApSC317sa
189,Riptide,"Vance Joy",6432,https://open.spotify.com/track/7yq4Qj7cqayVTp3FF9CWbm
190,Sidewalks,"The Weeknd",6428,https://open.spotify.com/track/4h90qkbnW1Qq6pBhoPvwko
191,Home,"Edward Sharpe & The Magnetic Zeros",6420,https://open.spotify.com/track/7w5cxTEzp1rfV3KCy0Bd5N
192,"Seven Nation Army","The White Stripes",6390,https://open.spotify.com/track/1jNOi6m3Hn8nLEeHCp5Msr
193,"Can't Feel My Face","The Weeknd",6389,https://open.spotify.com/track/6RsWqX8zABZLhZydXxEFOm
194,"You Make My Dreams - Remastered","Daryl Hall & John Oates",6383,https://open.spotify.com/track/4o6BgsqLIBViaGVbx5rbRk
195,"Smells Like Teen Spirit",Nirvana,6373,https://open.spotify.com/track/5ghIJDpPoe3CfHMGu71E6T
196,"Once In a While",Timeflies,6342,https://open.spotify.com/track/6cREm4bV7V79Yxdilx9HDo
197,"I See Fire","Ed Sheeran",6273,https://open.spotify.com/track/3B7udSGy2PfgoCniMSb523
198,"Young And Beautiful","Lana Del Rey",6257,https://open.spotify.com/track/2nMeu6UenVvwUktBCpLMK9
199,"False Alarm","The Weeknd",6249,https://open.spotify.com/track/32lgtADX2cB9I4KFs1Y1py
200,"Dancing On My Own","Calum Scott",6239,https://open.spotify.com/track/02WacdrRpm4zlP8H7X6bnQ
