Position,"Track Name",Artist,Streams,URL
1,"Despacito - Remix","Luis Fonsi",87992,https://open.spotify.com/track/5CtI0qwDJkDQGwXD1H1cLb
2,"2U (feat. Justin Bieber)","David Guetta",82110,https://open.spotify.com/track/3A7qX2QjDlPnazUsRk5y0M
3,Thunder,"Imagine Dragons",80795,https://open.spotify.com/track/0tKcYR2II1VCQWT79i5NrW
4,"Shape of You","Ed Sheeran",72991,https://open.spotify.com/track/7qiZfU4dY1lWllzX7mPBI3
5,"I'm the One","DJ Khaled",62778,https://open.spotify.com/track/1jYiIOC5d6soxkJP81fxq2
6,"There for You","Martin Garrix",62244,https://open.spotify.com/track/6jA8HL9i4QGzsj6fjoxp8Y
7,Mama,"Jonas Blue",61969,https://open.spotify.com/track/4xlrALxuaCf9yZBHJeTSG6
8,Believer,"Imagine Dragons",60102,https://open.spotify.com/track/0CcQNd8CINkwQfe1RDtGV6
9,"Something Just Like This","The Chainsmokers",59640,https://open.spotify.com/track/6RUKPb4LETWmmr3iAEQktW
10,"Symphony (feat. Zara Larsson)","Clean Bandit",57788,https://open.spotify.com/track/1x5sYLZiu9r5E43kMlt9f8
11,"More Than You Know","Axwell /\ Ingrosso",57715,https://open.spotify.com/track/4q8PHoRsPUB52LFylX8Ulz
12,"There's Nothing Holdin' Me Back","Shawn Mendes",56324,https://open.spotify.com/track/79cuOz3SPQTuFrp8WgftAu
13,"Strip That Down","Liam Payne",54595,https://open.spotify.com/track/6EpRaXYhGOB3fj4V2uDkMJ
14,Attention,"Charlie Puth",50632,https://open.spotify.com/track/4iLqG9SeJSnt0cSPICSjxv
15,"Stay (with Alessia Cara)",Zedd,50127,https://open.spotify.com/track/0dA2Mk56wEzDgegdC6R17g
16,"Your Song","Rita Ora",48332,https://open.spotify.com/track/4c2W3VKsOFoIg2SFaO6DY5
17,"Despacito (Featuring Daddy Yankee)","Luis Fonsi",47827,https://open.spotify.com/track/4aWmUDTfIPGksMNLV2rQP2
18,"Galway Girl","Ed Sheeran",45564,https://open.spotify.com/track/0afhq8XCExXpqazXczTSve
19,"No Promises (feat. Demi Lovato)","Cheat Codes",44653,https://open.spotify.com/track/1louJpMmzEicAn7lzDalPW
20,"It Ain't Me (with Selena Gomez)",Kygo,44523,https://open.spotify.com/track/3eR23VReFzcdmS7TYCrhCe
21,Unforgettable,"French Montana",44091,https://open.spotify.com/track/1F2HXIJrE2Xn81OzT2zZvW
22,Feels,"Calvin Harris",43807,https://open.spotify.com/track/6BaCraQ9xeLYg4Sb9TBT2X
23,"Wild Thoughts","DJ Khaled",43436,https://open.spotify.com/track/1OAh8uOEOvTDqkKFsKksCi
24,"No Vacancy",OneRepublic,42555,https://open.spotify.com/track/6XOYVSmNDjKUNMXooU4s4z
25,"Bad Liar","Selena Gomez",42514,https://open.spotify.com/track/1sCxVKWImDZSZKvG0U9B23
26,"Know No Better (feat. Quavo)","Major Lazer",42090,https://open.spotify.com/track/3Ytr1SUCUi6J3L9dRFx5iH
27,"Swalla (feat. Nicki Minaj & Ty Dolla $ign)","Jason Derulo",41093,https://open.spotify.com/track/6kex4EBAj0WHXDKZMEJaaF
28,"Pretty Girl - Cheat Codes X CADE Remix","Maggie Lindemann",40641,https://open.spotify.com/track/1NDxZ7cFAo481dtYWdrUnR
29,Malibu,"Miley Cyrus",40136,https://open.spotify.com/track/2habSXqcJGExM6JJyskY7O
30,"Slow Hands","Niall Horan",38815,https://open.spotify.com/track/167NczpNbRF7oWakJaY3Hh
31,"First Time",Kygo,38387,https://open.spotify.com/track/2Gl0FzuLxflY6nPifJp5Dr
32,HUMBLE.,"Kendrick Lamar",37365,https://open.spotify.com/track/7KXjTSCq5nL1LoYtL7XAwS
33,"Crying in the Club","Camila Cabello",36203,https://open.spotify.com/track/1SJtlNRJDeYHioymcvsqev
34,"SUBEME LA RADIO","Enrique Iglesias",35319,https://open.spotify.com/track/7nKBxz47S9SD79N086fuhn
35,"XO TOUR Llif3","Lil Uzi Vert",34843,https://open.spotify.com/track/2eMwDehkIC1j68U6FA3Eiq
36,"Now Or Never",Halsey,34016,https://open.spotify.com/track/0Nhu3zSYbEz32IYiobV75e
37,"Solo Dance","Martin Jensen",33583,https://open.spotify.com/track/6HUnnBwYZqcED1eQztxMBN
38,"Whatever It Takes","Imagine Dragons",31996,https://open.spotify.com/track/4IWAyPf1KMq7JCyGeCjTeH
39,"You Don't Know Me - Radio Edit","Jax Jones",29810,https://open.spotify.com/track/7M16mAuWuFA5rC9HvkXaGx
40,1-800-273-8255,Logic,28896,https://open.spotify.com/track/5tz69p7tJuGPeMGwNTxYuV
41,"Swish Swish","Katy Perry",28550,https://open.spotify.com/track/2kVHAQKVtczchKctctzbtK
42,Issues,"Julia Michaels",28228,https://open.spotify.com/track/1sXUWdKx03aP9Gmzft58rt
43,OK,"Robin Schulz",28060,https://open.spotify.com/track/3bWAqKDWg6u1davspr5IkS
44,Down,"Fifth Harmony",27671,https://open.spotify.com/track/7LEydI5NfjY6mZfKwYIptZ
45,"Sign of the Times","Harry Styles",27511,https://open.spotify.com/track/5Ohxk2dO5COHF1krpoPigN
46,Congratulations,"Post Malone",27434,https://open.spotify.com/track/3a1lNhkSLSkpJE4MSHpDu9
47,"Mask Off",Future,27425,https://open.spotify.com/track/3rOSwuTsUlJp0Pu0MkN8r8
48,"Scared to Be Lonely","Martin Garrix",26878,https://open.spotify.com/track/3ebXMykcMXOcLeJ9xZ17XH
49,"Walking The Wire","Imagine Dragons",24407,https://open.spotify.com/track/1AJQ97yAt6xfeF7nQaE1t8
50,"Reminding Me","Shawn Hook",23707,https://open.spotify.com/track/4gqMQftUs22F8pOGVn5Acr
51,"I Like Me Better",Lauv,23654,https://open.spotify.com/track/1wjzFQodRWrPcQ0AnYnvQ9
52,"That's What I Like","Bruno Mars",23559,https://open.spotify.com/track/0KKkJNfGyhkQ5aFogxQAPU
53,"Most Girls","Hailee Steinfeld",22635,https://open.spotify.com/track/2mfUa8bLs2s5N4VaqJZ4lZ
54,"Summer Air",ItaloBrothers,21582,https://open.spotify.com/track/3GPI7hYiqD6enLRobhkBm8
55,"Call On Me - Ryan Riback Extended Remix",Starley,21361,https://open.spotify.com/track/78rIJddV4X0HkNAInEcYde
56,Slide,"Calvin Harris",21230,https://open.spotify.com/track/6gpcs5eMhJwax4mIfKDYQk
57,Rollin,"Calvin Harris",21019,https://open.spotify.com/track/3FDrI0FLKzrYQiWxPhqV2W
58,"Two High","Moon Taxi",20717,https://open.spotify.com/track/3sJHkcxojoJD2Ytbo1yLLF
59,"Be Mine",Ofenbach,20617,https://open.spotify.com/track/2KklXplRtxMsBYo474Es0w
60,"Nights With You",MØ,20612,https://open.spotify.com/track/5q5gzmbBS5yQzos2BvVr1t
61,Redbone,"Childish Gambino",19937,https://open.spotify.com/track/3kxfsdsCpFgN412fpnW85Y
62,"Rockabye (feat. Sean Paul & Anne-Marie)","Clean Bandit",19620,https://open.spotify.com/track/5knuzwU65gJK7IF5yJsuaW
63,"Came Here for Love",Sigala,19133,https://open.spotify.com/track/3kGfazcbVvVkuZunzlLgTD
64,Tuesday,"Burak Yeter",19035,https://open.spotify.com/track/7abpmGpF7PGep2rDU68GBR
65,"I Don’t Wanna Live Forever (Fifty Shades Darker) - From ""Fifty Shades Darker (Original Motion Picture Soundtrack)""",ZAYN,19008,https://open.spotify.com/track/3NdDpSvN911VPGivFlV5d0
66,Paris,"The Chainsmokers",18979,https://open.spotify.com/track/72jbDTw1piOOj770jWNeaG
67,"Green Light",Lorde,18918,https://open.spotify.com/track/0gbBzIqrECJOEPvQJIBFs5
68,"The Cure","Lady Gaga",18575,https://open.spotify.com/track/51PIvodunv6NmX5250zxAh
69,"High Without Your Love",Loote,18398,https://open.spotify.com/track/7qs2GAglLWfxEfmO8u2u0A
70,Human,"Rag'n'Bone Man",18356,https://open.spotify.com/track/58zsLZPvfflaiIbNWoA22O
71,Tired,"Alan Walker",17021,https://open.spotify.com/track/3b5Li4QKDVBx1x7fQuu54a
72,Location,Khalid,16610,https://open.spotify.com/track/152lZdxL1OR0ZMW6KquMif
73,"Holly Molly (feat. Lvcas Dope)",Yzomandias,16084,https://open.spotify.com/track/1kt4DlkW0BbgAXIVCeDg8o
74,Hot2Touch,"Felix Jaehn",15962,https://open.spotify.com/track/1sBhJGPUKrdRycgKxve70v
75,Hunter,Galantis,15759,https://open.spotify.com/track/3caMfJGFp53NAH2TuigdNj
76,"Can I Be Him","James Arthur",15413,https://open.spotify.com/track/0VhgEqMTNZwYL1ARDLLNCX
77,"Bad At Love",Halsey,15219,https://open.spotify.com/track/7y9iMe8SOB6z3NoHE2OfXl
78,"The Way I Are (Dance With Somebody) [feat. Lil Wayne]","Bebe Rexha",15177,https://open.spotify.com/track/6Pw3Gvw4wNMZfTYZa6IQal
79,"All Night","The Vamps",15123,https://open.spotify.com/track/1yNyoWWWikbLhwIGWjZuDW
80,"Perfect Places",Lorde,15028,https://open.spotify.com/track/7ARveOiD31w2Nq0n5FsSf8
81,Closer,"The Chainsmokers",14920,https://open.spotify.com/track/7BKLCZ1jbUBVqRi2FVlTVw
82,"Shed a Light","Robin Schulz",14917,https://open.spotify.com/track/1cG0umU5TKStygKsPFZ9pY
83,"Castle on the Hill","Ed Sheeran",14744,https://open.spotify.com/track/6PCUP3dWmTjcTtXY02oFdT
84,Skin,"Rag'n'Bone Man",14525,https://open.spotify.com/track/6y2Kaz9QI01XBKJ8mTb7Pf
85,"Good Life (with G-Eazy & Kehlani)",G-Eazy,14484,https://open.spotify.com/track/1Eck97uRMlprKOOJN9oO1E
86,"Whippin (feat. Felix Snow)",Kiiara,13855,https://open.spotify.com/track/3QWjljChcOMkRDYSzF33Qr
87,"CAN'T STOP THE FEELING! (Original Song from DreamWorks Animation's ""TROLLS"")","Justin Timberlake",13668,https://open.spotify.com/track/6JV2JOEocMgcZxYSZelKcc
88,"By Your Side","Jonas Blue",13630,https://open.spotify.com/track/1D3ODoXHBLpdxolZRHWV1j
89,"Chained To The Rhythm","Katy Perry",13435,https://open.spotify.com/track/6520aj0B4FSKGVuKNsOCOi
90,Heathens,"Twenty One Pilots",13389,https://open.spotify.com/track/6i0V12jOa3mr6uu4WYhUBr
91,Demons,"Imagine Dragons",13359,https://open.spotify.com/track/2Oehrcv4Kov0SuIgWyQY9e
92,"Bon appétit","Katy Perry",13236,https://open.spotify.com/track/61WbtB6ujkpNAsAf5LjF4b
93,Sober,Lorde,13221,https://open.spotify.com/track/2mNbgyi0gori4b1rFSPgIb
94,"Treat You Better","Shawn Mendes",13220,https://open.spotify.com/track/4Hf7WnR761jpxPr5D46Bcd
95,"Still Got Time",ZAYN,13204,https://open.spotify.com/track/000xQL6tZNLJzIrtIgxqSl
96,"Quit (feat. Ariana Grande)","Cashmere Cat",12932,https://open.spotify.com/track/4Q5yMlwAfAoitqg4r9oZHN
97,"Don't Let Me Down","The Chainsmokers",12825,https://open.spotify.com/track/0QsvXIfqM0zZoerQfsI9lm
98,"Sucker For Pain (with Wiz Khalifa, Imagine Dragons, Logic & Ty Dolla $ign feat. X Ambassadors)","Lil Wayne",12768,https://open.spotify.com/track/4dASQiO1Eoo3RJvt74FtXB
99,"Uh Huh","Julia Michaels",12692,https://open.spotify.com/track/0ZExP2I5Ej92PsnG4G1jVG
100,"Glorious (feat. Skylar Grey)",Macklemore,12665,https://open.spotify.com/track/3HVr6jTVwBHBa2flM0eURR
101,Radioactive,"Imagine Dragons",12497,https://open.spotify.com/track/6Ep6BzIOB9tz3P4sWqiiAB
102,Alone,"Alan Walker",12490,https://open.spotify.com/track/0JiVRyTJcJnmlwCZ854K4p
103,"Homemade Dynamite",Lorde,12482,https://open.spotify.com/track/12o6dxWGk29uIAP3OWY0pM
104,Perfect,"Ed Sheeran",12455,https://open.spotify.com/track/0tgVpDi06FyKpA1z0VMD4v
105,Weak,AJR,12424,https://open.spotify.com/track/3E2Zh20GDCR9B1EYjfXWyv
106,"The One","The Chainsmokers",12348,https://open.spotify.com/track/0wfbD5rAksdXUzRvMfM3x5
107,Lásku,Yzomandias,12331,https://open.spotify.com/track/3ALr8LGLAfHnZUR1HSqREh
108,"Cheap Thrills",Sia,12300,https://open.spotify.com/track/27SdWb2rFzO6GWiYDBTD9j
109,"Heavy (feat. Kiiara)","Linkin Park",12261,https://open.spotify.com/track/104buTcnP2AsxqB7U1FIZ4
110,"The Ocean","Mike Perry",12238,https://open.spotify.com/track/2CPqh63wRVscbceKcPxwvv
111,TG4M,"Zara Larsson",12182,https://open.spotify.com/track/4uoumbAMEMaKdtiv763jKz
112,Photograph,"Ed Sheeran",12173,https://open.spotify.com/track/6fxVffaTuwjgEk5h9QyRjy
113,"September Song","JP Cooper",12125,https://open.spotify.com/track/0FuTx2s3YH1ppmtiM6l0zI
114,"In the Name of Love","Martin Garrix",12076,https://open.spotify.com/track/04DwTuZ2VBdJCCC5TROn7L
115,"Stressed Out","Twenty One Pilots",12061,https://open.spotify.com/track/3CRDbSIZ4r5MsZ0YwxuEkn
116,DNA.,"Kendrick Lamar",12014,https://open.spotify.com/track/6HZILIRieu8S0iqY8kIKhj
117,"The Night We Met","Lord Huron",11975,https://open.spotify.com/track/6mORGLOz79w6VsCRLWYYuK
118,Supercut,Lorde,11974,https://open.spotify.com/track/0dyiHoYbYjYaOEXLpmzQZG
119,"Say You Won't Let Go","James Arthur",11895,https://open.spotify.com/track/5uCax9HTNlzGybIStD3vDh
120,"My Way","Calvin Harris",11767,https://open.spotify.com/track/1vvNmPOiUuyCbgWmtc6yfm
121,Starving,"Hailee Steinfeld",11696,https://open.spotify.com/track/1qOLh0tI7trd1zdDKxYZTe
122,"Sugar (feat. Francesco Yates)","Robin Schulz",11629,https://open.spotify.com/track/5tf1VVWniHgryyumXyJM7w
123,"Svaz ceskych bohemu",Wohnout,11542,https://open.spotify.com/track/0LhVh2VbRkJhpOfuNxG2Uc
124,"Let Me Love You","DJ Snake",11538,https://open.spotify.com/track/4pdPtRcBmOSQDlJ3Fk945m
125,Places,"Martin Solveig",11532,https://open.spotify.com/track/6O85MfGECKBqAK2MgSbCaj
126,"Party On The West Coast (feat. Snoop Dogg)",Matoma,11425,https://open.spotify.com/track/45OfR7ugJMgbFDuNOVpIq3
127,"Dead Man Walking",Marpo,11292,https://open.spotify.com/track/5fUsSQu2vgYKZOlU6xm1s2
128,Sideways,"SEASIDE HIGHLIFE",11262,https://open.spotify.com/track/35AOGxEzcsgAdzhFLutbXO
129,"I Took A Pill In Ibiza - Seeb Remix","Mike Posner",11239,https://open.spotify.com/track/17Fd6Yb7mSbinKG8LoWfFl
130,Passionfruit,Drake,11200,https://open.spotify.com/track/7hDc8b7IXETo14hHIHdnhd
131,"Come Home","Sad Eye",11191,https://open.spotify.com/track/26g6FFoDfV1ArdnIy28uST
132,Faded,"Alan Walker",11186,https://open.spotify.com/track/7gHs73wELdeycvS48JfIos
133,"I Got You","Bebe Rexha",11161,https://open.spotify.com/track/1FUViuNSldssMIawrOXF2i
134,"No Lie","Sean Paul",11130,https://open.spotify.com/track/3cFsmM51N5zMAuu1nNY4Tw
135,Starboy,"The Weeknd",11033,https://open.spotify.com/track/5aAx2yezTd8zXrkmtKl66Z
136,"Instruction (feat. Demi Lovato & Stefflon Don)","Jax Jones",11029,https://open.spotify.com/track/0XfOi87h82i09rQjWYG0Bm
137,"Feel Good (feat. Daya)",Gryffin,10802,https://open.spotify.com/track/0NyOeqzqjVM9j7IuWp2oJ6
138,History,"Olivia Holt",10778,https://open.spotify.com/track/0WCEaydwN65cvwaW8aqptF
139,"The Louvre",Lorde,10554,https://open.spotify.com/track/5q4BpnMrYEFzLO0dYODj6J
140,Liability,Lorde,10505,https://open.spotify.com/track/0or0gNaKAXYYCsOrpvRzAu
141,Sofia,"Alvaro Soler",10503,https://open.spotify.com/track/1VoHrSS3QQ6TbpabLrFiYb
142,"Lost on You",LP,10496,https://open.spotify.com/track/3SqvR3HYLlCTYzbDXJ52OC
143,"Don't Leave",Snakehips,10464,https://open.spotify.com/track/0Zx8khUcEfCFK2AEoIhC92
144,Mercy,"Shawn Mendes",10443,https://open.spotify.com/track/4TZy1wLyHec06pwgFYDh1a
145,"Kawasaki (feat. Nik Tendo)",Yzomandias,10421,https://open.spotify.com/track/0Y4TzGi4YdW5dhFrFczpS0
146,Hands,"Mike Perry",10420,https://open.spotify.com/track/5153LWKMJiMNIRCChGN4Ja
147,"Lean On (feat. MØ & DJ Snake)","Major Lazer",10401,https://open.spotify.com/track/4WjH9Bzt3kx7z8kl0awxh4
148,"Perfect Strangers","Jonas Blue",10376,https://open.spotify.com/track/1CUVN2kn7mW5FjkqXTR2W1
149,Cold,"Maroon 5",10365,https://open.spotify.com/track/5NNlUMcOEOdoOIwwaWXv0k
150,"I Feel It Coming","The Weeknd",10296,https://open.spotify.com/track/5GXAXm5YOmYT0kL5jHvYBt
151,Happier,"Ed Sheeran",10285,https://open.spotify.com/track/2RttW7RAu5nOAfq6YFvApB
152,"We Don't Talk Anymore (feat. Selena Gomez)","Charlie Puth",10220,https://open.spotify.com/track/68EMU2RD1ECNeOeJ5qAXCV
153,Aloha,Yzomandias,10185,https://open.spotify.com/track/2VGK3M21IXwyhP4U1tQIga
154,"All Star","Smash Mouth",10023,https://open.spotify.com/track/3cfOd4CMv2snFaKAnMdnvK
155,"P.Y.T. (Pretty Young Thing)","John Gibbons",10005,https://open.spotify.com/track/3Db8OhBMmNPLv2rHYoP7Wf
156,"Middle Of The Night","The Vamps",9889,https://open.spotify.com/track/5dQJKDx0x73seZbwSORa1T
157,"Hear Me Now",Alok,9826,https://open.spotify.com/track/1a5Yu5L18qNxVhXx38njON
158,"Felices los 4",Maluma,9809,https://open.spotify.com/track/0qYTZCo5Bwh1nsUFGZP3zn
159,"Body Like A Back Road","Sam Hunt",9748,https://open.spotify.com/track/7mldq42yDuxiUNn08nvzHO
160,Fabie,Yzomandias,9626,https://open.spotify.com/track/0MqAHIgelRYOg7iSxRgxfw
161,"Ciao Adios",Anne-Marie,9615,https://open.spotify.com/track/3EfugazgSddQvzZpkof5I4
162,Warriors,"Imagine Dragons",9555,https://open.spotify.com/track/0mZriPjLPG9PExNzKQ3NVS
163,"Hey Hey Hey","Katy Perry",9504,https://open.spotify.com/track/7nY0TjOsD1BZehkZgLiOxO
164,"Thinking Out Loud","Ed Sheeran",9488,https://open.spotify.com/track/1Slwb6dOYkBlWal1PGtnNg
165,"Cpk (feat. Ego)",Yzomandias,9424,https://open.spotify.com/track/4myvoHlmiwtVCPichsPQPz
166,Ride,"Twenty One Pilots",9422,https://open.spotify.com/track/2Z8WuEywRWYTKe1NybPQEW
167,"Would I Lie To You - Radio Edit","David Guetta",9383,https://open.spotify.com/track/4PdJSsESm34djLfBde9Pr2
168,"Battle Symphony","Linkin Park",9317,https://open.spotify.com/track/3FQCJI2t5LTbsRPfYVBSVB
169,"7 Years","Lukas Graham",9299,https://open.spotify.com/track/7129iqBafaphfc3WPCGC0L
170,"'Till I Collapse",Eminem,9288,https://open.spotify.com/track/6yr8GiTHWvFfi4o6Q5ebdT
171,"Když nemůžeš, tak přidej",Mirai,9273,https://open.spotify.com/track/3Mlck1bd0M3Mw1mOvNTZYC
172,"Body to Body","Mike Perry",9269,https://open.spotify.com/track/3qyeNnFY67zX6VmmIbzPsL
173,"Obsession (feat. Jon Bellion)",Vice,9262,https://open.spotify.com/track/5pvVAwQbuFoR7LkcicrKnk
174,"Blow Your Mind (Mwah)","Dua Lipa",9254,https://open.spotify.com/track/2eAAEa8pxKF7My0EO4rFgR
175,"Aztmj (feat. Robin Zoot)",Yzomandias,9237,https://open.spotify.com/track/5NSqv9B3C3476pLaFmwJm1
176,"Light It Up (feat. Nyla & Fuse ODG) - Remix","Major Lazer",9146,https://open.spotify.com/track/0L7loeTIg6akW84aEQZpCT
177,"Lose Yourself - Soundtrack Version",Eminem,9144,https://open.spotify.com/track/5Z01UMMf7V1o0MzF86s6WJ
178,"This Girl (Kungs Vs. Cookin' On 3 Burners) - Kungs Vs. Cookin' On 3 Burners",Kungs,9097,https://open.spotify.com/track/0tICYNayWWhH9GPeFrfjfD
179,"Hymn For The Weekend",Coldplay,9093,https://open.spotify.com/track/3RiPr603aXAoi4GHyXx0uy
180,"4 Life (feat. Graham Candy)","Robin Schulz",9063,https://open.spotify.com/track/6OKaib6HaebKVCL5VOoIGR
181,Numb,"Linkin Park",9056,https://open.spotify.com/track/2nLtzopw4rPReszdYBJU6h
182,"Way Down We Go",Kaleo,9012,https://open.spotify.com/track/0y1QJc3SJVPKJ1OvFmFqe6
183,"Oceans Away","A R I Z O N A",8945,https://open.spotify.com/track/6A8dnC0xkiuWN4BshmTB2I
184,"Old Man",Andrelli,8901,https://open.spotify.com/track/5ZXmCqIzh9cRaMMfdtHuyZ
185,Dive,"Ed Sheeran",8879,https://open.spotify.com/track/51ChrwmUPDJvedPQnIU8Ls
186,"Sober II (Melodrama)",Lorde,8868,https://open.spotify.com/track/54ucfuN596MU25jQD3KjCL
187,Touch,"Little Mix",8787,https://open.spotify.com/track/5Ua3GXyHwiSfpNTMjq6m2z
188,"Cake By The Ocean",DNCE,8780,https://open.spotify.com/track/2aFiaMXmWsM3Vj72F9ksBl
189,"Weak - Boonz Tropical Remix","Halloran & Kate",8779,https://open.spotify.com/track/6tt0QkZlKcP85Tx5F3baO6
190,"Me Rehúso","Danny Ocean",8775,https://open.spotify.com/track/6De0lHrwBfPfrhorm9q1Xl
191,"Hard Feelings/Loveless",Lorde,8737,https://open.spotify.com/track/1Dp7JGFNjvg8Nk0CtMCcnr
192,Asio,"Ben Cristovao",8734,https://open.spotify.com/track/0hMmdL64r14D1m9yjRyv7U
193,"Bad Things (with Camila Cabello)","Machine Gun Kelly",8705,https://open.spotify.com/track/1PSBzsahR2AKwLJgx8ehBj
194,"Cold Water (feat. Justin Bieber & MØ)","Major Lazer",8680,https://open.spotify.com/track/6DNtNfH8hXkqOX1sjqmI7p
195,"Love Yourself","Justin Bieber",8655,https://open.spotify.com/track/3hB5DgAiMAQ4DzYbsMq1IT
196,"In The End","Linkin Park",8639,https://open.spotify.com/track/60a0Rd6pjrkxjPbaKzXjfq
197,"Writer In The Dark",Lorde,8633,https://open.spotify.com/track/193Dm5SqYy3hTSbuzxbwKc
198,Panda,Desiigner,8555,https://open.spotify.com/track/5OOkp4U9P9oL23maHFHL1h
199,"Fast Car","Jonas Blue",8521,https://open.spotify.com/track/6OZh916QF8XNunWaP97WEZ
200,"Here Comes The Sun - Remastered","The Beatles",8509,https://open.spotify.com/track/45yEy5WJywhJ3sDI28ajTm
