Position,"Track Name",Artist,Streams,URL
1,"Despacito - Remix","Luis Fonsi",3790105,https://open.spotify.com/track/5CtI0qwDJkDQGwXD1H1cLb
2,"Shape of You","Ed Sheeran",2430147,https://open.spotify.com/track/7qiZfU4dY1lWllzX7mPBI3
3,"Vai Embrazando","Mc Zaac",2412723,https://open.spotify.com/track/1zhfU6YXa2pXUAQdG1NvBZ
4,"O Grave Bater","MC Kevinho",1862215,https://open.spotify.com/track/1bUazU9SSOh02AdlOPeTvm
5,"Você Partiu Meu Coração","Nego do Borel",1832206,https://open.spotify.com/track/0u8aj0c4IxeVSLTUuuq9V5
6,"Hear Me Now",Alok,1684064,https://open.spotify.com/track/1a5Yu5L18qNxVhXx38njON
7,"Despacito (Featuring Daddy Yankee)","Luis Fonsi",1575999,https://open.spotify.com/track/4aWmUDTfIPGksMNLV2rQP2
8,"Joga o Bum Bum Tamtam","MC Fioti",1531621,https://open.spotify.com/track/7KBfjlQ85Fqs2MCCvXSW0c
9,"Te Assumi Pro Brasil - Ao Vivo","Matheus & Kauan",1464563,https://open.spotify.com/track/2d3TbSkAscvT3QRQalq6uT
10,Loka,"Simone & Simaria",1424801,https://open.spotify.com/track/257tme6AhneIKAqVF1HTH4
11,"Qual Bumbum Mais Bate, Qual Bumbum Mais Pula","MC WM",1387930,https://open.spotify.com/track/4eZg3l8x5aMvgwsRHcZuIC
12,"Vidinha de Balada - Ao Vivo","Henrique & Juliano",1371170,https://open.spotify.com/track/4FHw39Ke6pVt5tNKvLr4r3
13,"Olha a Explosão","MC Kevinho",1361837,https://open.spotify.com/track/6m2LNopVJKsvBB9l7Z1rwn
14,"Acordando o Prédio","Luan Santana",1303428,https://open.spotify.com/track/40bK2uosUmAS92c17n98xd
15,"Ninguém É de Ferro","Wesley Safadão",1259447,https://open.spotify.com/track/1e315r3zQjsng2z952ePQ1
16,"Something Just Like This","The Chainsmokers",1170027,https://open.spotify.com/track/6RUKPb4LETWmmr3iAEQktW
17,"Malbec (Part. Dennis Dj) - Ao Vivo","Henrique & Diego",1089424,https://open.spotify.com/track/5SnQDj5REQVvAdSlhqkEcE
18,Raplord,Haikaiss,1035458,https://open.spotify.com/track/3YSagrvQP9x32rAjEI48PL
19,"Paredes - Ao Vivo","Jorge & Mateus",998727,https://open.spotify.com/track/2GfxgssRHvY1azHtaRqKoK
20,"E Essa Boca Aí? - Ao Vivo","Bruninho & Davi",989024,https://open.spotify.com/track/6vve9WKW5I7fQzkU8dNsUE
21,"Oh Novinha","Mc Don Juan",928114,https://open.spotify.com/track/2PS6YQ9jMpm0uCg4sQ1ygm
22,"Quem Mando Tu Terminar? (To Bonito To Né?)","MC Kekel",925290,https://open.spotify.com/track/56gpstNB96id9ngmImIkaH
23,"Raspão - Ao Vivo","Henrique & Diego",913690,https://open.spotify.com/track/6gquljDBW7rE6mCBzmTRxo
24,"Decide Aí - Na Praia / Ao Vivo","Matheus & Kauan",912935,https://open.spotify.com/track/0jIitZeIQRTaZgFQf2WpGK
25,"It Ain't Me (with Selena Gomez)",Kygo,908436,https://open.spotify.com/track/3eR23VReFzcdmS7TYCrhCe
26,"Se o Amor Tiver Lugar","Jorge & Mateus",901974,https://open.spotify.com/track/4sFVdIwmVj2y87qqOWwSU3
27,"Trevo (Tu)",Anavitória,901900,https://open.spotify.com/track/6bgQIw80xWC3MPZX4kVYGw
28,"Como Faz Com Ela - Ao Vivo","Marília Mendonça",883737,https://open.spotify.com/track/2Gvn46nwyQhUnQiFhlP7WX
29,"That's What I Like","Bruno Mars",860676,https://open.spotify.com/track/0KKkJNfGyhkQ5aFogxQAPU
30,Fuego,Alok,856652,https://open.spotify.com/track/61GiOLLEn0LcavpVu1my6Q
31,"The Cure","Lady Gaga",850101,https://open.spotify.com/track/51PIvodunv6NmX5250zxAh
32,"10% - Ao Vivo","Maiara & Maraisa",848614,https://open.spotify.com/track/2wFnRPjuqwNySFiK0Qfg8L
33,"Eu Sei de Cor - Ao Vivo | Acústico","Marília Mendonça",845563,https://open.spotify.com/track/45wqPwIH4A5cr2IyyD4WKf
34,"Meu Coração Deu PT - Ao Vivo","Wesley Safadão",833577,https://open.spotify.com/track/6zCqeUUqLb2CapBmVwAHll
35,"De Quem É a Culpa? - Ao Vivo","Marília Mendonça",818510,https://open.spotify.com/track/4YhPcVIxIAJrLhFVPGbJkE
36,Automaticamente,"Mc Léléto",814937,https://open.spotify.com/track/6AaoEX192rJ6o3UFwG43sV
37,"Pra Sempre Com Você - Ao Vivo","Jorge & Mateus",814310,https://open.spotify.com/track/2KGv51jgAz8OTjNPyRryfq
38,Fica,Anavitória,812521,https://open.spotify.com/track/0lwrkYbCwtAWTI0OIWEnd6
39,"Ciumento Eu - Ao Vivo","Henrique & Diego",812030,https://open.spotify.com/track/3LFG5DqNQRK0yL6WNMw99P
40,Starboy,"The Weeknd",806930,https://open.spotify.com/track/5aAx2yezTd8zXrkmtKl66Z
41,Cold,"Maroon 5",792660,https://open.spotify.com/track/5NNlUMcOEOdoOIwwaWXv0k
42,"Deu Onda","MC G15",789656,https://open.spotify.com/track/0EPxmvsG1BY5td4aTOkWBF
43,"Homem de Família - Ao Vivo","Gusttavo Lima",778737,https://open.spotify.com/track/12wiyBZqQ3mOU7AfygXJCw
44,"Exclusividade - Ao Vivo","Matheus & Kauan",771719,https://open.spotify.com/track/1Bq86AS6wf5a5cEB8CM6dZ
45,"Sim ou não (Participação especial Maluma)",Anitta,770693,https://open.spotify.com/track/4FxumkF81ICxITeqxx4nK9
46,Closer,"The Chainsmokers",755426,https://open.spotify.com/track/7BKLCZ1jbUBVqRi2FVlTVw
47,"Chained To The Rhythm","Katy Perry",730579,https://open.spotify.com/track/6520aj0B4FSKGVuKNsOCOi
48,"There's Nothing Holdin' Me Back","Shawn Mendes",728114,https://open.spotify.com/track/79cuOz3SPQTuFrp8WgftAu
49,"Medo Bobo - Ao Vivo","Maiara & Maraisa",720410,https://open.spotify.com/track/2CW04trIoYMbroZWDzPAjs
50,Tumbalatum,"MC Kevinho",708060,https://open.spotify.com/track/4aAq1afusFG6jRiOSHQZvN
51,"Stay (with Alessia Cara)",Zedd,705275,https://open.spotify.com/track/0dA2Mk56wEzDgegdC6R17g
52,"I Don’t Wanna Live Forever (Fifty Shades Darker) - From ""Fifty Shades Darker (Original Motion Picture Soundtrack)""",ZAYN,684556,https://open.spotify.com/track/3NdDpSvN911VPGivFlV5d0
53,K.O.,"Pabllo Vittar",676740,https://open.spotify.com/track/1J0iYsJuVhqfDhBoSLuO9A
54,"Hard Times",Paramore,673506,https://open.spotify.com/track/0w5Bdu51Ka25Pf3hojsKHh
55,"O Nosso Santo Bateu - Na Praia / Ao Vivo","Matheus & Kauan",668142,https://open.spotify.com/track/6SwI4OplF8m5NH8wHKIps8
56,HUMBLE.,"Kendrick Lamar",666089,https://open.spotify.com/track/7KXjTSCq5nL1LoYtL7XAwS
57,Paris,"The Chainsmokers",661477,https://open.spotify.com/track/72jbDTw1piOOj770jWNeaG
58,"O Verão Está Chegando","Mc Davi",639897,https://open.spotify.com/track/4jswhbcaGqFe8v5uSHlqyb
59,"Na Hora da Raiva - Ao Vivo","Henrique & Juliano",633204,https://open.spotify.com/track/0Zu7NVn4IvfYuEIrD11UVr
60,Chantaje,Shakira,630777,https://open.spotify.com/track/6mICuAdrwEjh6Y6lroV2Kg
61,"Papel Amassado - Ao Vivo","Matheus & Kauan",630539,https://open.spotify.com/track/2lLOaRPi8yQxQ8BlFZBLOl
62,Believer,"Imagine Dragons",624232,https://open.spotify.com/track/0CcQNd8CINkwQfe1RDtGV6
63,"Let Me Love You","DJ Snake",615593,https://open.spotify.com/track/4pdPtRcBmOSQDlJ3Fk945m
64,"Eu Sei de Cor - Ao Vivo","Marília Mendonça",604103,https://open.spotify.com/track/4SjkLzyFBVXaxuB6SbJyJN
65,"Nada Nada - Ao Vivo","Henrique & Juliano",600187,https://open.spotify.com/track/0GR7ZABhVF9GbxghIx2RRv
66,Partiu,"MC Kekel",599117,https://open.spotify.com/track/1LTxGBL6yKtfmW3K8EvbSY
67,"Como É Que a Gente Fica - Ao Vivo","Henrique & Juliano",596836,https://open.spotify.com/track/41mt7YrfLrIc4EQJZFCJtw
68,"Oitava Dose - Ao Vivo","Matheus & Kauan",587943,https://open.spotify.com/track/5kXgLlxHMv3aP7xLxMrjiV
69,"Oh Meu Deus",Projota,586393,https://open.spotify.com/track/6TmmyW0fR8mo3ACj07lGmO
70,"Swalla (feat. Nicki Minaj & Ty Dolla $ign)","Jason Derulo",584327,https://open.spotify.com/track/6kex4EBAj0WHXDKZMEJaaF
71,"Ou Some Ou Soma - Ao Vivo","Jorge & Mateus",583419,https://open.spotify.com/track/3dRBzTOu9polrH9U6Vh2zw
72,"Do Teto Ao Chão - Ao Vivo","Matheus & Kauan",575564,https://open.spotify.com/track/5bm2GTEiU87Z95jX03y2Qk
73,"Sign of the Times","Harry Styles",569109,https://open.spotify.com/track/5Ohxk2dO5COHF1krpoPigN
74,"Scared to Be Lonely","Martin Garrix",564738,https://open.spotify.com/track/3ebXMykcMXOcLeJ9xZ17XH
75,"Lust for Life (with The Weeknd)","Lana Del Rey",562885,https://open.spotify.com/track/5LYQSNHZxEA880URXFHg6h
76,"A Nossa Praia - Ao Vivo","Matheus & Kauan",561902,https://open.spotify.com/track/4BQMlG5VKApk9AdIsjxDqx
77,"Open The Tcheka","MC Lan",538164,https://open.spotify.com/track/77TElJdpImw8cSv6t4mCIr
78,"I Feel It Coming","The Weeknd",527422,https://open.spotify.com/track/5GXAXm5YOmYT0kL5jHvYBt
79,"Side To Side","Ariana Grande",520504,https://open.spotify.com/track/4pLwZjInHj3SimIyN9SnOz
80,"Rockabye (feat. Sean Paul & Anne-Marie)","Clean Bandit",511812,https://open.spotify.com/track/5knuzwU65gJK7IF5yJsuaW
81,Passionfruit,Drake,497376,https://open.spotify.com/track/7hDc8b7IXETo14hHIHdnhd
82,"Green Light",Lorde,487140,https://open.spotify.com/track/0gbBzIqrECJOEPvQJIBFs5
83,Mercy,"Shawn Mendes",484582,https://open.spotify.com/track/4TZy1wLyHec06pwgFYDh1a
84,"Eu Era","Marcos & Belutti",469196,https://open.spotify.com/track/5hkjlU7sUcZb9wOYd1eRBE
85,"Don't Wanna Know","Maroon 5",455331,https://open.spotify.com/track/5MFzQMkrl1FOOng9tq6R9r
86,"Galway Girl","Ed Sheeran",438268,https://open.spotify.com/track/0afhq8XCExXpqazXczTSve
87,"Don't Let Me Down","The Chainsmokers",437418,https://open.spotify.com/track/0QsvXIfqM0zZoerQfsI9lm
88,Singular,Anavitória,432921,https://open.spotify.com/track/3eGK0WFi6ISJ9UZA6Za4HX
89,"Cold Water (feat. Justin Bieber & MØ)","Major Lazer",432702,https://open.spotify.com/track/6DNtNfH8hXkqOX1sjqmI7p
90,DNA.,"Kendrick Lamar",419128,https://open.spotify.com/track/6HZILIRieu8S0iqY8kIKhj
91,Rabetão,"MC Lan",415729,https://open.spotify.com/track/2evRcqkyzWqaD9DJtP2oaU
92,"In the Name of Love","Martin Garrix",414622,https://open.spotify.com/track/04DwTuZ2VBdJCCC5TROn7L
93,"Suíte 14 - Ao Vivo","Henrique & Diego",413885,https://open.spotify.com/track/4lbPwb1Beo7JU2VwuJRTeR
94,"Ficadinha - Ao Vivo","Henrique & Diego",410987,https://open.spotify.com/track/5Bc53chGSf3AoJRbB5mzR6
95,"Now Or Never",Halsey,409168,https://open.spotify.com/track/0Nhu3zSYbEz32IYiobV75e
96,"Treat You Better","Shawn Mendes",404876,https://open.spotify.com/track/4Hf7WnR761jpxPr5D46Bcd
97,"The Night We Met","Lord Huron",404188,https://open.spotify.com/track/6mORGLOz79w6VsCRLWYYuK
98,"One Dance",Drake,399069,https://open.spotify.com/track/1xznGGDReH1oQq0xzbwXa3
99,"This Girl (Kungs Vs. Cookin' On 3 Burners) - Kungs Vs. Cookin' On 3 Burners",Kungs,396693,https://open.spotify.com/track/0tICYNayWWhH9GPeFrfjfD
100,"A Mala É Falsa - Ao Vivo","Felipe Araújo",392204,https://open.spotify.com/track/6BPt2sVRvE41rUixcCAHY6
101,"Agora Eu Quero Ir",Anavitória,381033,https://open.spotify.com/track/2yGnStdGP0V45lPXAJpmDb
102,"Até Ex Duvida - Ao Vivo","Day e Lara",379327,https://open.spotify.com/track/3twpVbHfTCpgHNlStxfpzx
103,Sorry,"Justin Bieber",378588,https://open.spotify.com/track/69bp2EbF7Q2rqc5N3ylezZ
104,"Infiel - Ao Vivo","Marília Mendonça",376332,https://open.spotify.com/track/38MpAndIjGAyVdcC6npX95
105,"Vou Voando - Ao Vivo","Jorge & Mateus",375171,https://open.spotify.com/track/1WCn5QBp0Kl9uHrR0J02GS
106,"Still Got Time",ZAYN,372314,https://open.spotify.com/track/000xQL6tZNLJzIrtIgxqSl
107,"Symphony (feat. Zara Larsson)","Clean Bandit",371248,https://open.spotify.com/track/1x5sYLZiu9r5E43kMlt9f8
108,"Just Hold On","Steve Aoki",369798,https://open.spotify.com/track/3EmmCZoqpWOTY1g2GBwJoR
109,"Stressed Out","Twenty One Pilots",369220,https://open.spotify.com/track/3CRDbSIZ4r5MsZ0YwxuEkn
110,"Estaca Zero","Luan Santana",363053,https://open.spotify.com/track/5OZqnhkGUxuSuW2P7CzH7y
111,"CAN'T STOP THE FEELING! (Original Song from DreamWorks Animation's ""TROLLS"")","Justin Timberlake",362815,https://open.spotify.com/track/6JV2JOEocMgcZxYSZelKcc
112,"Você Merece Cachê - Ao Vivo","Israel Novaes",362569,https://open.spotify.com/track/1ypcU9264wnBwPvmrIy4fx
113,"Deixa a Gente Quieto - Ao Vivo","João Bosco & Vinicius",362450,https://open.spotify.com/track/4PNi30UilK0CZi2z9wegMQ
114,"My Way","Calvin Harris",360991,https://open.spotify.com/track/1vvNmPOiUuyCbgWmtc6yfm
115,Issues,"Julia Michaels",360588,https://open.spotify.com/track/1sXUWdKx03aP9Gmzft58rt
116,"Todo Dia","Pabllo Vittar",359064,https://open.spotify.com/track/3iDY4SzUHPkC3WTXpfxXJG
117,"Ela Só Quer Paz",Projota,355196,https://open.spotify.com/track/3mTUqLbtWm2DAEwvQTyu4d
118,"Remexe mexe",Delano,353960,https://open.spotify.com/track/3E9s5Feisg3xmzzAHdq4aa
119,"Cheap Thrills",Sia,352888,https://open.spotify.com/track/27SdWb2rFzO6GWiYDBTD9j
120,"Louca de Saudade - Ao Vivo","Jorge & Mateus",349642,https://open.spotify.com/track/2InJDvDcA4RXEeA9njdibl
121,"24K Magic","Bruno Mars",349412,https://open.spotify.com/track/6b8Be6ljOzmkOmFslEb23P
122,"Xanaína / Boga na Linguiça / Vem Cá Xaninha","MC Lan",348748,https://open.spotify.com/track/5E7ZTCsfsWr1Jlr6VK1AHu
123,"Love Yourself","Justin Bieber",345639,https://open.spotify.com/track/3hB5DgAiMAQ4DzYbsMq1IT
124,"Run Up (feat. PARTYNEXTDOOR & Nicki Minaj)","Major Lazer",343784,https://open.spotify.com/track/0fg8CqpjdojMyXLNzM2PaJ
125,Photograph,"Ed Sheeran",343174,https://open.spotify.com/track/6fxVffaTuwjgEk5h9QyRjy
126,"LOYALTY. FEAT. RIHANNA.","Kendrick Lamar",340560,https://open.spotify.com/track/6SwRhMLwNqEi6alNPVG00n
127,"Sorte Que Cê Beija Bem - Ao Vivo","Maiara & Maraisa",339298,https://open.spotify.com/track/4YV827A7aWVswtyt0eWoWM
128,Turutum,"MC Kevinho",337992,https://open.spotify.com/track/3pM81OKNrV6d2zJb76nQ6M
129,"Flor e o Beija-Flor - Ao Vivo","Henrique & Juliano",335810,https://open.spotify.com/track/0phVJ23NJlruwtt1XCm94N
130,"Million Reasons","Lady Gaga",335790,https://open.spotify.com/track/50PWlIBU7PlGGwzgN8TiFJ
131,"Mask Off",Future,334361,https://open.spotify.com/track/3rOSwuTsUlJp0Pu0MkN8r8
132,"We Don't Talk Anymore (feat. Selena Gomez)","Charlie Puth",331942,https://open.spotify.com/track/68EMU2RD1ECNeOeJ5qAXCV
133,"Solo Dance","Martin Jensen",330317,https://open.spotify.com/track/6HUnnBwYZqcED1eQztxMBN
134,"Chave Cópia - Ao Vivo","Felipe Araújo",326344,https://open.spotify.com/track/0YK4RDyccDYO5aWQGKMZ2h
135,"Elas Gostam","MC Kevinho",325753,https://open.spotify.com/track/5j0tH4MzB4QyJLX8Ys9ofG
136,Touch,"Little Mix",325635,https://open.spotify.com/track/5Ua3GXyHwiSfpNTMjq6m2z
137,"This Is What You Came For","Calvin Harris",323415,https://open.spotify.com/track/0azC730Exh71aQlOt9Zj3y
138,"O Mar Parou","Michel Teló",322185,https://open.spotify.com/track/5NH1hgZbrQGXMMZKcBQV3l
139,"I Took A Pill In Ibiza - Seeb Remix","Mike Posner",322096,https://open.spotify.com/track/17Fd6Yb7mSbinKG8LoWfFl
140,"Você Foi Diferente","MC G15",321380,https://open.spotify.com/track/716p41p4BQQuUMgOP8ucpF
141,"Regime Fechado - Ao Vivo","Simone & Simaria",318462,https://open.spotify.com/track/6UZJOc2HBrTp9DYfir9N8n
142,"Minha Ex","MC Bin Laden",316947,https://open.spotify.com/track/7syZTLPzfZN9rYbQBtYmVB
143,"Eu, Você, O Mar e Ela","Luan Santana",316246,https://open.spotify.com/track/000xYdQfIZ4pDmBGzQalKU
144,"Castle on the Hill","Ed Sheeran",313970,https://open.spotify.com/track/6PCUP3dWmTjcTtXY02oFdT
145,"Living On The Outside","Bruno Martini",310087,https://open.spotify.com/track/75r8bI2MTVDwgIKJplD5LS
146,"Vish, Aff, Putz, Nossa","Pedro Paulo & Alex",309359,https://open.spotify.com/track/4RiawNnc4pew07pvV69ksg
147,"Pé Direito","Mc Davi",305230,https://open.spotify.com/track/6V3J5pbU5yBvB5zxPSyP5v
148,"Love On The Brain",Rihanna,305138,https://open.spotify.com/track/2aksifNn5ph8igDOkPBA02
149,"Cheia de Marra","Mc Livinho",304856,https://open.spotify.com/track/4gvePWCd0GfkC40QshflUy
150,"Amante Não Tem Lar - Ao Vivo","Marília Mendonça",304520,https://open.spotify.com/track/1t0EUDKUR1F5911t7eh3Wi
151,Everyday,"Ariana Grande",304515,https://open.spotify.com/track/3FiE2d325mIOc4YjkSLVJR
152,"No Promises (feat. Demi Lovato)","Cheat Codes",302382,https://open.spotify.com/track/1louJpMmzEicAn7lzDalPW
153,"50 Reais","Naiara Azevedo",302295,https://open.spotify.com/track/2DAGCHu5aoo2FOjmtU9ojo
154,"Sou eu",Ludmilla,301463,https://open.spotify.com/track/1Tn0msQvQMbD6woO9VnEG3
155,Weak,AJR,295856,https://open.spotify.com/track/3E2Zh20GDCR9B1EYjfXWyv
156,"Sosseguei - Ao Vivo","Jorge & Mateus",295660,https://open.spotify.com/track/1xFgXCY8Zvo76gHg4RgUaU
157,"De Tanto Te Querer - Ao Vivo","Jorge & Mateus",295502,https://open.spotify.com/track/3HrvG1d9OZpg6eV4A1dcSk
158,"Say You Won't Let Go","James Arthur",292812,https://open.spotify.com/track/5uCax9HTNlzGybIStD3vDh
159,"Our Way",FTampa,292475,https://open.spotify.com/track/7hA7pMp2Vr1OCC4sWYwaMG
160,"Work from Home","Fifth Harmony",291022,https://open.spotify.com/track/4tCtwWceOPWzenK2HAIJSb
161,"Solteiro Apaixonado","Marcos & Belutti",290755,https://open.spotify.com/track/1n8MLpbFR0fuCjNnlyuHxS
162,"Shed a Light","Robin Schulz",290457,https://open.spotify.com/track/1cG0umU5TKStygKsPFZ9pY
163,"Mordida, Beijo e Tapa","Naiara Azevedo",285025,https://open.spotify.com/track/5mR5GuercvLXgx4TPnGl9k
164,"Até Você Voltar","Henrique & Juliano",283132,https://open.spotify.com/track/4ksSf8cL3VlUvQSkFcRHy3
165,Slide,"Calvin Harris",282473,https://open.spotify.com/track/7tr2za8SQg2CI8EDgrdtNl
166,"Cake By The Ocean",DNCE,282031,https://open.spotify.com/track/2aFiaMXmWsM3Vj72F9ksBl
167,Cheguei,Ludmilla,281219,https://open.spotify.com/track/6cbZb9mVAc5s8HtwklLoI0
168,"Me Espera",Sandy,281172,https://open.spotify.com/track/4xHkRNzzHtj3O3Z1pjYWRC
169,"Me & You (feat. IRO)",Alok,281036,https://open.spotify.com/track/2WTCoQLkQ9FPdvThkf8nN1
170,"Seu Polícia - Ao Vivo","Zé Neto & Cristiano",279645,https://open.spotify.com/track/7CmuLM2vfzA78iHeqastoP
171,"I Got You","Bebe Rexha",277848,https://open.spotify.com/track/1FUViuNSldssMIawrOXF2i
172,"Antídoto - Ao Vivo","Matheus & Kauan",277273,https://open.spotify.com/track/2dvyNlZ8jkLq4DMzVVyXQH
173,"Fumaça Ninja - Ao Vivo","Henrique & Diego",276661,https://open.spotify.com/track/2uZXycmB2DFpJTNl6qmeF4
174,"De Buenas","Lucas Lucco",276519,https://open.spotify.com/track/4NpFX0f0GfJgy92c9ypVxk
175,Heathens,"Twenty One Pilots",275999,https://open.spotify.com/track/6i0V12jOa3mr6uu4WYhUBr
176,"Parece Piada - Ao Vivo","Henrique & Juliano",275533,https://open.spotify.com/track/3cS6YsU197mrdPTyR7nbp7
177,"i hate u, i love u (feat. olivia o'brien)",gnash,274227,https://open.spotify.com/track/7vRriwrloYVaoAe3a9wJHe
178,"Bumbum Granada","Mc's Zaac & Jerry Smith",271176,https://open.spotify.com/track/4SCH5CuivFcShLpTg8lYOf
179,"Made In Roça",Loubet,270937,https://open.spotify.com/track/7clSIA4MRU6LJAoCWWEiuy
180,Starving,"Hailee Steinfeld",268302,https://open.spotify.com/track/1qOLh0tI7trd1zdDKxYZTe
181,"A Gente Tá Se Amando - Ao Vivo","Henrique & Diego",268264,https://open.spotify.com/track/3DxMZGUDd6e3I37WM7IaMK
182,Stitches,"Shawn Mendes",265875,https://open.spotify.com/track/1WP1r7fuvRqZRnUaTi2I1Q
183,"SUBEME LA RADIO","Enrique Iglesias",265319,https://open.spotify.com/track/7nKBxz47S9SD79N086fuhn
184,"Scars To Your Beautiful","Alessia Cara",262301,https://open.spotify.com/track/0prNGof3XqfTvNDxHonvdK
185,"Do I Wanna Know?","Arctic Monkeys",261774,https://open.spotify.com/track/3rq5w4bQGigXOfdN30ATJt
186,Faded,"Alan Walker",260626,https://open.spotify.com/track/7gHs73wELdeycvS48JfIos
187,"Que Sorte A Nossa - Live","Matheus & Kauan",260043,https://open.spotify.com/track/4rWCLK8mfQ6JpArmgIT8aK
188,"Water Under the Bridge",Adele,260013,https://open.spotify.com/track/4vb4mFvYsr2h6enhjJsq9Y
189,"Grave Faz Bum","MC WM",257481,https://open.spotify.com/track/0tnkjhlQ1mBg8s5guCo9fs
190,"The One","The Chainsmokers",255862,https://open.spotify.com/track/0wfbD5rAksdXUzRvMfM3x5
191,"Good Life (with G-Eazy & Kehlani)",G-Eazy,254794,https://open.spotify.com/track/1Eck97uRMlprKOOJN9oO1E
192,"Minha Felicidade","Roberta Campos",254014,https://open.spotify.com/track/6vARbzVXg90V8fYmgks5u3
193,"Ressaca de Saudade","Wesley Safadão",253169,https://open.spotify.com/track/5x2x2j2s1wuQu9qlwL1Gmi
194,"Tudo de Bom","Mc Livinho",251986,https://open.spotify.com/track/5XRtwljsug3r3XOBy9Bndu
195,"Call On Me - Ryan Riback Extended Remix",Starley,250812,https://open.spotify.com/track/78rIJddV4X0HkNAInEcYde
196,"Impasse - Ao Vivo","Marília Mendonça",250572,https://open.spotify.com/track/5s2ydrmJOiPeZGx4S4X8Aw
197,"Amei Te Ver","Tiago Iorc",248014,https://open.spotify.com/track/4owo0j5bw45IqiHxsTzcd6
198,Perfect,"Ed Sheeran",245916,https://open.spotify.com/track/0tgVpDi06FyKpA1z0VMD4v
199,PILLOWTALK,ZAYN,244933,https://open.spotify.com/track/0PDUDa38GO8lMxLCRc4lL1
200,Work,Rihanna,244888,https://open.spotify.com/track/14WWzenpaEgQZlqPq2nk4v
