Position,"Track Name",Artist,Streams,URL
1,"Shape of You","Ed Sheeran",2711046,https://open.spotify.com/track/7qiZfU4dY1lWllzX7mPBI3
2,"Você Partiu Meu Coração","Nego do Borel",2180943,https://open.spotify.com/track/0u8aj0c4IxeVSLTUuuq9V5
3,"Hear Me Now",Alok,1785801,https://open.spotify.com/track/1a5Yu5L18qNxVhXx38njON
4,Loka,"Simone & Simaria",1694484,https://open.spotify.com/track/257tme6AhneIKAqVF1HTH4
5,"Vidinha de Balada - Ao Vivo","Henrique & Juliano",1550773,https://open.spotify.com/track/4FHw39Ke6pVt5tNKvLr4r3
6,"Olha a Explosão","MC Kevinho",1504924,https://open.spotify.com/track/6m2LNopVJKsvBB9l7Z1rwn
7,"Te Assumi Pro Brasil - Ao Vivo","Matheus & Kauan",1488152,https://open.spotify.com/track/2d3TbSkAscvT3QRQalq6uT
8,"Acordando o Prédio","Luan Santana",1321329,https://open.spotify.com/track/40bK2uosUmAS92c17n98xd
9,"Malbec (Part. Dennis Dj) - Ao Vivo","Henrique & Diego",1132559,https://open.spotify.com/track/5SnQDj5REQVvAdSlhqkEcE
10,"Something Just Like This","The Chainsmokers",1105382,https://open.spotify.com/track/6RUKPb4LETWmmr3iAEQktW
11,"E Essa Boca Aí? - Ao Vivo","Bruninho & Davi",1034982,https://open.spotify.com/track/6vve9WKW5I7fQzkU8dNsUE
12,"Deu Onda","MC G15",999655,https://open.spotify.com/track/0EPxmvsG1BY5td4aTOkWBF
13,"It Ain't Me (with Selena Gomez)",Kygo,983043,https://open.spotify.com/track/3eR23VReFzcdmS7TYCrhCe
14,"I Don’t Wanna Live Forever (Fifty Shades Darker) - From ""Fifty Shades Darker (Original Motion Picture Soundtrack)""",ZAYN,982854,https://open.spotify.com/track/3NdDpSvN911VPGivFlV5d0
15,"Eu Sei de Cor - Ao Vivo | Acústico","Marília Mendonça",968686,https://open.spotify.com/track/45wqPwIH4A5cr2IyyD4WKf
16,"Paredes - Ao Vivo","Jorge & Mateus",964626,https://open.spotify.com/track/2GfxgssRHvY1azHtaRqKoK
17,"Ninguém É de Ferro","Wesley Safadão",963583,https://open.spotify.com/track/1e315r3zQjsng2z952ePQ1
18,"Chained To The Rhythm","Katy Perry",936278,https://open.spotify.com/track/6520aj0B4FSKGVuKNsOCOi
19,Starboy,"The Weeknd",924082,https://open.spotify.com/track/5aAx2yezTd8zXrkmtKl66Z
20,"Meu Coração Deu PT - Ao Vivo","Wesley Safadão",892110,https://open.spotify.com/track/6zCqeUUqLb2CapBmVwAHll
21,Fuego,Alok,889078,https://open.spotify.com/track/61GiOLLEn0LcavpVu1my6Q
22,"10% - Ao Vivo","Maiara & Maraisa",886544,https://open.spotify.com/track/2wFnRPjuqwNySFiK0Qfg8L
23,"Decide Aí - Na Praia / Ao Vivo","Matheus & Kauan",885905,https://open.spotify.com/track/0jIitZeIQRTaZgFQf2WpGK
24,"De Quem É a Culpa? - Ao Vivo","Marília Mendonça",883082,https://open.spotify.com/track/4YhPcVIxIAJrLhFVPGbJkE
25,Closer,"The Chainsmokers",851670,https://open.spotify.com/track/7BKLCZ1jbUBVqRi2FVlTVw
26,"Medo Bobo - Ao Vivo","Maiara & Maraisa",849040,https://open.spotify.com/track/2CW04trIoYMbroZWDzPAjs
27,"Qual Bumbum Mais Bate, Qual Bumbum Mais Pula","MC WM",845028,https://open.spotify.com/track/4eZg3l8x5aMvgwsRHcZuIC
28,"Como Faz Com Ela - Ao Vivo","Marília Mendonça",838690,https://open.spotify.com/track/2Gvn46nwyQhUnQiFhlP7WX
29,"Oh Novinha","Mc Don Juan",837307,https://open.spotify.com/track/2PS6YQ9jMpm0uCg4sQ1ygm
30,Paris,"The Chainsmokers",818472,https://open.spotify.com/track/72jbDTw1piOOj770jWNeaG
31,"Se o Amor Tiver Lugar","Jorge & Mateus",804244,https://open.spotify.com/track/4sFVdIwmVj2y87qqOWwSU3
32,Chantaje,Shakira,787922,https://open.spotify.com/track/6mICuAdrwEjh6Y6lroV2Kg
33,Cold,"Maroon 5",782444,https://open.spotify.com/track/5NNlUMcOEOdoOIwwaWXv0k
34,"Sim ou não (Participação especial Maluma)",Anitta,759096,https://open.spotify.com/track/4FxumkF81ICxITeqxx4nK9
35,"Quem Mando Tu Terminar? (To Bonito To Né?)","MC Kekel",756483,https://open.spotify.com/track/56gpstNB96id9ngmImIkaH
36,Tumbalatum,"MC Kevinho",756399,https://open.spotify.com/track/4aAq1afusFG6jRiOSHQZvN
37,"Homem de Família - Ao Vivo","Gusttavo Lima",748834,https://open.spotify.com/track/12wiyBZqQ3mOU7AfygXJCw
38,Believer,"Imagine Dragons",744897,https://open.spotify.com/track/0CcQNd8CINkwQfe1RDtGV6
39,"Green Light",Lorde,742553,https://open.spotify.com/track/0gbBzIqrECJOEPvQJIBFs5
40,"Pra Sempre Com Você - Ao Vivo","Jorge & Mateus",740366,https://open.spotify.com/track/2KGv51jgAz8OTjNPyRryfq
41,"Let Me Love You","DJ Snake",739442,https://open.spotify.com/track/4pdPtRcBmOSQDlJ3Fk945m
42,"Galway Girl","Ed Sheeran",702652,https://open.spotify.com/track/0afhq8XCExXpqazXczTSve
43,Partiu,"MC Kekel",688950,https://open.spotify.com/track/1LTxGBL6yKtfmW3K8EvbSY
44,"Como É Que a Gente Fica - Ao Vivo","Henrique & Juliano",684542,https://open.spotify.com/track/41mt7YrfLrIc4EQJZFCJtw
45,"Trevo (Tu)",Anavitória,676230,https://open.spotify.com/track/6bgQIw80xWC3MPZX4kVYGw
46,"O Nosso Santo Bateu - Na Praia / Ao Vivo","Matheus & Kauan",670767,https://open.spotify.com/track/6SwI4OplF8m5NH8wHKIps8
47,"Rockabye (feat. Sean Paul & Anne-Marie)","Clean Bandit",669393,https://open.spotify.com/track/5knuzwU65gJK7IF5yJsuaW
48,"Scared to Be Lonely","Martin Garrix",657588,https://open.spotify.com/track/3ebXMykcMXOcLeJ9xZ17XH
49,"Side To Side","Ariana Grande",654363,https://open.spotify.com/track/4pLwZjInHj3SimIyN9SnOz
50,"O Verão Está Chegando","Mc Davi",601174,https://open.spotify.com/track/4jswhbcaGqFe8v5uSHlqyb
51,"Na Hora da Raiva - Ao Vivo","Henrique & Juliano",585748,https://open.spotify.com/track/0Zu7NVn4IvfYuEIrD11UVr
52,"Despacito (Featuring Daddy Yankee)","Luis Fonsi",582870,https://open.spotify.com/track/4aWmUDTfIPGksMNLV2rQP2
53,"Stay (with Alessia Cara)",Zedd,580298,https://open.spotify.com/track/0dA2Mk56wEzDgegdC6R17g
54,"Papel Amassado - Ao Vivo","Matheus & Kauan",575385,https://open.spotify.com/track/2lLOaRPi8yQxQ8BlFZBLOl
55,"Castle on the Hill","Ed Sheeran",571498,https://open.spotify.com/track/6PCUP3dWmTjcTtXY02oFdT
56,"That's What I Like","Bruno Mars",556704,https://open.spotify.com/track/0KKkJNfGyhkQ5aFogxQAPU
57,"Infiel - Ao Vivo","Marília Mendonça",555859,https://open.spotify.com/track/38MpAndIjGAyVdcC6npX95
58,"Ou Some Ou Soma - Ao Vivo","Jorge & Mateus",534645,https://open.spotify.com/track/3dRBzTOu9polrH9U6Vh2zw
59,"Do Teto Ao Chão - Ao Vivo","Matheus & Kauan",532596,https://open.spotify.com/track/5bm2GTEiU87Z95jX03y2Qk
60,"Todo Dia","Pabllo Vittar",532435,https://open.spotify.com/track/3iDY4SzUHPkC3WTXpfxXJG
61,"I Feel It Coming","The Weeknd",526311,https://open.spotify.com/track/5GXAXm5YOmYT0kL5jHvYBt
62,"Don't Wanna Know","Maroon 5",525144,https://open.spotify.com/track/5MFzQMkrl1FOOng9tq6R9r
63,"A Nossa Praia - Ao Vivo","Matheus & Kauan",521707,https://open.spotify.com/track/4BQMlG5VKApk9AdIsjxDqx
64,"Eu, Você, O Mar e Ela","Luan Santana",515694,https://open.spotify.com/track/000xYdQfIZ4pDmBGzQalKU
65,"Nada Nada - Ao Vivo","Henrique & Juliano",508496,https://open.spotify.com/track/0GR7ZABhVF9GbxghIx2RRv
66,"Ciumento Eu - Ao Vivo","Henrique & Diego",499836,https://open.spotify.com/track/3LFG5DqNQRK0yL6WNMw99P
67,"Oh Meu Deus",Projota,493369,https://open.spotify.com/track/6TmmyW0fR8mo3ACj07lGmO
68,"Regime Fechado - Ao Vivo","Simone & Simaria",490757,https://open.spotify.com/track/6UZJOc2HBrTp9DYfir9N8n
69,Mercy,"Shawn Mendes",488547,https://open.spotify.com/track/4TZy1wLyHec06pwgFYDh1a
70,Singular,Anavitória,486706,https://open.spotify.com/track/3eGK0WFi6ISJ9UZA6Za4HX
71,"Louca de Saudade - Ao Vivo","Jorge & Mateus",484482,https://open.spotify.com/track/2InJDvDcA4RXEeA9njdibl
72,"Cold Water (feat. Justin Bieber & MØ)","Major Lazer",483872,https://open.spotify.com/track/6DNtNfH8hXkqOX1sjqmI7p
73,"My Way","Calvin Harris",480281,https://open.spotify.com/track/1vvNmPOiUuyCbgWmtc6yfm
74,"Exclusividade - Ao Vivo","Matheus & Kauan",479012,https://open.spotify.com/track/1Bq86AS6wf5a5cEB8CM6dZ
75,"Suíte 14 - Ao Vivo","Henrique & Diego",478900,https://open.spotify.com/track/4lbPwb1Beo7JU2VwuJRTeR
76,"A Mala É Falsa - Ao Vivo","Felipe Araújo",478876,https://open.spotify.com/track/6BPt2sVRvE41rUixcCAHY6
77,"Eu Sei de Cor - Ao Vivo","Marília Mendonça",478540,https://open.spotify.com/track/4SjkLzyFBVXaxuB6SbJyJN
78,"One Dance",Drake,478399,https://open.spotify.com/track/1xznGGDReH1oQq0xzbwXa3
79,"Flor e o Beija-Flor - Ao Vivo","Henrique & Juliano",476498,https://open.spotify.com/track/0phVJ23NJlruwtt1XCm94N
80,"Ela Só Quer Paz",Projota,473438,https://open.spotify.com/track/3mTUqLbtWm2DAEwvQTyu4d
81,"50 Reais","Naiara Azevedo",470357,https://open.spotify.com/track/2DAGCHu5aoo2FOjmtU9ojo
82,Turutum,"MC Kevinho",469397,https://open.spotify.com/track/3pM81OKNrV6d2zJb76nQ6M
83,"24K Magic","Bruno Mars",468295,https://open.spotify.com/track/6b8Be6ljOzmkOmFslEb23P
84,"Estaca Zero","Luan Santana",467865,https://open.spotify.com/track/5OZqnhkGUxuSuW2P7CzH7y
85,"Just Hold On","Steve Aoki",467849,https://open.spotify.com/track/3EmmCZoqpWOTY1g2GBwJoR
86,"Oitava Dose - Ao Vivo","Matheus & Kauan",465183,https://open.spotify.com/track/5kXgLlxHMv3aP7xLxMrjiV
87,"Vai Embrazando","Mc Zaac",464347,https://open.spotify.com/track/1zhfU6YXa2pXUAQdG1NvBZ
88,"Agora Eu Quero Ir",Anavitória,463917,https://open.spotify.com/track/2yGnStdGP0V45lPXAJpmDb
89,"Você Merece Cachê - Ao Vivo","Israel Novaes",455779,https://open.spotify.com/track/1ypcU9264wnBwPvmrIy4fx
90,"Sou eu",Ludmilla,454204,https://open.spotify.com/track/1Tn0msQvQMbD6woO9VnEG3
91,Perfect,"Ed Sheeran",450498,https://open.spotify.com/track/0tgVpDi06FyKpA1z0VMD4v
92,"Ficadinha - Ao Vivo","Henrique & Diego",449739,https://open.spotify.com/track/5Bc53chGSf3AoJRbB5mzR6
93,"CAN'T STOP THE FEELING! (Original Song from DreamWorks Animation's ""TROLLS"")","Justin Timberlake",446420,https://open.spotify.com/track/6JV2JOEocMgcZxYSZelKcc
94,Raplord,Haikaiss,443334,https://open.spotify.com/track/3YSagrvQP9x32rAjEI48PL
95,"Vou Voando - Ao Vivo","Jorge & Mateus",443159,https://open.spotify.com/track/1WCn5QBp0Kl9uHrR0J02GS
96,"Até Ex Duvida - Ao Vivo","Day e Lara",435447,https://open.spotify.com/track/3twpVbHfTCpgHNlStxfpzx
97,"Our Way",FTampa,431740,https://open.spotify.com/track/7hA7pMp2Vr1OCC4sWYwaMG
98,"Don't Let Me Down","The Chainsmokers",430396,https://open.spotify.com/track/0QsvXIfqM0zZoerQfsI9lm
99,"Que Sorte A Nossa - Live","Matheus & Kauan",429086,https://open.spotify.com/track/4rWCLK8mfQ6JpArmgIT8aK
100,"Me & You (feat. IRO)",Alok,423227,https://open.spotify.com/track/2WTCoQLkQ9FPdvThkf8nN1
101,"Elas Gostam","MC Kevinho",419147,https://open.spotify.com/track/5j0tH4MzB4QyJLX8Ys9ofG
102,"In the Name of Love","Martin Garrix",417477,https://open.spotify.com/track/04DwTuZ2VBdJCCC5TROn7L
103,"Pé Direito","Mc Davi",414915,https://open.spotify.com/track/6V3J5pbU5yBvB5zxPSyP5v
104,"Deixa a Gente Quieto - Ao Vivo","João Bosco & Vinicius",412490,https://open.spotify.com/track/4PNi30UilK0CZi2z9wegMQ
105,"Treat You Better","Shawn Mendes",411818,https://open.spotify.com/track/4Hf7WnR761jpxPr5D46Bcd
106,"Remexe mexe",Delano,409553,https://open.spotify.com/track/3E9s5Feisg3xmzzAHdq4aa
107,Automaticamente,"Mc Léléto",408951,https://open.spotify.com/track/6AaoEX192rJ6o3UFwG43sV
108,"Sosseguei - Ao Vivo","Jorge & Mateus",407711,https://open.spotify.com/track/1xFgXCY8Zvo76gHg4RgUaU
109,"This Girl (Kungs Vs. Cookin' On 3 Burners) - Kungs Vs. Cookin' On 3 Burners",Kungs,404900,https://open.spotify.com/track/0tICYNayWWhH9GPeFrfjfD
110,"Parece Piada - Ao Vivo","Henrique & Juliano",400653,https://open.spotify.com/track/3cS6YsU197mrdPTyR7nbp7
111,"Cheia de Marra","Mc Livinho",400500,https://open.spotify.com/track/4gvePWCd0GfkC40QshflUy
112,"Raspão - Ao Vivo","Henrique & Diego",398274,https://open.spotify.com/track/6gquljDBW7rE6mCBzmTRxo
113,Dive,"Ed Sheeran",389908,https://open.spotify.com/track/51ChrwmUPDJvedPQnIU8Ls
114,"Seu Polícia - Ao Vivo","Zé Neto & Cristiano",388510,https://open.spotify.com/track/7CmuLM2vfzA78iHeqastoP
115,"We Don't Talk Anymore (feat. Selena Gomez)","Charlie Puth",386495,https://open.spotify.com/track/68EMU2RD1ECNeOeJ5qAXCV
116,"Run Up (feat. PARTYNEXTDOOR & Nicki Minaj)","Major Lazer",385634,https://open.spotify.com/track/0fg8CqpjdojMyXLNzM2PaJ
117,"Cheap Thrills",Sia,383982,https://open.spotify.com/track/27SdWb2rFzO6GWiYDBTD9j
118,"Na Ponta Ela Fica",Delano,382331,https://open.spotify.com/track/1OtZIaJBXo3Pe6nfaMsjKT
119,"Stressed Out","Twenty One Pilots",380754,https://open.spotify.com/track/3CRDbSIZ4r5MsZ0YwxuEkn
120,Sorry,"Justin Bieber",367022,https://open.spotify.com/track/69bp2EbF7Q2rqc5N3ylezZ
121,"Amante Não Tem Lar - Ao Vivo","Marília Mendonça",365555,https://open.spotify.com/track/1t0EUDKUR1F5911t7eh3Wi
122,Passionfruit,Drake,364435,https://open.spotify.com/track/7hDc8b7IXETo14hHIHdnhd
123,"Não Me Deixe Sozinho","Nego do Borel",363523,https://open.spotify.com/track/0gNxi721t2RcPt5LdWGfpb
124,Weak,AJR,362594,https://open.spotify.com/track/3E2Zh20GDCR9B1EYjfXWyv
125,"I Got You","Bebe Rexha",359074,https://open.spotify.com/track/1FUViuNSldssMIawrOXF2i
126,"Amei Te Ver","Tiago Iorc",356418,https://open.spotify.com/track/4owo0j5bw45IqiHxsTzcd6
127,"This Is What You Came For","Calvin Harris",355811,https://open.spotify.com/track/0azC730Exh71aQlOt9Zj3y
128,Malandramente,"Dennis DJ",355795,https://open.spotify.com/track/7DRP2VOMpy1rrk3iYFLCW9
129,"De Buenas","Lucas Lucco",353827,https://open.spotify.com/track/4NpFX0f0GfJgy92c9ypVxk
130,"Say You Won't Let Go","James Arthur",353306,https://open.spotify.com/track/5uCax9HTNlzGybIStD3vDh
131,"A Rosa E O Beija-Flor - Na Praia / Ao Vivo","Matheus & Kauan",349109,https://open.spotify.com/track/4GQVVsUnMbZeKIx9vguKlg
132,"I Took A Pill In Ibiza - Seeb Remix","Mike Posner",348754,https://open.spotify.com/track/17Fd6Yb7mSbinKG8LoWfFl
133,Happier,"Ed Sheeran",347554,https://open.spotify.com/track/2RttW7RAu5nOAfq6YFvApB
134,"Duvido Você Não Tomar Uma - Ao Vivo","Simone & Simaria",347472,https://open.spotify.com/track/6S8yTw0KfidwuAq5Y6Bygj
135,Issues,"Julia Michaels",347413,https://open.spotify.com/track/1sXUWdKx03aP9Gmzft58rt
136,Photograph,"Ed Sheeran",345921,https://open.spotify.com/track/6fxVffaTuwjgEk5h9QyRjy
137,"Bumbum Granada","Mc's Zaac & Jerry Smith",345410,https://open.spotify.com/track/4SCH5CuivFcShLpTg8lYOf
138,"Tudo de Bom","Mc Livinho",345378,https://open.spotify.com/track/5XRtwljsug3r3XOBy9Bndu
139,"All I Want (feat. Stonefox) - Edit",Alok,345081,https://open.spotify.com/track/5mWbOKfRxcS5iv32amTHPe
140,"Solteiro de Novo - Ao Vivo","Wesley Safadão",343510,https://open.spotify.com/track/0Or4rCFurYpUxYh0bbpxRY
141,"De Tanto Te Querer - Ao Vivo","Jorge & Mateus",340477,https://open.spotify.com/track/3HrvG1d9OZpg6eV4A1dcSk
142,"Impasse - Ao Vivo","Marília Mendonça",339087,https://open.spotify.com/track/5s2ydrmJOiPeZGx4S4X8Aw
143,"Fake Love",Drake,338124,https://open.spotify.com/track/343YBumqHu19cGoGARUTsd
144,"O Que Falta Em Você Sou Eu - Ao Vivo","Marília Mendonça",336634,https://open.spotify.com/track/3XSefjiSHsD34F7clH84xa
145,"Você Foi Diferente","MC G15",333285,https://open.spotify.com/track/716p41p4BQQuUMgOP8ucpF
146,Bom,Ludmilla,331108,https://open.spotify.com/track/25SL3ZSbEGtu4oU14xllMQ
147,"Shed a Light","Robin Schulz",330536,https://open.spotify.com/track/1cG0umU5TKStygKsPFZ9pY
148,"Me Espera",Sandy,330466,https://open.spotify.com/track/4xHkRNzzHtj3O3Z1pjYWRC
149,"Work from Home","Fifth Harmony",327636,https://open.spotify.com/track/4tCtwWceOPWzenK2HAIJSb
150,"Essa mina é louca (Participação especial Jhama)",Anitta,327231,https://open.spotify.com/track/5Bn6W4bwH7Bw5nMvn8V4xF
151,"Nada Bom II","Costa Gold",326933,https://open.spotify.com/track/0Mh4id8WvrTFOB9RiVitrB
152,"Million Reasons","Lady Gaga",326058,https://open.spotify.com/track/50PWlIBU7PlGGwzgN8TiFJ
153,Fantasma,"Luan Santana",320493,https://open.spotify.com/track/5Nw3HvX6k8cB7NjEkqJkij
154,"Hymn For The Weekend - Seeb Remix",Coldplay,320155,https://open.spotify.com/track/1OAiWI2oPmglaOiv9fdioU
155,"Incerteza - Na Praia / Ao Vivo","Matheus & Kauan",319234,https://open.spotify.com/track/1FTsXXwai3jVXhBTLd4e4L
156,Slide,"Calvin Harris",319060,https://open.spotify.com/track/7tr2za8SQg2CI8EDgrdtNl
157,"Love Yourself","Justin Bieber",316899,https://open.spotify.com/track/3hB5DgAiMAQ4DzYbsMq1IT
158,"Quando O Mel É Bom - Ao Vivo","Simone & Simaria",314917,https://open.spotify.com/track/21j9YxYHSzrdcLBX3mb5UL
159,"Joga o Bum Bum Tamtam","MC Fioti",311509,https://open.spotify.com/track/7KBfjlQ85Fqs2MCCvXSW0c
160,"Minha Ex","MC Bin Laden",309930,https://open.spotify.com/track/7syZTLPzfZN9rYbQBtYmVB
161,Heathens,"Twenty One Pilots",309140,https://open.spotify.com/track/6i0V12jOa3mr6uu4WYhUBr
162,"Sentimento Louco - Ao Vivo","Marília Mendonça",306773,https://open.spotify.com/track/5YdC74tZejyq3vurDOLFYz
163,"Solo Dance","Martin Jensen",306308,https://open.spotify.com/track/6HUnnBwYZqcED1eQztxMBN
164,美女と野獣,"Ariana Grande",303617,https://open.spotify.com/track/1KT0xdIjm7t053xByACrrg
165,"Love On The Brain",Rihanna,301666,https://open.spotify.com/track/2aksifNn5ph8igDOkPBA02
166,Touch,"Little Mix",299569,https://open.spotify.com/track/5Ua3GXyHwiSfpNTMjq6m2z
167,"Free Smoke",Drake,299521,https://open.spotify.com/track/05KOgYg8PGeJyyWBPi5ja8
168,"Love Is All We Need",FTampa,297201,https://open.spotify.com/track/75pYvqSYv5xRux1fFiIFTn
169,"Você Faz Falta Aqui - Ao Vivo | Acústico","Maiara & Maraisa",295648,https://open.spotify.com/track/19Ggp86mkEnRw93u91IJPO
170,"Call On Me - Ryan Riback Extended Remix",Starley,294813,https://open.spotify.com/track/78rIJddV4X0HkNAInEcYde
171,"Water Under the Bridge",Adele,288405,https://open.spotify.com/track/4vb4mFvYsr2h6enhjJsq9Y
172,"Cake By The Ocean",DNCE,285854,https://open.spotify.com/track/2aFiaMXmWsM3Vj72F9ksBl
173,"Oitava Dose - Na Praia 2 / Ao Vivo","Matheus & Kauan",284330,https://open.spotify.com/track/43F1e4glaVnVe3DXOU3Xum
174,"That's My Girl","Fifth Harmony",279331,https://open.spotify.com/track/2ACOWPLUe4A4KuQ5ioD2od
175,Starving,"Hailee Steinfeld",278899,https://open.spotify.com/track/1qOLh0tI7trd1zdDKxYZTe
176,"Vish, Aff, Putz, Nossa","Pedro Paulo & Alex",278523,https://open.spotify.com/track/4RiawNnc4pew07pvV69ksg
177,"i hate u, i love u (feat. olivia o'brien)",gnash,275910,https://open.spotify.com/track/7vRriwrloYVaoAe3a9wJHe
178,"Do I Wanna Know?","Arctic Monkeys",272144,https://open.spotify.com/track/3rq5w4bQGigXOfdN30ATJt
179,"New Man","Ed Sheeran",269450,https://open.spotify.com/track/5HDPtsnyb3maFmPL8LLUTG
180,"Scars To Your Beautiful","Alessia Cara",267334,https://open.spotify.com/track/0prNGof3XqfTvNDxHonvdK
181,Work,Rihanna,264635,https://open.spotify.com/track/14WWzenpaEgQZlqPq2nk4v
182,Cheguei,Ludmilla,262872,https://open.spotify.com/track/6cbZb9mVAc5s8HtwklLoI0
183,"Send My Love (To Your New Lover)",Adele,262324,https://open.spotify.com/track/4BHzQ9C00ceJxfG16AlNWb
184,"What Do I Know?","Ed Sheeran",261742,https://open.spotify.com/track/2pJZ1v8HezrAoZ0Fhzby92
185,Ride,"Twenty One Pilots",260141,https://open.spotify.com/track/2Z8WuEywRWYTKe1NybPQEW
186,"I Would Like","Zara Larsson",258721,https://open.spotify.com/track/4Q4jmPHwu0wrJvqrld0FQ6
187,Faded,"Alan Walker",256254,https://open.spotify.com/track/7gHs73wELdeycvS48JfIos
188,"Minha Felicidade","Roberta Campos",255083,https://open.spotify.com/track/6vARbzVXg90V8fYmgks5u3
189,"Até Você Voltar","Henrique & Juliano",253354,https://open.spotify.com/track/4ksSf8cL3VlUvQSkFcRHy3
190,"Mordida, Beijo e Tapa","Naiara Azevedo",252213,https://open.spotify.com/track/5mR5GuercvLXgx4TPnGl9k
191,Stitches,"Shawn Mendes",250816,https://open.spotify.com/track/1WP1r7fuvRqZRnUaTi2I1Q
192,"Lean On (feat. MØ & DJ Snake)","Major Lazer",247266,https://open.spotify.com/track/4WjH9Bzt3kx7z8kl0awxh4
193,"Cool Girl","Tove Lo",245625,https://open.spotify.com/track/5dKyZWlgjWw1oJgLa4GCZD
194,"Tô Fazendo Amor","Lucas Lucco",242318,https://open.spotify.com/track/4wVFTbgMGuCij1F7568JRw
195,"Swalla (feat. Nicki Minaj & Ty Dolla $ign)","Jason Derulo",241496,https://open.spotify.com/track/6kex4EBAj0WHXDKZMEJaaF
196,"How Would You Feel (Paean)","Ed Sheeran",241198,https://open.spotify.com/track/6PJ8FF6UR8FZXfEvpHkIVN
197,Love,"Lana Del Rey",239519,https://open.spotify.com/track/0n2bvWvMwr0gbjcuTm92eW
198,"Antídoto - Ao Vivo","Matheus & Kauan",239296,https://open.spotify.com/track/2dvyNlZ8jkLq4DMzVVyXQH
199,"Made In Roça",Loubet,238759,https://open.spotify.com/track/7clSIA4MRU6LJAoCWWEiuy
200,"A Melhor do Baile","Dani Russo",238103,https://open.spotify.com/track/68Q9D9KyLkIIy6zCAj3w19
