Position,"Track Name",Artist,Streams,URL
1,"Deu Onda","MC G15",3477856,https://open.spotify.com/track/0EPxmvsG1BY5td4aTOkWBF
2,"Hear Me Now",Alok,2197452,https://open.spotify.com/track/1a5Yu5L18qNxVhXx38njON
3,"Shape of You","Ed Sheeran",2155439,https://open.spotify.com/track/7qiZfU4dY1lWllzX7mPBI3
4,Loka,"Simone & Simaria",1477181,https://open.spotify.com/track/257tme6AhneIKAqVF1HTH4
5,"Eu Sei de Cor - Ao Vivo | Acústico","Marília Mendonça",1462182,https://open.spotify.com/track/45wqPwIH4A5cr2IyyD4WKf
6,Closer,"The Chainsmokers",1433243,https://open.spotify.com/track/7BKLCZ1jbUBVqRi2FVlTVw
7,"Medo Bobo - Ao Vivo","Maiara & Maraisa",1362238,https://open.spotify.com/track/2CW04trIoYMbroZWDzPAjs
8,Starboy,"The Weeknd",1316002,https://open.spotify.com/track/5aAx2yezTd8zXrkmtKl66Z
9,"Te Assumi Pro Brasil - Ao Vivo","Matheus & Kauan",1266609,https://open.spotify.com/track/2d3TbSkAscvT3QRQalq6uT
10,"Meu Coração Deu PT - Ao Vivo","Wesley Safadão",1199990,https://open.spotify.com/track/6zCqeUUqLb2CapBmVwAHll
11,"10% - Ao Vivo","Maiara & Maraisa",1188120,https://open.spotify.com/track/2wFnRPjuqwNySFiK0Qfg8L
12,"Sim ou não (Participação especial Maluma)",Anitta,1147723,https://open.spotify.com/track/4FxumkF81ICxITeqxx4nK9
13,"Let Me Love You","DJ Snake",1139152,https://open.spotify.com/track/4pdPtRcBmOSQDlJ3Fk945m
14,"Cold Water (feat. Justin Bieber & MØ)","Major Lazer",1115103,https://open.spotify.com/track/6DNtNfH8hXkqOX1sjqmI7p
15,"Castle on the Hill","Ed Sheeran",1094642,https://open.spotify.com/track/6PCUP3dWmTjcTtXY02oFdT
16,"Decide Aí - Na Praia / Ao Vivo","Matheus & Kauan",1036138,https://open.spotify.com/track/0jIitZeIQRTaZgFQf2WpGK
17,"Don't Wanna Know","Maroon 5",1031723,https://open.spotify.com/track/5MFzQMkrl1FOOng9tq6R9r
18,"Infiel - Ao Vivo","Marília Mendonça",1005035,https://open.spotify.com/track/38MpAndIjGAyVdcC6npX95
19,"Eu, Você, O Mar e Ela","Luan Santana",997532,https://open.spotify.com/track/000xYdQfIZ4pDmBGzQalKU
20,"One Dance",Drake,979946,https://open.spotify.com/track/1xznGGDReH1oQq0xzbwXa3
21,"Side To Side","Ariana Grande",976866,https://open.spotify.com/track/4pLwZjInHj3SimIyN9SnOz
22,Chantaje,Shakira,964175,https://open.spotify.com/track/6mICuAdrwEjh6Y6lroV2Kg
23,"My Way","Calvin Harris",934485,https://open.spotify.com/track/1vvNmPOiUuyCbgWmtc6yfm
24,"Paredes - Ao Vivo","Jorge & Mateus",916579,https://open.spotify.com/track/2GfxgssRHvY1azHtaRqKoK
25,"E Essa Boca Aí? - Ao Vivo","Bruninho & Davi",902164,https://open.spotify.com/track/6vve9WKW5I7fQzkU8dNsUE
26,"Malbec (Part. Dennis Dj) - Ao Vivo","Henrique & Diego",901130,https://open.spotify.com/track/5SnQDj5REQVvAdSlhqkEcE
27,"50 Reais","Naiara Azevedo",888809,https://open.spotify.com/track/2DAGCHu5aoo2FOjmtU9ojo
28,"24K Magic","Bruno Mars",874036,https://open.spotify.com/track/6b8Be6ljOzmkOmFslEb23P
29,"Como Faz Com Ela - Ao Vivo","Marília Mendonça",866818,https://open.spotify.com/track/2Gvn46nwyQhUnQiFhlP7WX
30,"Rockabye (feat. Sean Paul & Anne-Marie)","Clean Bandit",845902,https://open.spotify.com/track/5knuzwU65gJK7IF5yJsuaW
31,"O Nosso Santo Bateu - Na Praia / Ao Vivo","Matheus & Kauan",841172,https://open.spotify.com/track/6SwI4OplF8m5NH8wHKIps8
32,"Homem de Família - Ao Vivo","Gusttavo Lima",837711,https://open.spotify.com/track/12wiyBZqQ3mOU7AfygXJCw
33,"Como É Que a Gente Fica - Ao Vivo","Henrique & Juliano",834913,https://open.spotify.com/track/41mt7YrfLrIc4EQJZFCJtw
34,Tumbalatum,"MC Kevinho",816193,https://open.spotify.com/track/4aAq1afusFG6jRiOSHQZvN
35,"I Don’t Wanna Live Forever (Fifty Shades Darker) - From ""Fifty Shades Darker (Original Motion Picture Soundtrack)""",ZAYN,806490,https://open.spotify.com/track/3NdDpSvN911VPGivFlV5d0
36,"Olha a Explosão","MC Kevinho",770080,https://open.spotify.com/track/6m2LNopVJKsvBB9l7Z1rwn
37,"Ou Some Ou Soma - Ao Vivo","Jorge & Mateus",748518,https://open.spotify.com/track/3dRBzTOu9polrH9U6Vh2zw
38,"Treat You Better","Shawn Mendes",745565,https://open.spotify.com/track/4Hf7WnR761jpxPr5D46Bcd
39,"Louca de Saudade - Ao Vivo","Jorge & Mateus",731899,https://open.spotify.com/track/2InJDvDcA4RXEeA9njdibl
40,"Just Hold On","Steve Aoki",731389,https://open.spotify.com/track/3EmmCZoqpWOTY1g2GBwJoR
41,"Cheap Thrills",Sia,729858,https://open.spotify.com/track/27SdWb2rFzO6GWiYDBTD9j
42,"In the Name of Love","Martin Garrix",724210,https://open.spotify.com/track/04DwTuZ2VBdJCCC5TROn7L
43,"Ela Só Quer Paz",Projota,711970,https://open.spotify.com/track/3mTUqLbtWm2DAEwvQTyu4d
44,"Sosseguei - Ao Vivo","Jorge & Mateus",702726,https://open.spotify.com/track/1xFgXCY8Zvo76gHg4RgUaU
45,"Don't Let Me Down","The Chainsmokers",695658,https://open.spotify.com/track/0QsvXIfqM0zZoerQfsI9lm
46,Sorry,"Justin Bieber",687954,https://open.spotify.com/track/69bp2EbF7Q2rqc5N3ylezZ
47,"Na Hora da Raiva - Ao Vivo","Henrique & Juliano",686037,https://open.spotify.com/track/0Zu7NVn4IvfYuEIrD11UVr
48,"Pra Sempre Com Você - Ao Vivo","Jorge & Mateus",664278,https://open.spotify.com/track/2KGv51jgAz8OTjNPyRryfq
49,"A Rosa E O Beija-Flor - Na Praia / Ao Vivo","Matheus & Kauan",653796,https://open.spotify.com/track/4GQVVsUnMbZeKIx9vguKlg
50,Malandramente,"Dennis DJ",639102,https://open.spotify.com/track/7DRP2VOMpy1rrk3iYFLCW9
51,Mercy,"Shawn Mendes",623177,https://open.spotify.com/track/4TZy1wLyHec06pwgFYDh1a
52,"I Took A Pill In Ibiza - Seeb Remix","Mike Posner",598649,https://open.spotify.com/track/17Fd6Yb7mSbinKG8LoWfFl
53,"Vou Voando - Ao Vivo","Jorge & Mateus",570379,https://open.spotify.com/track/1WCn5QBp0Kl9uHrR0J02GS
54,"Flor e o Beija-Flor - Ao Vivo","Henrique & Juliano",569092,https://open.spotify.com/track/0phVJ23NJlruwtt1XCm94N
55,"I Feel It Coming","The Weeknd",564294,https://open.spotify.com/track/5GXAXm5YOmYT0kL5jHvYBt
56,"Nada Nada - Ao Vivo","Henrique & Juliano",554019,https://open.spotify.com/track/0GR7ZABhVF9GbxghIx2RRv
57,"CAN'T STOP THE FEELING! (Original Song from DreamWorks Animation's ""TROLLS"")","Justin Timberlake",546205,https://open.spotify.com/track/6JV2JOEocMgcZxYSZelKcc
58,"Estaca Zero","Luan Santana",531291,https://open.spotify.com/track/5OZqnhkGUxuSuW2P7CzH7y
59,"This Is What You Came For","Calvin Harris",525097,https://open.spotify.com/track/0azC730Exh71aQlOt9Zj3y
60,"Our Way",FTampa,517604,https://open.spotify.com/track/7hA7pMp2Vr1OCC4sWYwaMG
61,"Seu Polícia - Ao Vivo","Zé Neto & Cristiano",517516,https://open.spotify.com/track/7CmuLM2vfzA78iHeqastoP
62,"O Verão Está Chegando","Mc Davi",516361,https://open.spotify.com/track/4jswhbcaGqFe8v5uSHlqyb
63,"This Girl (Kungs Vs. Cookin' On 3 Burners) - Kungs Vs. Cookin' On 3 Burners",Kungs,514127,https://open.spotify.com/track/0tICYNayWWhH9GPeFrfjfD
64,Partiu,"MC Kekel",505088,https://open.spotify.com/track/1LTxGBL6yKtfmW3K8EvbSY
65,Photograph,"Ed Sheeran",500742,https://open.spotify.com/track/6fxVffaTuwjgEk5h9QyRjy
66,"Sou eu",Ludmilla,499989,https://open.spotify.com/track/1Tn0msQvQMbD6woO9VnEG3
67,"Você Merece Cachê - Ao Vivo","Israel Novaes",498034,https://open.spotify.com/track/1ypcU9264wnBwPvmrIy4fx
68,"We Don't Talk Anymore (feat. Selena Gomez)","Charlie Puth",491746,https://open.spotify.com/track/68EMU2RD1ECNeOeJ5qAXCV
69,"Fake Love",Drake,491733,https://open.spotify.com/track/343YBumqHu19cGoGARUTsd
70,"Work from Home","Fifth Harmony",491667,https://open.spotify.com/track/4tCtwWceOPWzenK2HAIJSb
71,"Impasse - Ao Vivo","Marília Mendonça",486702,https://open.spotify.com/track/5s2ydrmJOiPeZGx4S4X8Aw
72,"Regime Fechado - Ao Vivo","Simone & Simaria",486300,https://open.spotify.com/track/6UZJOc2HBrTp9DYfir9N8n
73,"Amei Te Ver","Tiago Iorc",486116,https://open.spotify.com/track/4owo0j5bw45IqiHxsTzcd6
74,"Bad Things (with Camila Cabello)","Machine Gun Kelly",486014,https://open.spotify.com/track/1PSBzsahR2AKwLJgx8ehBj
75,Work,Rihanna,482566,https://open.spotify.com/track/14WWzenpaEgQZlqPq2nk4v
76,"Bumbum Granada","Mc's Zaac & Jerry Smith",472153,https://open.spotify.com/track/4SCH5CuivFcShLpTg8lYOf
77,"Black Beatles","Rae Sremmurd",471255,https://open.spotify.com/track/6fujklziTHa8uoM5OQSfIo
78,Heathens,"Twenty One Pilots",468527,https://open.spotify.com/track/6i0V12jOa3mr6uu4WYhUBr
79,"Que Sorte A Nossa - Live","Matheus & Kauan",461707,https://open.spotify.com/track/4rWCLK8mfQ6JpArmgIT8aK
80,Bom,Ludmilla,460095,https://open.spotify.com/track/25SL3ZSbEGtu4oU14xllMQ
81,"Aquele 1% - Ao Vivo","Marcos & Belutti",458687,https://open.spotify.com/track/62LiYpeFoJaixqkaNRGg47
82,"Suíte 14 - Ao Vivo","Henrique & Diego",446841,https://open.spotify.com/track/4lbPwb1Beo7JU2VwuJRTeR
83,"Stressed Out","Twenty One Pilots",442612,https://open.spotify.com/track/3CRDbSIZ4r5MsZ0YwxuEkn
84,"O Que Falta Em Você Sou Eu - Ao Vivo","Marília Mendonça",440691,https://open.spotify.com/track/3XSefjiSHsD34F7clH84xa
85,"Shed a Light","Robin Schulz",428076,https://open.spotify.com/track/1cG0umU5TKStygKsPFZ9pY
86,"The Greatest",Sia,426605,https://open.spotify.com/track/7xHWNBFm6ObGEQPaUxHuKO
87,"Agora Eu Quero Ir",Anavitória,420646,https://open.spotify.com/track/2yGnStdGP0V45lPXAJpmDb
88,"Parece Piada - Ao Vivo","Henrique & Juliano",419338,https://open.spotify.com/track/3cS6YsU197mrdPTyR7nbp7
89,"Fala a Verdade - Ao Vivo","Maiara & Maraisa",416531,https://open.spotify.com/track/3QhJAGDdxt749dFveYVy4M
90,"Na Ponta Ela Fica",Delano,410677,https://open.spotify.com/track/1OtZIaJBXo3Pe6nfaMsjKT
91,"Nada Bom II","Costa Gold",408742,https://open.spotify.com/track/0Mh4id8WvrTFOB9RiVitrB
92,"All We Know","The Chainsmokers",405897,https://open.spotify.com/track/2rizacJSyD9S1IQUxUxnsK
93,"Scars To Your Beautiful","Alessia Cara",403381,https://open.spotify.com/track/0prNGof3XqfTvNDxHonvdK
94,"I Would Like","Zara Larsson",403068,https://open.spotify.com/track/4Q4jmPHwu0wrJvqrld0FQ6
95,"Incerteza - Na Praia / Ao Vivo","Matheus & Kauan",400314,https://open.spotify.com/track/1FTsXXwai3jVXhBTLd4e4L
96,"Hymn For The Weekend - Seeb Remix",Coldplay,397713,https://open.spotify.com/track/1OAiWI2oPmglaOiv9fdioU
97,Singular,Anavitória,397595,https://open.spotify.com/track/3eGK0WFi6ISJ9UZA6Za4HX
98,Fantasma,"Luan Santana",396104,https://open.spotify.com/track/5Nw3HvX6k8cB7NjEkqJkij
99,"Cake By The Ocean",DNCE,389202,https://open.spotify.com/track/2aFiaMXmWsM3Vj72F9ksBl
100,"Quase um Casal - Ao Vivo","Maiara & Maraisa",387432,https://open.spotify.com/track/3BhctwMUY5Y9xmes194QTq
101,"That's My Girl","Fifth Harmony",387299,https://open.spotify.com/track/2ACOWPLUe4A4KuQ5ioD2od
102,"Send My Love (To Your New Lover)",Adele,385224,https://open.spotify.com/track/4BHzQ9C00ceJxfG16AlNWb
103,"Say You Won't Let Go","James Arthur",380035,https://open.spotify.com/track/5uCax9HTNlzGybIStD3vDh
104,"Sentimento Louco - Ao Vivo","Marília Mendonça",377880,https://open.spotify.com/track/5YdC74tZejyq3vurDOLFYz
105,"Love Yourself","Justin Bieber",377737,https://open.spotify.com/track/3hB5DgAiMAQ4DzYbsMq1IT
106,"Essa mina é louca (Participação especial Jhama)",Anitta,376871,https://open.spotify.com/track/5Bn6W4bwH7Bw5nMvn8V4xF
107,Turutum,"MC Kevinho",371481,https://open.spotify.com/track/3pM81OKNrV6d2zJb76nQ6M
108,"Pé Direito","Mc Davi",371367,https://open.spotify.com/track/6V3J5pbU5yBvB5zxPSyP5v
109,"Call On Me - Ryan Riback Extended Remix",Starley,367785,https://open.spotify.com/track/78rIJddV4X0HkNAInEcYde
110,"Duvido Você Não Tomar Uma - Ao Vivo","Simone & Simaria",362712,https://open.spotify.com/track/6S8yTw0KfidwuAq5Y6Bygj
111,"Cheia de Marra","Mc Livinho",362229,https://open.spotify.com/track/4gvePWCd0GfkC40QshflUy
112,"Deixa a Gente Quieto - Ao Vivo","João Bosco & Vinicius",362072,https://open.spotify.com/track/4PNi30UilK0CZi2z9wegMQ
113,"Solteiro de Novo - Ao Vivo","Wesley Safadão",362018,https://open.spotify.com/track/0Or4rCFurYpUxYh0bbpxRY
114,"Me Espera",Sandy,361550,https://open.spotify.com/track/4xHkRNzzHtj3O3Z1pjYWRC
115,"Oitava Dose - Na Praia 2 / Ao Vivo","Matheus & Kauan",360456,https://open.spotify.com/track/43F1e4glaVnVe3DXOU3Xum
116,"Tudo de Bom","Mc Livinho",354603,https://open.spotify.com/track/5XRtwljsug3r3XOBy9Bndu
117,"Me & You (feat. IRO)",Alok,352390,https://open.spotify.com/track/2WTCoQLkQ9FPdvThkf8nN1
118,"Raspão - Ao Vivo","Henrique & Diego",350776,https://open.spotify.com/track/6gquljDBW7rE6mCBzmTRxo
119,"Você Faz Falta Aqui - Ao Vivo | Acústico","Maiara & Maraisa",348036,https://open.spotify.com/track/19Ggp86mkEnRw93u91IJPO
120,"Dia, Lugar e Hora","Luan Santana",343342,https://open.spotify.com/track/0bAtYUcHyGlOj5R3eNjHhA
121,"Remexe mexe",Delano,342992,https://open.spotify.com/track/3E9s5Feisg3xmzzAHdq4aa
122,"By Your Side","Jonas Blue",339790,https://open.spotify.com/track/1D3ODoXHBLpdxolZRHWV1j
123,Bang,Anitta,339666,https://open.spotify.com/track/1Cml3fnCNLZUC1EEtkcgVb
124,Starving,"Hailee Steinfeld",339369,https://open.spotify.com/track/1qOLh0tI7trd1zdDKxYZTe
125,"I Got You","Bebe Rexha",332634,https://open.spotify.com/track/1FUViuNSldssMIawrOXF2i
126,"De Tanto Te Querer - Ao Vivo","Jorge & Mateus",332373,https://open.spotify.com/track/3HrvG1d9OZpg6eV4A1dcSk
127,"Quando O Mel É Bom - Ao Vivo","Simone & Simaria",332241,https://open.spotify.com/track/21j9YxYHSzrdcLBX3mb5UL
128,"Lean On (feat. MØ & DJ Snake)","Major Lazer",330494,https://open.spotify.com/track/4WjH9Bzt3kx7z8kl0awxh4
129,"A Mala É Falsa - Ao Vivo","Felipe Araújo",330151,https://open.spotify.com/track/6BPt2sVRvE41rUixcCAHY6
130,"Amor Mal Resolvido - Ao Vivo","Simone & Simaria",326250,https://open.spotify.com/track/2uhk6Fi514vtRKxKAn93zm
131,"Amei Te Ver (Acústica) - Acústica","Tiago Iorc",326123,https://open.spotify.com/track/0bX2gnECXZJ5nt7rcIZMVM
132,"De Buenas","Lucas Lucco",324239,https://open.spotify.com/track/4NpFX0f0GfJgy92c9ypVxk
133,Ride,"Twenty One Pilots",323202,https://open.spotify.com/track/2Z8WuEywRWYTKe1NybPQEW
134,"Saudade do Meu Ex - Ao Vivo | Acústico","Marília Mendonça",318276,https://open.spotify.com/track/5ZCwyAL9zbEJVmmNQwt9lE
135,"Até Ex Duvida - Ao Vivo","Day e Lara",316658,https://open.spotify.com/track/3twpVbHfTCpgHNlStxfpzx
136,"Elas Gostam","MC Kevinho",316154,https://open.spotify.com/track/5j0tH4MzB4QyJLX8Ys9ofG
137,Rg,"Luan Santana",314361,https://open.spotify.com/track/5oVVAwRQnXJDEHFNeganG0
138,"Coração Machucado - Ao Vivo","Wesley Safadão",311348,https://open.spotify.com/track/0GhaUJVyWwAKDELlAAFWyo
139,"Thinking Out Loud","Ed Sheeran",311108,https://open.spotify.com/track/1Slwb6dOYkBlWal1PGtnNg
140,"Folgado - Ao Vivo","Marília Mendonça",308567,https://open.spotify.com/track/4DYmJ19DhmxUe26QhANDYv
141,PILLOWTALK,ZAYN,306784,https://open.spotify.com/track/0PDUDa38GO8lMxLCRc4lL1
142,"Meu Violão E O Nosso Cachorro - Ao Vivo","Simone & Simaria",305297,https://open.spotify.com/track/68y9Wxhai4e17Ywvnz76vY
143,"Quero Ser Feliz Também - Ao Vivo",Natiruts,304911,https://open.spotify.com/track/5qLTGDTTIHxxIU835qJWfT
144,"Não Me Deixe Sozinho","Nego do Borel",303498,https://open.spotify.com/track/0gNxi721t2RcPt5LdWGfpb
145,"Os Anjos Cantam","Jorge & Mateus",301749,https://open.spotify.com/track/6ccKu0LwJzOhLAxBwP2PTk
146,Faded,"Alan Walker",298339,https://open.spotify.com/track/7gHs73wELdeycvS48JfIos
147,"Faz Parte - Ao Vivo",Projota,293844,https://open.spotify.com/track/0J1TzQOuHyS7KA6Sq33flE
148,"126 Cabides","Simone & Simaria",293334,https://open.spotify.com/track/0HEZXwSywflxeQcysigawO
149,"All Night","The Vamps",292963,https://open.spotify.com/track/1yNyoWWWikbLhwIGWjZuDW
150,Stitches,"Shawn Mendes",290556,https://open.spotify.com/track/1WP1r7fuvRqZRnUaTi2I1Q
151,"7 Years","Lukas Graham",289057,https://open.spotify.com/track/7129iqBafaphfc3WPCGC0L
152,"Needed Me",Rihanna,288291,https://open.spotify.com/track/1Tt4sE4pXi57mTD1GCzsqm
153,"Mesmo Sem Estar","Luan Santana",285857,https://open.spotify.com/track/5zNK9ZyCrrJFlGgMMv2Xt7
154,Panda,Desiigner,282714,https://open.spotify.com/track/5OOkp4U9P9oL23maHFHL1h
155,"Hoje Somos Só Metade - Ao Vivo","Marília Mendonça",280201,https://open.spotify.com/track/2bKuHYkbEpKgNNVQ0eGJlB
156,"Ela Domina o Ratatá Tum Tum - Ao Vivo","Wesley Safadão",279063,https://open.spotify.com/track/5ITDkudn3l1YoZc2TP0vhN
157,"Você Foi Diferente","MC G15",276164,https://open.spotify.com/track/716p41p4BQQuUMgOP8ucpF
158,"What Do You Mean?","Justin Bieber",275676,https://open.spotify.com/track/3pzjHKrQSvXGHQ98dx18HI
159,Tenebrosa,"Mc Livinho",274307,https://open.spotify.com/track/2uHlo1X8F1yPavYpqv65if
160,"Falei pra Elas","MC G15",272516,https://open.spotify.com/track/3hIFGEywPETgcaxrTTt2lD
161,"Logo Eu","Jorge & Mateus",270313,https://open.spotify.com/track/2655xYZ347fG2N6OjkoMQ8
162,"i hate u, i love u (feat. olivia o'brien)",gnash,270295,https://open.spotify.com/track/7vRriwrloYVaoAe3a9wJHe
163,"O Que É Amor Pra Você - Ao Vivo","Marília Mendonça",268231,https://open.spotify.com/track/1DdnD06naRACOpK8lAnLp1
164,"Would I Lie To You - Radio Edit","David Guetta",267013,https://open.spotify.com/track/4PdJSsESm34djLfBde9Pr2
165,"Cool Girl","Tove Lo",266598,https://open.spotify.com/track/5dKyZWlgjWw1oJgLa4GCZD
166,Sugar,"Maroon 5",261461,https://open.spotify.com/track/494OU6M7NOf4ICYb4zWCf5
167,"Made In Roça",Loubet,261056,https://open.spotify.com/track/7clSIA4MRU6LJAoCWWEiuy
168,"Adventure Of A Lifetime",Coldplay,260532,https://open.spotify.com/track/69uxyAqqPIsUyTO8txoP2M
169,"Do I Wanna Know?","Arctic Monkeys",258407,https://open.spotify.com/track/3rq5w4bQGigXOfdN30ATJt
170,"Vou Dar Virote - Ao Vivo","Wesley Safadão",254239,https://open.spotify.com/track/6bV82DzyaNLjig0tVywear
171,"Hotline Bling",Drake,253870,https://open.spotify.com/track/2FBUoWkIuQXwayw2RNo5l6
172,"Perfect Illusion","Lady Gaga",251678,https://open.spotify.com/track/5ou59ERA2f7ffyAxAcZyVz
173,"How Far I'll Go - From ""Moana""","Alessia Cara",250206,https://open.spotify.com/track/5hYTyyh2odQKphUbMqc5gN
174,"The Mack",Nevada,249988,https://open.spotify.com/track/7aV2mflaASUmGhCErm7kBO
175,"How Deep Is Your Love","Calvin Harris",248223,https://open.spotify.com/track/22mek4IiqubGD9ctzxc69s
176,"Blow Your Mind (Mwah)","Dua Lipa",245023,https://open.spotify.com/track/2eAAEa8pxKF7My0EO4rFgR
177,Alone,"Alan Walker",240353,https://open.spotify.com/track/0JiVRyTJcJnmlwCZ854K4p
178,"Hymn For The Weekend",Coldplay,240007,https://open.spotify.com/track/3RiPr603aXAoi4GHyXx0uy
179,"The Greatest",Sia,236601,https://open.spotify.com/track/6bLopGnirdrilrpdVB6Um1
180,"Você Tem a Minha Cara - Ao Vivo","Henrique & Diego",236096,https://open.spotify.com/track/4xlQQ2QYGcQEIdjab5mtsg
181,"Into You","Ariana Grande",235386,https://open.spotify.com/track/7yHEDfrJNd0zWOfXwydNH0
182,"Sucker For Pain (with Wiz Khalifa, Imagine Dragons, Logic & Ty Dolla $ign feat. X Ambassadors)","Lil Wayne",234678,https://open.spotify.com/track/4dASQiO1Eoo3RJvt74FtXB
183,"Setting Fires","The Chainsmokers",233827,https://open.spotify.com/track/0B8B8cVRFIG1yznoQe7c9s
184,"Light It Up (feat. Nyla & Fuse ODG) - Remix","Major Lazer",233657,https://open.spotify.com/track/0L7loeTIg6akW84aEQZpCT
185,Byob,Sevenn,233474,https://open.spotify.com/track/3GjF8PNprVtiBtQnSgcHFU
186,Chandelier,Sia,230380,https://open.spotify.com/track/4VrWlk8IQxevMvERoX08iC
187,Alarm,Anne-Marie,230129,https://open.spotify.com/track/0OwX5aROoW1Iip8FV51Efg
188,"Minha Felicidade","Roberta Campos",225398,https://open.spotify.com/track/6vARbzVXg90V8fYmgks5u3
189,"Perfect Strangers","Jonas Blue",222521,https://open.spotify.com/track/1CUVN2kn7mW5FjkqXTR2W1
190,"Love Me Now","John Legend",219363,https://open.spotify.com/track/6nxQdXa1uAL0rY72wPZu89
191,Capsize,FRENSHIP,217014,https://open.spotify.com/track/2XMTqoHHSH0lvuXrvIEdco
192,"DUELE EL CORAZON","Enrique Iglesias",216955,https://open.spotify.com/track/6YZdkObH88npeKrrkb8Ggf
193,Safari,"J Balvin",216591,https://open.spotify.com/track/6rQSrBHf7HlZjtcMZ4S4bO
194,Rebeldia,Projota,215743,https://open.spotify.com/track/7gUV8gmQNHkPFkTAX4TWa6
195,"Water Under the Bridge",Adele,215367,https://open.spotify.com/track/4vb4mFvYsr2h6enhjJsq9Y
196,"Sugar (feat. Francesco Yates)","Robin Schulz",215231,https://open.spotify.com/track/5tf1VVWniHgryyumXyJM7w
197,"Tchuk Tchuk","Mc Gui",210099,https://open.spotify.com/track/4RuvPSCJ7xvRVOxiFBUt9B
198,"Fast Car","Jonas Blue",209291,https://open.spotify.com/track/6OZh916QF8XNunWaP97WEZ
199,"Apenas Mais uma de Amor","Lulu Santos",208691,https://open.spotify.com/track/6YNCE5qtrTa7YcnAOAEsDQ
200,"Solo Dance","Martin Jensen",207016,https://open.spotify.com/track/6HUnnBwYZqcED1eQztxMBN
