Position,"Track Name",Artist,Streams,URL
1,"Shape of You","Ed Sheeran",2480008,https://open.spotify.com/track/7qiZfU4dY1lWllzX7mPBI3
2,"Vai Embrazando","Mc Zaac",2333566,https://open.spotify.com/track/1zhfU6YXa2pXUAQdG1NvBZ
3,"Você Partiu Meu Coração","Nego do Borel",1890477,https://open.spotify.com/track/0u8aj0c4IxeVSLTUuuq9V5
4,"O Grave Bater","MC Kevinho",1857207,https://open.spotify.com/track/1bUazU9SSOh02AdlOPeTvm
5,"Hear Me Now",Alok,1718140,https://open.spotify.com/track/1a5Yu5L18qNxVhXx38njON
6,Loka,"Simone & Simaria",1483452,https://open.spotify.com/track/257tme6AhneIKAqVF1HTH4
7,"Joga o Bum Bum Tamtam","MC Fioti",1469357,https://open.spotify.com/track/7KBfjlQ85Fqs2MCCvXSW0c
8,"Te Assumi Pro Brasil - Ao Vivo","Matheus & Kauan",1458120,https://open.spotify.com/track/2d3TbSkAscvT3QRQalq6uT
9,"Vidinha de Balada - Ao Vivo","Henrique & Juliano",1408651,https://open.spotify.com/track/4FHw39Ke6pVt5tNKvLr4r3
10,"Olha a Explosão","MC Kevinho",1404250,https://open.spotify.com/track/6m2LNopVJKsvBB9l7Z1rwn
11,"Qual Bumbum Mais Bate, Qual Bumbum Mais Pula","MC WM",1367988,https://open.spotify.com/track/4eZg3l8x5aMvgwsRHcZuIC
12,"Acordando o Prédio","Luan Santana",1320256,https://open.spotify.com/track/40bK2uosUmAS92c17n98xd
13,"Despacito - Remix","Luis Fonsi",1305708,https://open.spotify.com/track/5CtI0qwDJkDQGwXD1H1cLb
14,"Ninguém É de Ferro","Wesley Safadão",1247436,https://open.spotify.com/track/1e315r3zQjsng2z952ePQ1
15,"The Cure","Lady Gaga",1225578,https://open.spotify.com/track/51PIvodunv6NmX5250zxAh
16,"Something Just Like This","The Chainsmokers",1162910,https://open.spotify.com/track/6RUKPb4LETWmmr3iAEQktW
17,"Malbec (Part. Dennis Dj) - Ao Vivo","Henrique & Diego",1109067,https://open.spotify.com/track/5SnQDj5REQVvAdSlhqkEcE
18,Raplord,Haikaiss,1099762,https://open.spotify.com/track/3YSagrvQP9x32rAjEI48PL
19,"E Essa Boca Aí? - Ao Vivo","Bruninho & Davi",1025010,https://open.spotify.com/track/6vve9WKW5I7fQzkU8dNsUE
20,"Paredes - Ao Vivo","Jorge & Mateus",1020775,https://open.spotify.com/track/2GfxgssRHvY1azHtaRqKoK
21,"Oh Novinha","Mc Don Juan",955805,https://open.spotify.com/track/2PS6YQ9jMpm0uCg4sQ1ygm
22,"Quem Mando Tu Terminar? (To Bonito To Né?)","MC Kekel",946242,https://open.spotify.com/track/56gpstNB96id9ngmImIkaH
23,"Despacito (Featuring Daddy Yankee)","Luis Fonsi",939951,https://open.spotify.com/track/4aWmUDTfIPGksMNLV2rQP2
24,"Decide Aí - Na Praia / Ao Vivo","Matheus & Kauan",928106,https://open.spotify.com/track/0jIitZeIQRTaZgFQf2WpGK
25,"Como Faz Com Ela - Ao Vivo","Marília Mendonça",906101,https://open.spotify.com/track/2Gvn46nwyQhUnQiFhlP7WX
26,"Se o Amor Tiver Lugar","Jorge & Mateus",905168,https://open.spotify.com/track/4sFVdIwmVj2y87qqOWwSU3
27,"It Ain't Me (with Selena Gomez)",Kygo,902764,https://open.spotify.com/track/3eR23VReFzcdmS7TYCrhCe
28,Fuego,Alok,889328,https://open.spotify.com/track/61GiOLLEn0LcavpVu1my6Q
29,"Eu Sei de Cor - Ao Vivo | Acústico","Marília Mendonça",886049,https://open.spotify.com/track/45wqPwIH4A5cr2IyyD4WKf
30,"10% - Ao Vivo","Maiara & Maraisa",875689,https://open.spotify.com/track/2wFnRPjuqwNySFiK0Qfg8L
31,"Deu Onda","MC G15",859366,https://open.spotify.com/track/0EPxmvsG1BY5td4aTOkWBF
32,Starboy,"The Weeknd",854627,https://open.spotify.com/track/5aAx2yezTd8zXrkmtKl66Z
33,"Meu Coração Deu PT - Ao Vivo","Wesley Safadão",852189,https://open.spotify.com/track/6zCqeUUqLb2CapBmVwAHll
34,"Trevo (Tu)",Anavitória,846054,https://open.spotify.com/track/6bgQIw80xWC3MPZX4kVYGw
35,"Pra Sempre Com Você - Ao Vivo","Jorge & Mateus",817998,https://open.spotify.com/track/2KGv51jgAz8OTjNPyRryfq
36,"De Quem É a Culpa? - Ao Vivo","Marília Mendonça",814307,https://open.spotify.com/track/4YhPcVIxIAJrLhFVPGbJkE
37,"That's What I Like","Bruno Mars",809773,https://open.spotify.com/track/0KKkJNfGyhkQ5aFogxQAPU
38,"Homem de Família - Ao Vivo","Gusttavo Lima",802146,https://open.spotify.com/track/12wiyBZqQ3mOU7AfygXJCw
39,Closer,"The Chainsmokers",789489,https://open.spotify.com/track/7BKLCZ1jbUBVqRi2FVlTVw
40,Automaticamente,"Mc Léléto",787279,https://open.spotify.com/track/6AaoEX192rJ6o3UFwG43sV
41,Paris,"The Chainsmokers",782774,https://open.spotify.com/track/72jbDTw1piOOj770jWNeaG
42,"Medo Bobo - Ao Vivo","Maiara & Maraisa",779638,https://open.spotify.com/track/2CW04trIoYMbroZWDzPAjs
43,"Ciumento Eu - Ao Vivo","Henrique & Diego",779437,https://open.spotify.com/track/3LFG5DqNQRK0yL6WNMw99P
44,"Raspão - Ao Vivo","Henrique & Diego",778417,https://open.spotify.com/track/6gquljDBW7rE6mCBzmTRxo
45,"Sim ou não (Participação especial Maluma)",Anitta,770847,https://open.spotify.com/track/4FxumkF81ICxITeqxx4nK9
46,Cold,"Maroon 5",766350,https://open.spotify.com/track/5NNlUMcOEOdoOIwwaWXv0k
47,Tumbalatum,"MC Kevinho",736119,https://open.spotify.com/track/4aAq1afusFG6jRiOSHQZvN
48,"I Don’t Wanna Live Forever (Fifty Shades Darker) - From ""Fifty Shades Darker (Original Motion Picture Soundtrack)""",ZAYN,730709,https://open.spotify.com/track/3NdDpSvN911VPGivFlV5d0
49,HUMBLE.,"Kendrick Lamar",714771,https://open.spotify.com/track/7KXjTSCq5nL1LoYtL7XAwS
50,"Chained To The Rhythm","Katy Perry",710111,https://open.spotify.com/track/6520aj0B4FSKGVuKNsOCOi
51,"Let Me Love You","DJ Snake",706025,https://open.spotify.com/track/4pdPtRcBmOSQDlJ3Fk945m
52,"O Nosso Santo Bateu - Na Praia / Ao Vivo","Matheus & Kauan",687026,https://open.spotify.com/track/6SwI4OplF8m5NH8wHKIps8
53,"Exclusividade - Ao Vivo","Matheus & Kauan",655360,https://open.spotify.com/track/1Bq86AS6wf5a5cEB8CM6dZ
54,"Na Hora da Raiva - Ao Vivo","Henrique & Juliano",652358,https://open.spotify.com/track/0Zu7NVn4IvfYuEIrD11UVr
55,"Sign of the Times","Harry Styles",647696,https://open.spotify.com/track/5Ohxk2dO5COHF1krpoPigN
56,Chantaje,Shakira,642623,https://open.spotify.com/track/6mICuAdrwEjh6Y6lroV2Kg
57,"Eu Sei de Cor - Ao Vivo","Marília Mendonça",635883,https://open.spotify.com/track/4SjkLzyFBVXaxuB6SbJyJN
58,"Papel Amassado - Ao Vivo","Matheus & Kauan",617082,https://open.spotify.com/track/2lLOaRPi8yQxQ8BlFZBLOl
59,"Stay (with Alessia Cara)",Zedd,609903,https://open.spotify.com/track/0dA2Mk56wEzDgegdC6R17g
60,Believer,"Imagine Dragons",605121,https://open.spotify.com/track/0CcQNd8CINkwQfe1RDtGV6
61,Partiu,"MC Kekel",605011,https://open.spotify.com/track/1LTxGBL6yKtfmW3K8EvbSY
62,"Nada Nada - Ao Vivo","Henrique & Juliano",603169,https://open.spotify.com/track/0GR7ZABhVF9GbxghIx2RRv
63,"Como É Que a Gente Fica - Ao Vivo","Henrique & Juliano",592477,https://open.spotify.com/track/41mt7YrfLrIc4EQJZFCJtw
64,"O Verão Está Chegando","Mc Davi",589590,https://open.spotify.com/track/4jswhbcaGqFe8v5uSHlqyb
65,"Ou Some Ou Soma - Ao Vivo","Jorge & Mateus",585959,https://open.spotify.com/track/3dRBzTOu9polrH9U6Vh2zw
66,"Oh Meu Deus",Projota,573983,https://open.spotify.com/track/6TmmyW0fR8mo3ACj07lGmO
67,"Do Teto Ao Chão - Ao Vivo","Matheus & Kauan",566144,https://open.spotify.com/track/5bm2GTEiU87Z95jX03y2Qk
68,"A Nossa Praia - Ao Vivo","Matheus & Kauan",552230,https://open.spotify.com/track/4BQMlG5VKApk9AdIsjxDqx
69,"Oitava Dose - Ao Vivo","Matheus & Kauan",551488,https://open.spotify.com/track/5kXgLlxHMv3aP7xLxMrjiV
70,"Scared to Be Lonely","Martin Garrix",533828,https://open.spotify.com/track/3ebXMykcMXOcLeJ9xZ17XH
71,"Swalla (feat. Nicki Minaj & Ty Dolla $ign)","Jason Derulo",520595,https://open.spotify.com/track/6kex4EBAj0WHXDKZMEJaaF
72,"Side To Side","Ariana Grande",515888,https://open.spotify.com/track/4pLwZjInHj3SimIyN9SnOz
73,"I Feel It Coming","The Weeknd",511431,https://open.spotify.com/track/5GXAXm5YOmYT0kL5jHvYBt
74,"Rockabye (feat. Sean Paul & Anne-Marie)","Clean Bandit",505402,https://open.spotify.com/track/5knuzwU65gJK7IF5yJsuaW
75,DNA.,"Kendrick Lamar",483311,https://open.spotify.com/track/6HZILIRieu8S0iqY8kIKhj
76,Mercy,"Shawn Mendes",480340,https://open.spotify.com/track/4TZy1wLyHec06pwgFYDh1a
77,Passionfruit,Drake,471158,https://open.spotify.com/track/7hDc8b7IXETo14hHIHdnhd
78,"Don't Wanna Know","Maroon 5",466635,https://open.spotify.com/track/5MFzQMkrl1FOOng9tq6R9r
79,Singular,Anavitória,459223,https://open.spotify.com/track/3eGK0WFi6ISJ9UZA6Za4HX
80,"Green Light",Lorde,459085,https://open.spotify.com/track/0gbBzIqrECJOEPvQJIBFs5
81,"Infiel - Ao Vivo","Marília Mendonça",450484,https://open.spotify.com/track/38MpAndIjGAyVdcC6npX95
82,"LOYALTY. FEAT. RIHANNA.","Kendrick Lamar",447767,https://open.spotify.com/track/6SwRhMLwNqEi6alNPVG00n
83,"Cold Water (feat. Justin Bieber & MØ)","Major Lazer",447747,https://open.spotify.com/track/6DNtNfH8hXkqOX1sjqmI7p
84,"Don't Let Me Down","The Chainsmokers",446283,https://open.spotify.com/track/0QsvXIfqM0zZoerQfsI9lm
85,"The Night We Met","Lord Huron",429072,https://open.spotify.com/track/6mORGLOz79w6VsCRLWYYuK
86,"Suíte 14 - Ao Vivo","Henrique & Diego",426621,https://open.spotify.com/track/4lbPwb1Beo7JU2VwuJRTeR
87,"Ficadinha - Ao Vivo","Henrique & Diego",424663,https://open.spotify.com/track/5Bc53chGSf3AoJRbB5mzR6
88,"Galway Girl","Ed Sheeran",416998,https://open.spotify.com/track/0afhq8XCExXpqazXczTSve
89,"In the Name of Love","Martin Garrix",414766,https://open.spotify.com/track/04DwTuZ2VBdJCCC5TROn7L
90,"One Dance",Drake,414679,https://open.spotify.com/track/1xznGGDReH1oQq0xzbwXa3
91,"Now Or Never",Halsey,406048,https://open.spotify.com/track/0Nhu3zSYbEz32IYiobV75e
92,"A Mala É Falsa - Ao Vivo","Felipe Araújo",406014,https://open.spotify.com/track/6BPt2sVRvE41rUixcCAHY6
93,"Eu Era","Marcos & Belutti",401571,https://open.spotify.com/track/5hkjlU7sUcZb9wOYd1eRBE
94,"Até Ex Duvida - Ao Vivo","Day e Lara",396643,https://open.spotify.com/track/3twpVbHfTCpgHNlStxfpzx
95,"This Girl (Kungs Vs. Cookin' On 3 Burners) - Kungs Vs. Cookin' On 3 Burners",Kungs,396526,https://open.spotify.com/track/0tICYNayWWhH9GPeFrfjfD
96,"Treat You Better","Shawn Mendes",396099,https://open.spotify.com/track/4Hf7WnR761jpxPr5D46Bcd
97,"Vou Voando - Ao Vivo","Jorge & Mateus",382246,https://open.spotify.com/track/1WCn5QBp0Kl9uHrR0J02GS
98,"Just Hold On","Steve Aoki",382192,https://open.spotify.com/track/3EmmCZoqpWOTY1g2GBwJoR
99,"My Way","Calvin Harris",380884,https://open.spotify.com/track/1vvNmPOiUuyCbgWmtc6yfm
100,"Stressed Out","Twenty One Pilots",379418,https://open.spotify.com/track/3CRDbSIZ4r5MsZ0YwxuEkn
101,Sorry,"Justin Bieber",377781,https://open.spotify.com/track/69bp2EbF7Q2rqc5N3ylezZ
102,"Estaca Zero","Luan Santana",377012,https://open.spotify.com/track/5OZqnhkGUxuSuW2P7CzH7y
103,"CAN'T STOP THE FEELING! (Original Song from DreamWorks Animation's ""TROLLS"")","Justin Timberlake",375395,https://open.spotify.com/track/6JV2JOEocMgcZxYSZelKcc
104,"Você Merece Cachê - Ao Vivo","Israel Novaes",373069,https://open.spotify.com/track/1ypcU9264wnBwPvmrIy4fx
105,"Deixa a Gente Quieto - Ao Vivo","João Bosco & Vinicius",372309,https://open.spotify.com/track/4PNi30UilK0CZi2z9wegMQ
106,"Open The Tcheka","MC Lan",368279,https://open.spotify.com/track/77TElJdpImw8cSv6t4mCIr
107,"Ela Só Quer Paz",Projota,363638,https://open.spotify.com/track/3mTUqLbtWm2DAEwvQTyu4d
108,"Cheap Thrills",Sia,360924,https://open.spotify.com/track/27SdWb2rFzO6GWiYDBTD9j
109,"Agora Eu Quero Ir",Anavitória,360596,https://open.spotify.com/track/2yGnStdGP0V45lPXAJpmDb
110,Turutum,"MC Kevinho",360550,https://open.spotify.com/track/3pM81OKNrV6d2zJb76nQ6M
111,"24K Magic","Bruno Mars",359582,https://open.spotify.com/track/6b8Be6ljOzmkOmFslEb23P
112,"Million Reasons","Lady Gaga",358490,https://open.spotify.com/track/50PWlIBU7PlGGwzgN8TiFJ
113,"Run Up (feat. PARTYNEXTDOOR & Nicki Minaj)","Major Lazer",355423,https://open.spotify.com/track/0fg8CqpjdojMyXLNzM2PaJ
114,"Remexe mexe",Delano,351500,https://open.spotify.com/track/3E9s5Feisg3xmzzAHdq4aa
115,"Louca de Saudade - Ao Vivo","Jorge & Mateus",351204,https://open.spotify.com/track/2InJDvDcA4RXEeA9njdibl
116,Photograph,"Ed Sheeran",343300,https://open.spotify.com/track/6fxVffaTuwjgEk5h9QyRjy
117,Issues,"Julia Michaels",341443,https://open.spotify.com/track/1sXUWdKx03aP9Gmzft58rt
118,Rabetão,"MC Lan",340791,https://open.spotify.com/track/2evRcqkyzWqaD9DJtP2oaU
119,"Love Yourself","Justin Bieber",338720,https://open.spotify.com/track/3hB5DgAiMAQ4DzYbsMq1IT
120,"Chave Cópia - Ao Vivo","Felipe Araújo",338179,https://open.spotify.com/track/0YK4RDyccDYO5aWQGKMZ2h
121,"Symphony (feat. Zara Larsson)","Clean Bandit",338041,https://open.spotify.com/track/1x5sYLZiu9r5E43kMlt9f8
122,"Flor e o Beija-Flor - Ao Vivo","Henrique & Juliano",337899,https://open.spotify.com/track/0phVJ23NJlruwtt1XCm94N
123,"Castle on the Hill","Ed Sheeran",336302,https://open.spotify.com/track/6PCUP3dWmTjcTtXY02oFdT
124,"Eu, Você, O Mar e Ela","Luan Santana",333267,https://open.spotify.com/track/000xYdQfIZ4pDmBGzQalKU
125,"Minha Ex","MC Bin Laden",331805,https://open.spotify.com/track/7syZTLPzfZN9rYbQBtYmVB
126,"Still Got Time",ZAYN,330869,https://open.spotify.com/track/000xQL6tZNLJzIrtIgxqSl
127,"We Don't Talk Anymore (feat. Selena Gomez)","Charlie Puth",330677,https://open.spotify.com/track/68EMU2RD1ECNeOeJ5qAXCV
128,"Sorte Que Cê Beija Bem - Ao Vivo","Maiara & Maraisa",329808,https://open.spotify.com/track/4YV827A7aWVswtyt0eWoWM
129,"50 Reais","Naiara Azevedo",329359,https://open.spotify.com/track/2DAGCHu5aoo2FOjmtU9ojo
130,"Você Foi Diferente","MC G15",327895,https://open.spotify.com/track/716p41p4BQQuUMgOP8ucpF
131,"This Is What You Came For","Calvin Harris",327352,https://open.spotify.com/track/0azC730Exh71aQlOt9Zj3y
132,Weak,AJR,327346,https://open.spotify.com/track/3E2Zh20GDCR9B1EYjfXWyv
133,"I Took A Pill In Ibiza - Seeb Remix","Mike Posner",326521,https://open.spotify.com/track/17Fd6Yb7mSbinKG8LoWfFl
134,ELEMENT.,"Kendrick Lamar",326072,https://open.spotify.com/track/1EaKU4dMbesXXd3BrLCtYG
135,"Vish, Aff, Putz, Nossa","Pedro Paulo & Alex",325597,https://open.spotify.com/track/4RiawNnc4pew07pvV69ksg
136,"Solo Dance","Martin Jensen",322748,https://open.spotify.com/track/6HUnnBwYZqcED1eQztxMBN
137,"Regime Fechado - Ao Vivo","Simone & Simaria",322010,https://open.spotify.com/track/6UZJOc2HBrTp9DYfir9N8n
138,"Elas Gostam","MC Kevinho",321609,https://open.spotify.com/track/5j0tH4MzB4QyJLX8Ys9ofG
139,Touch,"Little Mix",321290,https://open.spotify.com/track/5Ua3GXyHwiSfpNTMjq6m2z
140,"Xanaína / Boga na Linguiça / Vem Cá Xaninha","MC Lan",316974,https://open.spotify.com/track/5E7ZTCsfsWr1Jlr6VK1AHu
141,"Living On The Outside","Bruno Martini",312164,https://open.spotify.com/track/75r8bI2MTVDwgIKJplD5LS
142,"De Buenas","Lucas Lucco",309058,https://open.spotify.com/track/4NpFX0f0GfJgy92c9ypVxk
143,"O Mar Parou","Michel Teló",308323,https://open.spotify.com/track/5NH1hgZbrQGXMMZKcBQV3l
144,"Pé Direito","Mc Davi",306437,https://open.spotify.com/track/6V3J5pbU5yBvB5zxPSyP5v
145,"De Tanto Te Querer - Ao Vivo","Jorge & Mateus",304413,https://open.spotify.com/track/3HrvG1d9OZpg6eV4A1dcSk
146,"Sosseguei - Ao Vivo","Jorge & Mateus",303659,https://open.spotify.com/track/1xFgXCY8Zvo76gHg4RgUaU
147,"Amante Não Tem Lar - Ao Vivo","Marília Mendonça",302124,https://open.spotify.com/track/1t0EUDKUR1F5911t7eh3Wi
148,"Sou eu",Ludmilla,301959,https://open.spotify.com/track/1Tn0msQvQMbD6woO9VnEG3
149,"Cheia de Marra","Mc Livinho",301296,https://open.spotify.com/track/4gvePWCd0GfkC40QshflUy
150,"Mask Off",Future,300268,https://open.spotify.com/track/3rOSwuTsUlJp0Pu0MkN8r8
151,"Todo Dia","Pabllo Vittar",300009,https://open.spotify.com/track/3iDY4SzUHPkC3WTXpfxXJG
152,"Me & You (feat. IRO)",Alok,298524,https://open.spotify.com/track/2WTCoQLkQ9FPdvThkf8nN1
153,"Shed a Light","Robin Schulz",297688,https://open.spotify.com/track/1cG0umU5TKStygKsPFZ9pY
154,"Work from Home","Fifth Harmony",296873,https://open.spotify.com/track/4tCtwWceOPWzenK2HAIJSb
155,"Seu Polícia - Ao Vivo","Zé Neto & Cristiano",296621,https://open.spotify.com/track/7CmuLM2vfzA78iHeqastoP
156,"Solteiro Apaixonado","Marcos & Belutti",295369,https://open.spotify.com/track/1n8MLpbFR0fuCjNnlyuHxS
157,"No Promises (feat. Demi Lovato)","Cheat Codes",292885,https://open.spotify.com/track/1louJpMmzEicAn7lzDalPW
158,Everyday,"Ariana Grande",292038,https://open.spotify.com/track/3FiE2d325mIOc4YjkSLVJR
159,"Love On The Brain",Rihanna,289239,https://open.spotify.com/track/2aksifNn5ph8igDOkPBA02
160,YAH.,"Kendrick Lamar",287900,https://open.spotify.com/track/4BHSjbYylfOH5WAGusDyni
161,"Hard Times",Paramore,286463,https://open.spotify.com/track/0w5Bdu51Ka25Pf3hojsKHh
162,"Fumaça Ninja - Ao Vivo","Henrique & Diego",285895,https://open.spotify.com/track/2uZXycmB2DFpJTNl6qmeF4
163,"The One","The Chainsmokers",284955,https://open.spotify.com/track/0wfbD5rAksdXUzRvMfM3x5
164,"Mordida, Beijo e Tapa","Naiara Azevedo",284757,https://open.spotify.com/track/5mR5GuercvLXgx4TPnGl9k
165,"Say You Won't Let Go","James Arthur",284752,https://open.spotify.com/track/5uCax9HTNlzGybIStD3vDh
166,"Até Você Voltar","Henrique & Juliano",283887,https://open.spotify.com/track/4ksSf8cL3VlUvQSkFcRHy3
167,"XXX. FEAT. U2.","Kendrick Lamar",283749,https://open.spotify.com/track/4iYRa2btalAzPZoSYfROqF
168,Perfect,"Ed Sheeran",283100,https://open.spotify.com/track/0tgVpDi06FyKpA1z0VMD4v
169,"Our Way",FTampa,282584,https://open.spotify.com/track/7hA7pMp2Vr1OCC4sWYwaMG
170,Heathens,"Twenty One Pilots",281274,https://open.spotify.com/track/6i0V12jOa3mr6uu4WYhUBr
171,"Cake By The Ocean",DNCE,280923,https://open.spotify.com/track/2aFiaMXmWsM3Vj72F9ksBl
172,"Que Sorte A Nossa - Live","Matheus & Kauan",280067,https://open.spotify.com/track/4rWCLK8mfQ6JpArmgIT8aK
173,"Made In Roça",Loubet,279426,https://open.spotify.com/track/7clSIA4MRU6LJAoCWWEiuy
174,"I Got You","Bebe Rexha",278766,https://open.spotify.com/track/1FUViuNSldssMIawrOXF2i
175,PRIDE.,"Kendrick Lamar",278007,https://open.spotify.com/track/6IZvVAP7VPPnsGX6bvgkqg
176,"Parece Piada - Ao Vivo","Henrique & Juliano",277949,https://open.spotify.com/track/3cS6YsU197mrdPTyR7nbp7
177,"A Gente Tá Se Amando - Ao Vivo","Henrique & Diego",275109,https://open.spotify.com/track/3DxMZGUDd6e3I37WM7IaMK
178,"Minha Felicidade","Roberta Campos",274663,https://open.spotify.com/track/6vARbzVXg90V8fYmgks5u3
179,"Water Under the Bridge",Adele,272409,https://open.spotify.com/track/4vb4mFvYsr2h6enhjJsq9Y
180,"Me Espera",Sandy,268693,https://open.spotify.com/track/4xHkRNzzHtj3O3Z1pjYWRC
181,"i hate u, i love u (feat. olivia o'brien)",gnash,268260,https://open.spotify.com/track/7vRriwrloYVaoAe3a9wJHe
182,"LOVE. FEAT. ZACARI.","Kendrick Lamar",268197,https://open.spotify.com/track/6PGoSes0D9eUDeeAafB2As
183,"Bumbum Granada","Mc's Zaac & Jerry Smith",267104,https://open.spotify.com/track/4SCH5CuivFcShLpTg8lYOf
184,"Tudo de Bom","Mc Livinho",266662,https://open.spotify.com/track/5XRtwljsug3r3XOBy9Bndu
185,"Scars To Your Beautiful","Alessia Cara",264489,https://open.spotify.com/track/0prNGof3XqfTvNDxHonvdK
186,FEEL.,"Kendrick Lamar",263480,https://open.spotify.com/track/2LTlO3NuNVN70lp2ZbVswF
187,Faded,"Alan Walker",262184,https://open.spotify.com/track/7gHs73wELdeycvS48JfIos
188,Slide,"Calvin Harris",261585,https://open.spotify.com/track/7tr2za8SQg2CI8EDgrdtNl
189,Stitches,"Shawn Mendes",258589,https://open.spotify.com/track/1WP1r7fuvRqZRnUaTi2I1Q
190,"Impasse - Ao Vivo","Marília Mendonça",257946,https://open.spotify.com/track/5s2ydrmJOiPeZGx4S4X8Aw
191,"Do I Wanna Know?","Arctic Monkeys",257813,https://open.spotify.com/track/3rq5w4bQGigXOfdN30ATJt
192,"Hymn For The Weekend - Seeb Remix",Coldplay,255486,https://open.spotify.com/track/1OAiWI2oPmglaOiv9fdioU
193,Starving,"Hailee Steinfeld",254884,https://open.spotify.com/track/1qOLh0tI7trd1zdDKxYZTe
194,"All I Want (feat. Stonefox) - Edit",Alok,253561,https://open.spotify.com/track/5mWbOKfRxcS5iv32amTHPe
195,"Call On Me - Ryan Riback Extended Remix",Starley,253319,https://open.spotify.com/track/78rIJddV4X0HkNAInEcYde
196,Ride,"Twenty One Pilots",250351,https://open.spotify.com/track/2Z8WuEywRWYTKe1NybPQEW
197,Cheguei,Ludmilla,249537,https://open.spotify.com/track/6cbZb9mVAc5s8HtwklLoI0
198,"A Rosa E O Beija-Flor - Na Praia / Ao Vivo","Matheus & Kauan",248293,https://open.spotify.com/track/4GQVVsUnMbZeKIx9vguKlg
199,"Solteiro de Novo - Ao Vivo","Wesley Safadão",247974,https://open.spotify.com/track/0Or4rCFurYpUxYh0bbpxRY
200,"Amei Te Ver","Tiago Iorc",247629,https://open.spotify.com/track/4owo0j5bw45IqiHxsTzcd6
