Position,"Track Name",Artist,Streams,URL
1,"Despacito - Remix","Luis Fonsi",3727183,https://open.spotify.com/track/5CtI0qwDJkDQGwXD1H1cLb
2,"Shape of You","Ed Sheeran",2468781,https://open.spotify.com/track/7qiZfU4dY1lWllzX7mPBI3
3,"Despacito (Featuring Daddy Yankee)","Luis Fonsi",2291076,https://open.spotify.com/track/4aWmUDTfIPGksMNLV2rQP2
4,"Vai Embrazando","Mc Zaac",2020190,https://open.spotify.com/track/1zhfU6YXa2pXUAQdG1NvBZ
5,"Never Let Me Go",Alok,1905347,https://open.spotify.com/track/06ZpMjkNdIDKVf3mK29UiC
6,"Hear Me Now",Alok,1700923,https://open.spotify.com/track/1a5Yu5L18qNxVhXx38njON
7,"O Grave Bater","MC Kevinho",1612725,https://open.spotify.com/track/1bUazU9SSOh02AdlOPeTvm
8,"Joga o Bum Bum Tamtam","MC Fioti",1587853,https://open.spotify.com/track/7KBfjlQ85Fqs2MCCvXSW0c
9,"Você Partiu Meu Coração","Nego do Borel",1515546,https://open.spotify.com/track/0u8aj0c4IxeVSLTUuuq9V5
10,"I'm the One","DJ Khaled",1458691,https://open.spotify.com/track/3DXncPQOG4VBw3QHh3S817
11,"Te Assumi Pro Brasil - Ao Vivo","Matheus & Kauan",1422814,https://open.spotify.com/track/2d3TbSkAscvT3QRQalq6uT
12,Loka,"Simone & Simaria",1308322,https://open.spotify.com/track/257tme6AhneIKAqVF1HTH4
13,"Ninguém É de Ferro","Wesley Safadão",1289442,https://open.spotify.com/track/1e315r3zQjsng2z952ePQ1
14,"Acordando o Prédio","Luan Santana",1271503,https://open.spotify.com/track/40bK2uosUmAS92c17n98xd
15,"Vidinha de Balada - Ao Vivo","Henrique & Juliano",1270562,https://open.spotify.com/track/4FHw39Ke6pVt5tNKvLr4r3
16,"Qual Bumbum Mais Bate, Qual Bumbum Mais Pula","MC WM",1254388,https://open.spotify.com/track/4eZg3l8x5aMvgwsRHcZuIC
17,Malibu,"Miley Cyrus",1247090,https://open.spotify.com/track/2habSXqcJGExM6JJyskY7O
18,"Something Just Like This","The Chainsmokers",1203732,https://open.spotify.com/track/6RUKPb4LETWmmr3iAEQktW
19,Rabetão,"MC Lan",1167407,https://open.spotify.com/track/2evRcqkyzWqaD9DJtP2oaU
20,"Olha a Explosão","MC Kevinho",1163604,https://open.spotify.com/track/6m2LNopVJKsvBB9l7Z1rwn
21,"Raspão - Ao Vivo","Henrique & Diego",1070186,https://open.spotify.com/track/6gquljDBW7rE6mCBzmTRxo
22,"Malbec (Part. Dennis Dj) - Ao Vivo","Henrique & Diego",1031169,https://open.spotify.com/track/5SnQDj5REQVvAdSlhqkEcE
23,K.O.,"Pabllo Vittar",1029815,https://open.spotify.com/track/1J0iYsJuVhqfDhBoSLuO9A
24,"Open The Tcheka","MC Lan",1005978,https://open.spotify.com/track/77TElJdpImw8cSv6t4mCIr
25,"That's What I Like","Bruno Mars",1001944,https://open.spotify.com/track/0KKkJNfGyhkQ5aFogxQAPU
26,"Medida Certa","Jorge & Mateus",994823,https://open.spotify.com/track/44mr3ypWNHa0inr3heiOb2
27,"Sign of the Times","Harry Styles",986292,https://open.spotify.com/track/5Ohxk2dO5COHF1krpoPigN
28,"Trevo (Tu)",Anavitória,982124,https://open.spotify.com/track/6bgQIw80xWC3MPZX4kVYGw
29,Fica,Anavitória,980395,https://open.spotify.com/track/0lwrkYbCwtAWTI0OIWEnd6
30,"Paredes - Ao Vivo","Jorge & Mateus",956812,https://open.spotify.com/track/2GfxgssRHvY1azHtaRqKoK
31,"E Essa Boca Aí? - Ao Vivo","Bruninho & Davi",945267,https://open.spotify.com/track/6vve9WKW5I7fQzkU8dNsUE
32,"It Ain't Me (with Selena Gomez)",Kygo,944828,https://open.spotify.com/track/3eR23VReFzcdmS7TYCrhCe
33,"Exclusividade - Ao Vivo","Matheus & Kauan",938840,https://open.spotify.com/track/1Bq86AS6wf5a5cEB8CM6dZ
34,"Stay (with Alessia Cara)",Zedd,917585,https://open.spotify.com/track/0dA2Mk56wEzDgegdC6R17g
35,"Swalla (feat. Nicki Minaj & Ty Dolla $ign)","Jason Derulo",877354,https://open.spotify.com/track/6kex4EBAj0WHXDKZMEJaaF
36,Fuego,Alok,870749,https://open.spotify.com/track/61GiOLLEn0LcavpVu1my6Q
37,"Se o Amor Tiver Lugar","Jorge & Mateus",869105,https://open.spotify.com/track/4sFVdIwmVj2y87qqOWwSU3
38,Automaticamente,"Mc Léléto",865725,https://open.spotify.com/track/6AaoEX192rJ6o3UFwG43sV
39,"Como Faz Com Ela - Ao Vivo","Marília Mendonça",863135,https://open.spotify.com/track/2Gvn46nwyQhUnQiFhlP7WX
40,Raplord,Haikaiss,862446,https://open.spotify.com/track/3YSagrvQP9x32rAjEI48PL
41,"Decide Aí - Na Praia / Ao Vivo","Matheus & Kauan",862367,https://open.spotify.com/track/0jIitZeIQRTaZgFQf2WpGK
42,"There's Nothing Holdin' Me Back","Shawn Mendes",845984,https://open.spotify.com/track/79cuOz3SPQTuFrp8WgftAu
43,"De Quem É a Culpa? - Ao Vivo","Marília Mendonça",829088,https://open.spotify.com/track/4YhPcVIxIAJrLhFVPGbJkE
44,"Quem Mando Tu Terminar? (To Bonito To Né?)","MC Kekel",822141,https://open.spotify.com/track/56gpstNB96id9ngmImIkaH
45,"Ciumento Eu - Ao Vivo","Henrique & Diego",821518,https://open.spotify.com/track/3LFG5DqNQRK0yL6WNMw99P
46,Chantaje,Shakira,795321,https://open.spotify.com/track/6mICuAdrwEjh6Y6lroV2Kg
47,"Pra Sempre Com Você - Ao Vivo","Jorge & Mateus",782755,https://open.spotify.com/track/2KGv51jgAz8OTjNPyRryfq
48,"10% - Ao Vivo","Maiara & Maraisa",782348,https://open.spotify.com/track/2wFnRPjuqwNySFiK0Qfg8L
49,"Oh Novinha","Mc Don Juan",777784,https://open.spotify.com/track/2PS6YQ9jMpm0uCg4sQ1ygm
50,Cold,"Maroon 5",765505,https://open.spotify.com/track/5NNlUMcOEOdoOIwwaWXv0k
51,"Galway Girl","Ed Sheeran",712216,https://open.spotify.com/track/0afhq8XCExXpqazXczTSve
52,"Eu Sei de Cor - Ao Vivo | Acústico","Marília Mendonça",699177,https://open.spotify.com/track/45wqPwIH4A5cr2IyyD4WKf
53,Starboy,"The Weeknd",694087,https://open.spotify.com/track/5aAx2yezTd8zXrkmtKl66Z
54,"The Cure","Lady Gaga",683562,https://open.spotify.com/track/51PIvodunv6NmX5250zxAh
55,"Meu Coração Deu PT - Ao Vivo","Wesley Safadão",683257,https://open.spotify.com/track/6zCqeUUqLb2CapBmVwAHll
56,Cheguei,Ludmilla,675642,https://open.spotify.com/track/6cbZb9mVAc5s8HtwklLoI0
57,"Medo Bobo - Ao Vivo","Maiara & Maraisa",663741,https://open.spotify.com/track/2CW04trIoYMbroZWDzPAjs
58,"Homem de Família - Ao Vivo","Gusttavo Lima",658727,https://open.spotify.com/track/12wiyBZqQ3mOU7AfygXJCw
59,"Papel Amassado - Ao Vivo","Matheus & Kauan",631779,https://open.spotify.com/track/2lLOaRPi8yQxQ8BlFZBLOl
60,Believer,"Imagine Dragons",630500,https://open.spotify.com/track/0CcQNd8CINkwQfe1RDtGV6
61,"Bon appétit","Katy Perry",628889,https://open.spotify.com/track/61WbtB6ujkpNAsAf5LjF4b
62,"O Nosso Santo Bateu - Na Praia / Ao Vivo","Matheus & Kauan",624391,https://open.spotify.com/track/6SwI4OplF8m5NH8wHKIps8
63,"I Don’t Wanna Live Forever (Fifty Shades Darker) - From ""Fifty Shades Darker (Original Motion Picture Soundtrack)""",ZAYN,622744,https://open.spotify.com/track/3NdDpSvN911VPGivFlV5d0
64,Tumbalatum,"MC Kevinho",613582,https://open.spotify.com/track/4aAq1afusFG6jRiOSHQZvN
65,"Regime Fechado - Ao Vivo","Simone & Simaria",611827,https://open.spotify.com/track/6UZJOc2HBrTp9DYfir9N8n
66,"Eu Sei de Cor - Ao Vivo","Marília Mendonça",610993,https://open.spotify.com/track/4SjkLzyFBVXaxuB6SbJyJN
67,"Chained To The Rhythm","Katy Perry",604823,https://open.spotify.com/track/6520aj0B4FSKGVuKNsOCOi
68,"Sim ou não (Participação especial Maluma)",Anitta,602913,https://open.spotify.com/track/4FxumkF81ICxITeqxx4nK9
69,HUMBLE.,"Kendrick Lamar",598917,https://open.spotify.com/track/7KXjTSCq5nL1LoYtL7XAwS
70,"Na Hora da Raiva - Ao Vivo","Henrique & Juliano",595322,https://open.spotify.com/track/0Zu7NVn4IvfYuEIrD11UVr
71,"Nada Nada - Ao Vivo","Henrique & Juliano",579619,https://open.spotify.com/track/0GR7ZABhVF9GbxghIx2RRv
72,"First Time",Kygo,578079,https://open.spotify.com/track/2Gl0FzuLxflY6nPifJp5Dr
73,"Deu Onda","MC G15",573004,https://open.spotify.com/track/0EPxmvsG1BY5td4aTOkWBF
74,"No Promises (feat. Demi Lovato)","Cheat Codes",569027,https://open.spotify.com/track/1louJpMmzEicAn7lzDalPW
75,"Scared to Be Lonely","Martin Garrix",564138,https://open.spotify.com/track/3ebXMykcMXOcLeJ9xZ17XH
76,Closer,"The Chainsmokers",562763,https://open.spotify.com/track/7BKLCZ1jbUBVqRi2FVlTVw
77,"O Verão Está Chegando","Mc Davi",561036,https://open.spotify.com/track/4jswhbcaGqFe8v5uSHlqyb
78,"Let Me Love You","DJ Snake",559569,https://open.spotify.com/track/4pdPtRcBmOSQDlJ3Fk945m
79,"Eu Era","Marcos & Belutti",559368,https://open.spotify.com/track/5hkjlU7sUcZb9wOYd1eRBE
80,Thunder,"Imagine Dragons",559313,https://open.spotify.com/track/0tKcYR2II1VCQWT79i5NrW
81,Paris,"The Chainsmokers",557749,https://open.spotify.com/track/72jbDTw1piOOj770jWNeaG
82,"Sua Amiga Vou Pegar","MC WM",548299,https://open.spotify.com/track/2Q4zHSJgtlc9mWoWQXpSJX
83,"Hard Times",Paramore,536342,https://open.spotify.com/track/0w5Bdu51Ka25Pf3hojsKHh
84,"I Feel It Coming","The Weeknd",524208,https://open.spotify.com/track/5GXAXm5YOmYT0kL5jHvYBt
85,Passionfruit,Drake,512382,https://open.spotify.com/track/7hDc8b7IXETo14hHIHdnhd
86,"Sweet Creature","Harry Styles",506816,https://open.spotify.com/track/5kRPPEWFJIMox5qIkQkiz5
87,"Rockabye (feat. Sean Paul & Anne-Marie)","Clean Bandit",503585,https://open.spotify.com/track/5knuzwU65gJK7IF5yJsuaW
88,"Felices los 4",Maluma,503490,https://open.spotify.com/track/0qYTZCo5Bwh1nsUFGZP3zn
89,Attention,"Charlie Puth",502582,https://open.spotify.com/track/4iLqG9SeJSnt0cSPICSjxv
90,"Now Or Never",Halsey,502277,https://open.spotify.com/track/0Nhu3zSYbEz32IYiobV75e
91,"Oitava Dose - Ao Vivo","Matheus & Kauan",495124,https://open.spotify.com/track/5kXgLlxHMv3aP7xLxMrjiV
92,"Side To Side","Ariana Grande",491614,https://open.spotify.com/track/4pLwZjInHj3SimIyN9SnOz
93,"Grave Faz Bum","MC WM",472493,https://open.spotify.com/track/0tnkjhlQ1mBg8s5guCo9fs
94,"Ou Some Ou Soma - Ao Vivo","Jorge & Mateus",457028,https://open.spotify.com/track/3dRBzTOu9polrH9U6Vh2zw
95,"Trem-Bala - Acústico","Ana Vilela",448893,https://open.spotify.com/track/66O1SfDryBYk9i3RcV5AXq
96,"Como É Que a Gente Fica - Ao Vivo","Henrique & Juliano",447535,https://open.spotify.com/track/41mt7YrfLrIc4EQJZFCJtw
97,Singular,Anavitória,447323,https://open.spotify.com/track/3eGK0WFi6ISJ9UZA6Za4HX
98,"Sorte Que Cê Beija Bem - Ao Vivo","Maiara & Maraisa",443920,https://open.spotify.com/track/4YV827A7aWVswtyt0eWoWM
99,"Do Teto Ao Chão - Ao Vivo","Matheus & Kauan",424262,https://open.spotify.com/track/5bm2GTEiU87Z95jX03y2Qk
100,"Oh Meu Deus",Projota,422184,https://open.spotify.com/track/6TmmyW0fR8mo3ACj07lGmO
101,"Symphony (feat. Zara Larsson)","Clean Bandit",419758,https://open.spotify.com/track/1x5sYLZiu9r5E43kMlt9f8
102,"Don't Let Me Down","The Chainsmokers",416169,https://open.spotify.com/track/0QsvXIfqM0zZoerQfsI9lm
103,"A Nossa Praia - Ao Vivo","Matheus & Kauan",413301,https://open.spotify.com/track/4BQMlG5VKApk9AdIsjxDqx
104,"Ficadinha - Ao Vivo","Henrique & Diego",404016,https://open.spotify.com/track/5Bc53chGSf3AoJRbB5mzR6
105,"Cold Water (feat. Justin Bieber & MØ)","Major Lazer",401849,https://open.spotify.com/track/6DNtNfH8hXkqOX1sjqmI7p
106,Partiu,"MC Kekel",401238,https://open.spotify.com/track/1LTxGBL6yKtfmW3K8EvbSY
107,"In the Name of Love","Martin Garrix",393299,https://open.spotify.com/track/04DwTuZ2VBdJCCC5TROn7L
108,"Green Light",Lorde,392173,https://open.spotify.com/track/0gbBzIqrECJOEPvQJIBFs5
109,"Bad Liar","Selena Gomez",391877,https://open.spotify.com/track/1sCxVKWImDZSZKvG0U9B23
110,"Até Ex Duvida - Ao Vivo","Day e Lara",391649,https://open.spotify.com/track/3twpVbHfTCpgHNlStxfpzx
111,"Xanaína / Boga na Linguiça / Vem Cá Xaninha","MC Lan",391630,https://open.spotify.com/track/5E7ZTCsfsWr1Jlr6VK1AHu
112,"A Mala É Falsa - Ao Vivo","Felipe Araújo",386575,https://open.spotify.com/track/6BPt2sVRvE41rUixcCAHY6
113,"Suíte 14 - Ao Vivo","Henrique & Diego",384780,https://open.spotify.com/track/4lbPwb1Beo7JU2VwuJRTeR
114,"Mask Off",Future,381978,https://open.spotify.com/track/3rOSwuTsUlJp0Pu0MkN8r8
115,"Agora Eu Quero Ir",Anavitória,381961,https://open.spotify.com/track/2yGnStdGP0V45lPXAJpmDb
116,"Just Hold On","Steve Aoki",376313,https://open.spotify.com/track/3EmmCZoqpWOTY1g2GBwJoR
117,Photograph,"Ed Sheeran",375496,https://open.spotify.com/track/6fxVffaTuwjgEk5h9QyRjy
118,"O Mar Parou","Michel Teló",375071,https://open.spotify.com/track/5NH1hgZbrQGXMMZKcBQV3l
119,"Vou Voando - Ao Vivo","Jorge & Mateus",374610,https://open.spotify.com/track/1WCn5QBp0Kl9uHrR0J02GS
120,"One Dance",Drake,367615,https://open.spotify.com/track/1xznGGDReH1oQq0xzbwXa3
121,"This Girl (Kungs Vs. Cookin' On 3 Burners) - Kungs Vs. Cookin' On 3 Burners",Kungs,367283,https://open.spotify.com/track/0tICYNayWWhH9GPeFrfjfD
122,Carolina,"Harry Styles",365326,https://open.spotify.com/track/3Dwq1oiOFys6Sxr5SslmXw
123,"Treat You Better","Shawn Mendes",364908,https://open.spotify.com/track/4Hf7WnR761jpxPr5D46Bcd
124,Turutum,"MC Kevinho",364219,https://open.spotify.com/track/3pM81OKNrV6d2zJb76nQ6M
125,"Deixa a Gente Quieto - Ao Vivo","João Bosco & Vinicius",362448,https://open.spotify.com/track/4PNi30UilK0CZi2z9wegMQ
126,"Don't Wanna Know","Maroon 5",359286,https://open.spotify.com/track/5MFzQMkrl1FOOng9tq6R9r
127,Mercy,"Shawn Mendes",356361,https://open.spotify.com/track/4TZy1wLyHec06pwgFYDh1a
128,"Todo Dia","Pabllo Vittar",356154,https://open.spotify.com/track/3iDY4SzUHPkC3WTXpfxXJG
129,"Chave Cópia - Ao Vivo","Felipe Araújo",354624,https://open.spotify.com/track/0YK4RDyccDYO5aWQGKMZ2h
130,"Avisa Que Eu Cheguei","Naiara Azevedo",353359,https://open.spotify.com/track/6arll1Y1aPC7FZqZsHnSsP
131,"24K Magic","Bruno Mars",353305,https://open.spotify.com/track/6b8Be6ljOzmkOmFslEb23P
132,"Você Merece Cachê - Ao Vivo","Israel Novaes",352797,https://open.spotify.com/track/1ypcU9264wnBwPvmrIy4fx
133,"Remexe mexe",Delano,351212,https://open.spotify.com/track/3E9s5Feisg3xmzzAHdq4aa
134,"Living On The Outside","Bruno Martini",350584,https://open.spotify.com/track/75r8bI2MTVDwgIKJplD5LS
135,Sorry,"Justin Bieber",349693,https://open.spotify.com/track/69bp2EbF7Q2rqc5N3ylezZ
136,Issues,"Julia Michaels",348802,https://open.spotify.com/track/1sXUWdKx03aP9Gmzft58rt
137,"Still Got Time",ZAYN,344843,https://open.spotify.com/track/000xQL6tZNLJzIrtIgxqSl
138,"Ela Só Quer Paz",Projota,339532,https://open.spotify.com/track/3mTUqLbtWm2DAEwvQTyu4d
139,"The Night We Met","Lord Huron",338573,https://open.spotify.com/track/6mORGLOz79w6VsCRLWYYuK
140,"Estaca Zero","Luan Santana",335702,https://open.spotify.com/track/5OZqnhkGUxuSuW2P7CzH7y
141,"My Way","Calvin Harris",335314,https://open.spotify.com/track/1vvNmPOiUuyCbgWmtc6yfm
142,"Run Up (feat. PARTYNEXTDOOR & Nicki Minaj)","Major Lazer",333113,https://open.spotify.com/track/0fg8CqpjdojMyXLNzM2PaJ
143,"Cheap Thrills",Sia,332894,https://open.spotify.com/track/27SdWb2rFzO6GWiYDBTD9j
144,"Elas Gostam","MC Kevinho",331764,https://open.spotify.com/track/5j0tH4MzB4QyJLX8Ys9ofG
145,"Cheia de Marra","Mc Livinho",331284,https://open.spotify.com/track/4gvePWCd0GfkC40QshflUy
146,"Mordida, Beijo e Tapa","Naiara Azevedo",330438,https://open.spotify.com/track/5mR5GuercvLXgx4TPnGl9k
147,"Infiel - Ao Vivo","Marília Mendonça",330143,https://open.spotify.com/track/38MpAndIjGAyVdcC6npX95
148,"We Don't Talk Anymore (feat. Selena Gomez)","Charlie Puth",329517,https://open.spotify.com/track/68EMU2RD1ECNeOeJ5qAXCV
149,"Vish, Aff, Putz, Nossa","Pedro Paulo & Alex",324358,https://open.spotify.com/track/4RiawNnc4pew07pvV69ksg
150,"CAN'T STOP THE FEELING! (Original Song from DreamWorks Animation's ""TROLLS"")","Justin Timberlake",323133,https://open.spotify.com/track/6JV2JOEocMgcZxYSZelKcc
151,"Antídoto - Ao Vivo","Matheus & Kauan",321868,https://open.spotify.com/track/2dvyNlZ8jkLq4DMzVVyXQH
152,"Love Yourself","Justin Bieber",321777,https://open.spotify.com/track/3hB5DgAiMAQ4DzYbsMq1IT
153,"Million Reasons","Lady Gaga",320221,https://open.spotify.com/track/50PWlIBU7PlGGwzgN8TiFJ
154,"Até Você Voltar","Henrique & Juliano",318341,https://open.spotify.com/track/4ksSf8cL3VlUvQSkFcRHy3
155,"Whatever It Takes","Imagine Dragons",318132,https://open.spotify.com/track/4IWAyPf1KMq7JCyGeCjTeH
156,"Shed a Light","Robin Schulz",317066,https://open.spotify.com/track/1cG0umU5TKStygKsPFZ9pY
157,"Amante Não Tem Lar - Ao Vivo","Marília Mendonça",315375,https://open.spotify.com/track/1t0EUDKUR1F5911t7eh3Wi
158,"Meet Me in the Hallway","Harry Styles",313328,https://open.spotify.com/track/4u9Y4Z9i9VaAbBK7rW1Rha
159,"Sou eu",Ludmilla,311911,https://open.spotify.com/track/1Tn0msQvQMbD6woO9VnEG3
160,"Louca de Saudade - Ao Vivo","Jorge & Mateus",310634,https://open.spotify.com/track/2InJDvDcA4RXEeA9njdibl
161,"Stressed Out","Twenty One Pilots",306879,https://open.spotify.com/track/3CRDbSIZ4r5MsZ0YwxuEkn
162,"This Is What You Came For","Calvin Harris",306688,https://open.spotify.com/track/0azC730Exh71aQlOt9Zj3y
163,"Me & You (feat. IRO)",Alok,306348,https://open.spotify.com/track/2WTCoQLkQ9FPdvThkf8nN1
164,"All I Want (feat. Stonefox) - Edit",Alok,305746,https://open.spotify.com/track/5mWbOKfRxcS5iv32amTHPe
165,"SUBEME LA RADIO","Enrique Iglesias",305492,https://open.spotify.com/track/7nKBxz47S9SD79N086fuhn
166,"I Took A Pill In Ibiza - Seeb Remix","Mike Posner",303235,https://open.spotify.com/track/17Fd6Yb7mSbinKG8LoWfFl
167,DNA.,"Kendrick Lamar",302939,https://open.spotify.com/track/6HZILIRieu8S0iqY8kIKhj
168,"Flor e o Beija-Flor - Ao Vivo","Henrique & Juliano",302676,https://open.spotify.com/track/0phVJ23NJlruwtt1XCm94N
169,"I Got You","Bebe Rexha",302432,https://open.spotify.com/track/1FUViuNSldssMIawrOXF2i
170,"Our Way",FTampa,299403,https://open.spotify.com/track/7hA7pMp2Vr1OCC4sWYwaMG
171,"De Tanto Te Querer - Ao Vivo","Jorge & Mateus",298882,https://open.spotify.com/track/3HrvG1d9OZpg6eV4A1dcSk
172,"Você Foi Diferente","MC G15",298574,https://open.spotify.com/track/716p41p4BQQuUMgOP8ucpF
173,"Solteiro Apaixonado","Marcos & Belutti",298087,https://open.spotify.com/track/1n8MLpbFR0fuCjNnlyuHxS
174,Congratulations,"Post Malone",294100,https://open.spotify.com/track/3a1lNhkSLSkpJE4MSHpDu9
175,"Minha Ex","MC Bin Laden",290978,https://open.spotify.com/track/7syZTLPzfZN9rYbQBtYmVB
176,"Work from Home","Fifth Harmony",290783,https://open.spotify.com/track/4tCtwWceOPWzenK2HAIJSb
177,"Amante Não Tem Lar - Ao Vivo","Marília Mendonça",290710,https://open.spotify.com/track/6P8v1a8jyfwG5kc7Si1kUp
178,"Solo Dance","Martin Jensen",290315,https://open.spotify.com/track/6HUnnBwYZqcED1eQztxMBN
179,"Two Ghosts","Harry Styles",289651,https://open.spotify.com/track/4B1rpPmQXwj78wk6aIGwwU
180,Weak,AJR,289347,https://open.spotify.com/track/3E2Zh20GDCR9B1EYjfXWyv
181,"i hate u, i love u (feat. olivia o'brien)",gnash,283396,https://open.spotify.com/track/7vRriwrloYVaoAe3a9wJHe
182,"Fumaça Ninja - Ao Vivo","Henrique & Diego",281813,https://open.spotify.com/track/2uZXycmB2DFpJTNl6qmeF4
183,"Told You So",Paramore,281202,https://open.spotify.com/track/7BpYWzZwrsljT1eIjb0TqR
184,"Me Espera",Sandy,278873,https://open.spotify.com/track/4xHkRNzzHtj3O3Z1pjYWRC
185,Trem-Bala,"Ana Vilela",278059,https://open.spotify.com/track/05QeyKGAn4TZrv41tMiD1A
186,Rollin,"Calvin Harris",274947,https://open.spotify.com/track/0lMbuWUpfTWhEmOKxppEau
187,"Pé Direito","Mc Davi",274919,https://open.spotify.com/track/6V3J5pbU5yBvB5zxPSyP5v
188,"A Gente Tá Se Amando - Ao Vivo","Henrique & Diego",274650,https://open.spotify.com/track/3DxMZGUDd6e3I37WM7IaMK
189,"Sosseguei - Ao Vivo","Jorge & Mateus",273167,https://open.spotify.com/track/1xFgXCY8Zvo76gHg4RgUaU
190,"Cake By The Ocean",DNCE,272623,https://open.spotify.com/track/2aFiaMXmWsM3Vj72F9ksBl
191,"Scars To Your Beautiful","Alessia Cara",271658,https://open.spotify.com/track/0prNGof3XqfTvNDxHonvdK
192,"Eu, Você, O Mar e Ela","Luan Santana",271016,https://open.spotify.com/track/000xYdQfIZ4pDmBGzQalKU
193,"XO TOUR Llif3","Lil Uzi Vert",270418,https://open.spotify.com/track/2eMwDehkIC1j68U6FA3Eiq
194,Slide,"Calvin Harris",266207,https://open.spotify.com/track/7tr2za8SQg2CI8EDgrdtNl
195,"50 Reais","Naiara Azevedo",264318,https://open.spotify.com/track/2DAGCHu5aoo2FOjmtU9ojo
196,"Parece Piada - Ao Vivo","Henrique & Juliano",264203,https://open.spotify.com/track/3cS6YsU197mrdPTyR7nbp7
197,"Say You Won't Let Go","James Arthur",262697,https://open.spotify.com/track/5uCax9HTNlzGybIStD3vDh
198,Faded,"Alan Walker",262153,https://open.spotify.com/track/7gHs73wELdeycvS48JfIos
199,"Seu Polícia - Ao Vivo","Zé Neto & Cristiano",261521,https://open.spotify.com/track/7CmuLM2vfzA78iHeqastoP
200,"Love On The Brain",Rihanna,259924,https://open.spotify.com/track/2aksifNn5ph8igDOkPBA02
