Position,"Track Name",Artist,Streams,URL
1,"Despacito - Remix","Luis Fonsi",2230859,https://open.spotify.com/track/5CtI0qwDJkDQGwXD1H1cLb
2,"I'm the One","DJ Khaled",1396868,https://open.spotify.com/track/72Q0FQQo32KJloivv5xge2
3,Unforgettable,"French Montana",1267719,https://open.spotify.com/track/1F2HXIJrE2Xn81OzT2zZvW
4,HUMBLE.,"Kendrick Lamar",1237080,https://open.spotify.com/track/7KXjTSCq5nL1LoYtL7XAwS
5,"2U (feat. Justin Bieber)","David Guetta",1090017,https://open.spotify.com/track/3A7qX2QjDlPnazUsRk5y0M
6,"XO TOUR Llif3","Lil Uzi Vert",1061972,https://open.spotify.com/track/2eMwDehkIC1j68U6FA3Eiq
7,Congratulations,"Post Malone",822946,https://open.spotify.com/track/3a1lNhkSLSkpJE4MSHpDu9
8,"Strip That Down","Liam Payne",814521,https://open.spotify.com/track/6EpRaXYhGOB3fj4V2uDkMJ
9,"Shape of You","Ed Sheeran",806166,https://open.spotify.com/track/7qiZfU4dY1lWllzX7mPBI3
10,Attention,"Charlie Puth",802180,https://open.spotify.com/track/4iLqG9SeJSnt0cSPICSjxv
11,"Mask Off",Future,787110,https://open.spotify.com/track/3rOSwuTsUlJp0Pu0MkN8r8
12,"Stay (with Alessia Cara)",Zedd,742870,https://open.spotify.com/track/0dA2Mk56wEzDgegdC6R17g
13,"There's Nothing Holdin' Me Back","Shawn Mendes",727937,https://open.spotify.com/track/79cuOz3SPQTuFrp8WgftAu
14,"Slow Hands","Niall Horan",684274,https://open.spotify.com/track/167NczpNbRF7oWakJaY3Hh
15,"Swalla (feat. Nicki Minaj & Ty Dolla $ign)","Jason Derulo",676313,https://open.spotify.com/track/6kex4EBAj0WHXDKZMEJaaF
16,Malibu,"Miley Cyrus",666384,https://open.spotify.com/track/2habSXqcJGExM6JJyskY7O
17,DNA.,"Kendrick Lamar",639565,https://open.spotify.com/track/6HZILIRieu8S0iqY8kIKhj
18,"Bad Liar","Selena Gomez",634172,https://open.spotify.com/track/1sCxVKWImDZSZKvG0U9B23
19,Passionfruit,Drake,633776,https://open.spotify.com/track/7hDc8b7IXETo14hHIHdnhd
20,Slide,"Calvin Harris",629195,https://open.spotify.com/track/6gpcs5eMhJwax4mIfKDYQk
21,Redbone,"Childish Gambino",624095,https://open.spotify.com/track/3kxfsdsCpFgN412fpnW85Y
22,"There for You","Martin Garrix",621503,https://open.spotify.com/track/6jA8HL9i4QGzsj6fjoxp8Y
23,"Know No Better (feat. Quavo)","Major Lazer",616201,https://open.spotify.com/track/3Ytr1SUCUi6J3L9dRFx5iH
24,"Now Or Never",Halsey,614079,https://open.spotify.com/track/7i2DJ88J7jQ8K7zqFX2fW8
25,"It Ain't Me (with Selena Gomez)",Kygo,581875,https://open.spotify.com/track/3eR23VReFzcdmS7TYCrhCe
26,"That's What I Like","Bruno Mars",563051,https://open.spotify.com/track/0KKkJNfGyhkQ5aFogxQAPU
27,"To the Max","DJ Khaled",557651,https://open.spotify.com/track/3pC1ILr9KzmQLMe8Kn5QBG
28,"Symphony (feat. Zara Larsson)","Clean Bandit",557321,https://open.spotify.com/track/1x5sYLZiu9r5E43kMlt9f8
29,"Something Just Like This","The Chainsmokers",545891,https://open.spotify.com/track/6RUKPb4LETWmmr3iAEQktW
30,Believer,"Imagine Dragons",545873,https://open.spotify.com/track/6VRghJeP6I0w1KxkdWFfIh
31,Thunder,"Imagine Dragons",544562,https://open.spotify.com/track/56lBX2WHqfGuoeZxZvUnVj
32,1-800-273-8255,Logic,537779,https://open.spotify.com/track/5tz69p7tJuGPeMGwNTxYuV
33,"Swish Swish","Katy Perry",535207,https://open.spotify.com/track/2kVHAQKVtczchKctctzbtK
34,"Despacito (Featuring Daddy Yankee)","Luis Fonsi",526685,https://open.spotify.com/track/4aWmUDTfIPGksMNLV2rQP2
35,"No Promises (feat. Demi Lovato)","Cheat Codes",515116,https://open.spotify.com/track/1louJpMmzEicAn7lzDalPW
36,Mama,"Jonas Blue",496819,https://open.spotify.com/track/4xlrALxuaCf9yZBHJeTSG6
37,"iSpy (feat. Lil Yachty)",KYLE,487640,https://open.spotify.com/track/2EEeOnHehOozLq4aS0n6SL
38,Rollin,"Calvin Harris",485895,https://open.spotify.com/track/3FDrI0FLKzrYQiWxPhqV2W
39,Location,Khalid,483291,https://open.spotify.com/track/152lZdxL1OR0ZMW6KquMif
40,"Crying in the Club","Camila Cabello",483072,https://open.spotify.com/track/1SJtlNRJDeYHioymcvsqev
41,"First Time",Kygo,482008,https://open.spotify.com/track/2Gl0FzuLxflY6nPifJp5Dr
42,"Pretty Girl - Cheat Codes X CADE Remix","Maggie Lindemann",467292,https://open.spotify.com/track/1NDxZ7cFAo481dtYWdrUnR
43,"Reminding Me","Shawn Hook",463393,https://open.spotify.com/track/7DQXiMeLqiQsy1uqHSk0xc
44,"The Cure","Lady Gaga",461643,https://open.spotify.com/track/51PIvodunv6NmX5250zxAh
45,"Body Like A Back Road","Sam Hunt",455774,https://open.spotify.com/track/7mldq42yDuxiUNn08nvzHO
46,"Sign of the Times","Harry Styles",454186,https://open.spotify.com/track/5Ohxk2dO5COHF1krpoPigN
47,Portland,Drake,449839,https://open.spotify.com/track/2bjwRfXMk4uRgOD9IBYl9h
48,"Most Girls","Hailee Steinfeld",424767,https://open.spotify.com/track/2mfUa8bLs2s5N4VaqJZ4lZ
49,Gyalchester,Drake,424690,https://open.spotify.com/track/6UjfByV1lDLW0SOVQA4NAi
50,"Gucci Store","Madalen Duke",424017,https://open.spotify.com/track/3wfWvMo4Kq12qVR5AAEBdD
51,Issues,"Julia Michaels",398863,https://open.spotify.com/track/1sXUWdKx03aP9Gmzft58rt
52,Down,"Fifth Harmony",375368,https://open.spotify.com/track/7LEydI5NfjY6mZfKwYIptZ
53,Magnolia,"Playboi Carti",374758,https://open.spotify.com/track/1e1JKLEDKP7hEQzJfNAgPl
54,"Drowning (feat. Kodak Black)","A Boogie Wit da Hoodie",373341,https://open.spotify.com/track/3LnOF5n1GOs01siYZXzS3p
55,"Your Song","Rita Ora",370243,https://open.spotify.com/track/4c2W3VKsOFoIg2SFaO6DY5
56,"More Than You Know","Axwell /\ Ingrosso",358856,https://open.spotify.com/track/4q8PHoRsPUB52LFylX8Ulz
57,goosebumps,"Travis Scott",350663,https://open.spotify.com/track/6gBFPUFcJLzWGx4lenP6h2
58,"No Vacancy",OneRepublic,341072,https://open.spotify.com/track/6XOYVSmNDjKUNMXooU4s4z
59,"Tunnel Vision","Kodak Black",336415,https://open.spotify.com/track/4Q3N4Ct4zCuIHuZ65E3BD4
60,"LOYALTY. FEAT. RIHANNA.","Kendrick Lamar",334827,https://open.spotify.com/track/6SwRhMLwNqEi6alNPVG00n
61,"I Like Me Better",Lauv,334584,https://open.spotify.com/track/1wjzFQodRWrPcQ0AnYnvQ9
62,"Slippery (feat. Gucci Mane)",Migos,326948,https://open.spotify.com/track/6p8NuHm8uCGnn2Dtbtf7zE
63,T-Shirt,Migos,325916,https://open.spotify.com/track/7KOlJ92bu51cltsD9KU5I7
64,"Bounce Back","Big Sean",325583,https://open.spotify.com/track/0SGkqnVQo9KPytSri1H6cF
65,"Say You Won't Let Go","James Arthur",314858,https://open.spotify.com/track/5uCax9HTNlzGybIStD3vDh
66,"Bad At Love",Halsey,314602,https://open.spotify.com/track/7y9iMe8SOB6z3NoHE2OfXl
67,"Mask Off - Remix",Future,313279,https://open.spotify.com/track/6DB2KOEwHnjkgEnBt5SdeJ
68,"Galway Girl","Ed Sheeran",312082,https://open.spotify.com/track/0afhq8XCExXpqazXczTSve
69,"Bad and Boujee (feat. Lil Uzi Vert)",Migos,311022,https://open.spotify.com/track/4Km5HrUvYTaSUfiSGPJeQR
70,"Butterfly Effect","Travis Scott",303260,https://open.spotify.com/track/1yxgsra98r3qAtxqiGZPiX
71,"LOVE. FEAT. ZACARI.","Kendrick Lamar",302687,https://open.spotify.com/track/6PGoSes0D9eUDeeAafB2As
72,Swang,"Rae Sremmurd",300967,https://open.spotify.com/track/6mapJIPnQ23RTAevUoE0DL
73,Starboy,"The Weeknd",285764,https://open.spotify.com/track/5aAx2yezTd8zXrkmtKl66Z
74,Closer,"The Chainsmokers",284031,https://open.spotify.com/track/7BKLCZ1jbUBVqRi2FVlTVw
75,"Quit (feat. Ariana Grande)","Cashmere Cat",281337,https://open.spotify.com/track/4Q5yMlwAfAoitqg4r9oZHN
76,"Rockabye (feat. Sean Paul & Anne-Marie)","Clean Bandit",276449,https://open.spotify.com/track/5knuzwU65gJK7IF5yJsuaW
77,"I Don’t Wanna Live Forever (Fifty Shades Darker) - From ""Fifty Shades Darker (Original Motion Picture Soundtrack)""",ZAYN,272913,https://open.spotify.com/track/3NdDpSvN911VPGivFlV5d0
78,"One Dance",Drake,272104,https://open.spotify.com/track/1xznGGDReH1oQq0xzbwXa3
79,"4 AM","2 Chainz",271814,https://open.spotify.com/track/02hNDxtMMTpq72rdp1lm6v
80,Paris,"The Chainsmokers",271435,https://open.spotify.com/track/72jbDTw1piOOj770jWNeaG
81,Selfish,Future,270029,https://open.spotify.com/track/2Ce5IyMlVRVvN997ZJjJJA
82,"Look At Me!",XXXTENTACION,261065,https://open.spotify.com/track/4ARPvK8DHLwt4oX65ZAFMw
83,"Fake Love",Drake,257687,https://open.spotify.com/track/343YBumqHu19cGoGARUTsd
84,"Whippin (feat. Felix Snow)",Kiiara,256892,https://open.spotify.com/track/3QWjljChcOMkRDYSzF33Qr
85,"I Feel It Coming","The Weeknd",254248,https://open.spotify.com/track/5GXAXm5YOmYT0kL5jHvYBt
86,"Scared to Be Lonely","Martin Garrix",245123,https://open.spotify.com/track/3ebXMykcMXOcLeJ9xZ17XH
87,"Castle on the Hill","Ed Sheeran",243040,https://open.spotify.com/track/6PCUP3dWmTjcTtXY02oFdT
88,"Met Gala (feat. Offset)","Gucci Mane",240158,https://open.spotify.com/track/2XaInsPPUkZRkY4uFJ3AHK
89,"Get Right Witcha",Migos,238651,https://open.spotify.com/track/76Y0gxtTxN0FyDCYh5qYQj
90,"Call On Me - Ryan Riback Extended Remix",Starley,238020,https://open.spotify.com/track/78rIJddV4X0HkNAInEcYde
91,Reminder,"The Weeknd",236365,https://open.spotify.com/track/37F0uwRSrdzkBiuj0D5UHI
92,Blem,Drake,233797,https://open.spotify.com/track/2XlHu0HcujBCkWMdIAvrqt
93,wokeuplikethis*,"Playboi Carti",232150,https://open.spotify.com/track/59J5nzL1KniFHnU120dQzt
94,"Uh Huh","Julia Michaels",232039,https://open.spotify.com/track/0ZExP2I5Ej92PsnG4G1jVG
95,"Run Up (feat. PARTYNEXTDOOR & Nicki Minaj)","Major Lazer",222600,https://open.spotify.com/track/0fg8CqpjdojMyXLNzM2PaJ
96,"Nights With You",MØ,220118,https://open.spotify.com/track/5q5gzmbBS5yQzos2BvVr1t
97,"Run Me Dry","Bryson Tiller",215986,https://open.spotify.com/track/5GG3knKdxKWrNboRijxeKF
98,Rolex,"Ayo & Teo",215785,https://open.spotify.com/track/0pSBuHjILhNEo55xK1zrRt
99,"Trap Paris (feat. Quavo & Ty Dolla $ign)","Machine Gun Kelly",215229,https://open.spotify.com/track/5hfpu8saHLGedbHRtNCYjm
100,"It's A Vibe","2 Chainz",212556,https://open.spotify.com/track/41jDpQ9b2VnVdsYEy2nC7z
101,"The Night We Met","Lord Huron",210753,https://open.spotify.com/track/6mORGLOz79w6VsCRLWYYuK
102,"pick up the phone","Young Thug",210520,https://open.spotify.com/track/20dP2DaMHIAmwWAbp7peSr
103,"High Without Your Love",Loote,204740,https://open.spotify.com/track/7qs2GAglLWfxEfmO8u2u0A
104,"SUBEME LA RADIO","Enrique Iglesias",202679,https://open.spotify.com/track/7nKBxz47S9SD79N086fuhn
105,ELEMENT.,"Kendrick Lamar",202253,https://open.spotify.com/track/1EaKU4dMbesXXd3BrLCtYG
106,"do re mi",blackbear,201870,https://open.spotify.com/track/6CUBgX8bXC5YQCkdgRHqyg
107,"Perfect Places",Lorde,198180,https://open.spotify.com/track/1wC93sZRGcTgKLN2UWRSwW
108,"X (feat. Future)","21 Savage",195958,https://open.spotify.com/track/6fwdbPMwP1zVStm8FybmkO
109,"Some Way",NAV,193589,https://open.spotify.com/track/7zxRMhXxJMQCeDDg0rKAVo
110,"Can I Be Him","James Arthur",193043,https://open.spotify.com/track/0VhgEqMTNZwYL1ARDLLNCX
111,Starving,"Hailee Steinfeld",189766,https://open.spotify.com/track/1qOLh0tI7trd1zdDKxYZTe
112,"Broccoli (feat. Lil Yachty)",DRAM,189452,https://open.spotify.com/track/7yyRTcZmCiyzzJlNzGC9Ol
113,"Wild One","Lucky Rose",189334,https://open.spotify.com/track/2pq9pe4fR25v736ZXa8IRn
114,"Don't Let Me Down","The Chainsmokers",189292,https://open.spotify.com/track/0QsvXIfqM0zZoerQfsI9lm
115,"White Iverson","Post Malone",188337,https://open.spotify.com/track/6eT7xZZlB2mwyzJ2sUKG6w
116,"Bon appétit","Katy Perry",187561,https://open.spotify.com/track/61WbtB6ujkpNAsAf5LjF4b
117,Everybody,Logic,185762,https://open.spotify.com/track/7cGFbx7MP0H23iHZTZpqMM
118,Hurricane,"Luke Combs",184398,https://open.spotify.com/track/6xHI9KjUjYT0FPtGO8Mxa1
119,"No Problem (feat. Lil Wayne & 2 Chainz)","Chance The Rapper",184025,https://open.spotify.com/track/0v9Wz8o0BT8DU38R4ddjeH
120,"Still Got Time",ZAYN,182995,https://open.spotify.com/track/000xQL6tZNLJzIrtIgxqSl
121,"Chill Bill","Rob $tone",182935,https://open.spotify.com/track/5uDASfU19gDxSjW8cnCaBp
122,Cold,"Maroon 5",182545,https://open.spotify.com/track/5NNlUMcOEOdoOIwwaWXv0k
123,"Money Longer","Lil Uzi Vert",182128,https://open.spotify.com/track/0B8QzDH7YWih85V5SEMnyJ
124,"My Love (feat. Major Lazer, WizKid, Dua Lipa)",Wale,181715,https://open.spotify.com/track/7rfiXyFb5M9BqdkvKvVEiB
125,"Chained To The Rhythm","Katy Perry",181373,https://open.spotify.com/track/6520aj0B4FSKGVuKNsOCOi
126,Up,NAV,181242,https://open.spotify.com/track/5qbcsZMwL0x46sX7VO37Ye
127,"Go Flex","Post Malone",181156,https://open.spotify.com/track/5yuShbu70mtHXY0yLzCQLQ
128,"Whatever It Takes","Imagine Dragons",179482,https://open.spotify.com/track/4izg6Hydc6XGErWW6nbdsV
129,"Not Going Home",DVBBS,175698,https://open.spotify.com/track/042x9bsUBWW2fJgJ6fUh61
130,RAF,"A$AP Mob",175572,https://open.spotify.com/track/6kl1qtQXQsFiIWRBK24Cfp
131,"Solo Dance","Martin Jensen",174107,https://open.spotify.com/track/6HUnnBwYZqcED1eQztxMBN
132,"The Way I Are (Dance With Somebody) [feat. Lil Wayne]","Bebe Rexha",173607,https://open.spotify.com/track/6Pw3Gvw4wNMZfTYZa6IQal
133,"Party Monster","The Weeknd",172089,https://open.spotify.com/track/4F7A0DXBrmUAkp32uenhZt
134,"Remember I Told You","Nick Jonas",171091,https://open.spotify.com/track/42NpUvd0I2kdIuMXX4nobE
135,"Let Me Love You","DJ Snake",170788,https://open.spotify.com/track/4pdPtRcBmOSQDlJ3Fk945m
136,Selfish,"Virginia To Vegas",170090,https://open.spotify.com/track/1YWd9BzGWXhFBRvDCdg1Th
137,"Cold Water (feat. Justin Bieber & MØ)","Major Lazer",168579,https://open.spotify.com/track/6DNtNfH8hXkqOX1sjqmI7p
138,"I Took A Pill In Ibiza - Seeb Remix","Mike Posner",168014,https://open.spotify.com/track/17Fd6Yb7mSbinKG8LoWfFl
139,"Too Many Years","Kodak Black",164130,https://open.spotify.com/track/0BU7nIcCZxYSE0hYcc5oZz
140,"Teenage Fever",Drake,163697,https://open.spotify.com/track/6n3HGiq4v35D6eFOSwqYuo
141,"Felices los 4",Maluma,163462,https://open.spotify.com/track/0qYTZCo5Bwh1nsUFGZP3zn
142,Perfect,"Ed Sheeran",162875,https://open.spotify.com/track/0tgVpDi06FyKpA1z0VMD4v
143,"Good Life (with G-Eazy & Kehlani)",G-Eazy,162272,https://open.spotify.com/track/1Eck97uRMlprKOOJN9oO1E
144,"Side To Side","Ariana Grande",160471,https://open.spotify.com/track/4pLwZjInHj3SimIyN9SnOz
145,"Not Nice",PARTYNEXTDOOR,159382,https://open.spotify.com/track/4STaHtfguDMkWbPEo6Fwcx
146,"Comin Out Strong",Future,158853,https://open.spotify.com/track/3mRcWCyteY2133a7xVMrYw
147,"Black Beatles","Rae Sremmurd",157689,https://open.spotify.com/track/6fujklziTHa8uoM5OQSfIo
148,Panda,Desiigner,156865,https://open.spotify.com/track/5OOkp4U9P9oL23maHFHL1h
149,"No Long Talk",Drake,155897,https://open.spotify.com/track/6CfrYuD3YRDYdYvH9jNtXY
150,Caroline,Aminé,154216,https://open.spotify.com/track/5GFDrUTLGJix84sNhjCG0g
151,"New Rules","Dua Lipa",153807,https://open.spotify.com/track/2ekn2ttSfGqwhhate0LSR0
152,"No Role Modelz","J. Cole",153699,https://open.spotify.com/track/62vpWI1CHwFy7tMIcSStl8
153,Up,Desiigner,153135,https://open.spotify.com/track/5YYjsDIxJKpVgNLkPpBmRA
154,"Low Life",Future,152854,https://open.spotify.com/track/7EiZI6JVHllARrX9PUvAdX
155,"Come Closer",WizKid,152556,https://open.spotify.com/track/2f9LSU0aBW04w6KL26DW8r
156,Disrespectful,G4SHI,152299,https://open.spotify.com/track/0dvu4Irbq0SM5BWny30rRR
157,"24K Magic","Bruno Mars",152181,https://open.spotify.com/track/6b8Be6ljOzmkOmFslEb23P
158,Young,"The Chainsmokers",151283,https://open.spotify.com/track/1KeZgPUr54C8iz3FjqzVoz
159,"Low Battery",PARTYNEXTDOOR,151151,https://open.spotify.com/track/0iQTYM2f0ZO6nAPIWq0olW
160,Self-Made,"Bryson Tiller",150367,https://open.spotify.com/track/2rUwQj4SWaP2anuGDtNpYR
161,"CAN'T STOP THE FEELING! (Original Song from DreamWorks Animation's ""TROLLS"")","Justin Timberlake",150027,https://open.spotify.com/track/6JV2JOEocMgcZxYSZelKcc
162,"Treat You Better","Shawn Mendes",147994,https://open.spotify.com/track/4Hf7WnR761jpxPr5D46Bcd
163,"beibs in the trap","Travis Scott",147951,https://open.spotify.com/track/0ESJlaM8CE1jRWaNtwSNj8
164,"Work from Home","Fifth Harmony",147660,https://open.spotify.com/track/4tCtwWceOPWzenK2HAIJSb
165,"God, Your Mama, And Me","Florida Georgia Line",147467,https://open.spotify.com/track/4VFE6ZNqa8jHAmbYICoAFg
166,PRBLMS,6LACK,147156,https://open.spotify.com/track/2wf9bp4MkChojtljddWpbO
167,Happier,"Ed Sheeran",147135,https://open.spotify.com/track/2RttW7RAu5nOAfq6YFvApB
168,"We Don't Talk Anymore (feat. Selena Gomez)","Charlie Puth",146117,https://open.spotify.com/track/68EMU2RD1ECNeOeJ5qAXCV
169,"Cheap Thrills",Sia,145388,https://open.spotify.com/track/27SdWb2rFzO6GWiYDBTD9j
170,"Candy Paint","Post Malone",143724,https://open.spotify.com/track/4wdZdkEugVVorAfzqRqC6N
171,"Perfect Pint (feat. Kendrick Lamar, Gucci Mane & Rae Sremmurd)","Mike WiLL Made-It",143185,https://open.spotify.com/track/3A2OHirUAlQp2x73BJlEDA
172,"Craving You","Thomas Rhett",143162,https://open.spotify.com/track/6zLdXcmvIxnAXpz9sXFnIE
173,"Let Me Love You",SJUR,142433,https://open.spotify.com/track/2jfCy43LsFbCQoB6HyetlY
174,"Me Rehúso","Danny Ocean",141219,https://open.spotify.com/track/6De0lHrwBfPfrhorm9q1Xl
175,Controlla,Drake,141184,https://open.spotify.com/track/6F609ICg9Spjrw1epsAnpa
176,"'Till I Collapse",Eminem,141040,https://open.spotify.com/track/6yr8GiTHWvFfi4o6Q5ebdT
177,"Too Good",Drake,141029,https://open.spotify.com/track/11KJSRSgaDxqydKYiD2Jew
178,Photograph,"Ed Sheeran",140660,https://open.spotify.com/track/6fxVffaTuwjgEk5h9QyRjy
179,"Love Yourself","Justin Bieber",139930,https://open.spotify.com/track/3hB5DgAiMAQ4DzYbsMq1IT
180,"Lose Yourself - Soundtrack Version",Eminem,139861,https://open.spotify.com/track/5Z01UMMf7V1o0MzF86s6WJ
181,"You Don't Know Me - Radio Edit","Jax Jones",139819,https://open.spotify.com/track/7M16mAuWuFA5rC9HvkXaGx
182,"In the Name of Love","Martin Garrix",139758,https://open.spotify.com/track/04DwTuZ2VBdJCCC5TROn7L
183,Champions,"Kanye West",139523,https://open.spotify.com/track/3eZGNBvKkExXp8q5FAyM8y
184,"May We All","Florida Georgia Line",139424,https://open.spotify.com/track/498ZVInMGDkmmNVpSWqHiZ
185,Strangers,Halsey,139287,https://open.spotify.com/track/11EDhDAVDtGPoSar6ootYA
186,"What They Want",Russ,139262,https://open.spotify.com/track/3pndPhlQWjuSoXhcIIdBjv
187,"Do Not Disturb",Drake,138811,https://open.spotify.com/track/2KvHC9z14GSl4YpkNMX384
188,"Love On The Brain",Rihanna,138654,https://open.spotify.com/track/2aksifNn5ph8igDOkPBA02
189,"Thinking Out Loud","Ed Sheeran",137646,https://open.spotify.com/track/1Slwb6dOYkBlWal1PGtnNg
190,Heathens,"Twenty One Pilots",137514,https://open.spotify.com/track/6i0V12jOa3mr6uu4WYhUBr
191,"All Night (feat. Knox Fortune)","Chance The Rapper",136019,https://open.spotify.com/track/60xaS8mYBKUW4VQQ666N0T
192,Myself,NAV,134956,https://open.spotify.com/track/05nbZ1xxVNwUTcGwLbp7CN
193,Mercy,"Shawn Mendes",134630,https://open.spotify.com/track/4TZy1wLyHec06pwgFYDh1a
194,"This Is What You Came For","Calvin Harris",134052,https://open.spotify.com/track/0azC730Exh71aQlOt9Zj3y
195,"Bad Things (with Camila Cabello)","Machine Gun Kelly",133978,https://open.spotify.com/track/1PSBzsahR2AKwLJgx8ehBj
196,Dive,"Ed Sheeran",132378,https://open.spotify.com/track/51ChrwmUPDJvedPQnIU8Ls
197,H.O.L.Y.,"Florida Georgia Line",132314,https://open.spotify.com/track/0BCy325UZyR9z0t0uxwn2N
198,Sorry,"Justin Bieber",132058,https://open.spotify.com/track/69bp2EbF7Q2rqc5N3ylezZ
199,"Green Light",Lorde,132031,https://open.spotify.com/track/0gbBzIqrECJOEPvQJIBFs5
200,Chantaje,Shakira,131870,https://open.spotify.com/track/6mICuAdrwEjh6Y6lroV2Kg
