Position,"Track Name",Artist,Streams,URL
1,"Despacito - Remix","Luis Fonsi",1856961,https://open.spotify.com/track/5CtI0qwDJkDQGwXD1H1cLb
2,"Wild Thoughts","DJ Khaled",1401661,https://open.spotify.com/track/1OAh8uOEOvTDqkKFsKksCi
3,"I'm the One","DJ Khaled",1258113,https://open.spotify.com/track/3DXncPQOG4VBw3QHh3S817
4,Unforgettable,"French Montana",1233571,https://open.spotify.com/track/1F2HXIJrE2Xn81OzT2zZvW
5,Signs,Drake,1177150,https://open.spotify.com/track/6Na5uKk5SsqZimk0hAWo8y
6,"XO TOUR Llif3","Lil Uzi Vert",948693,https://open.spotify.com/track/2eMwDehkIC1j68U6FA3Eiq
7,Feels,"Calvin Harris",948568,https://open.spotify.com/track/5bcTCxgc7xVfSaMV3RuVke
8,HUMBLE.,"Kendrick Lamar",933427,https://open.spotify.com/track/7KXjTSCq5nL1LoYtL7XAwS
9,"2U (feat. Justin Bieber)","David Guetta",882799,https://open.spotify.com/track/3A7qX2QjDlPnazUsRk5y0M
10,Slide,"Calvin Harris",868908,https://open.spotify.com/track/7tr2za8SQg2CI8EDgrdtNl
11,Congratulations,"Post Malone",796480,https://open.spotify.com/track/3a1lNhkSLSkpJE4MSHpDu9
12,"Strip That Down","Liam Payne",775282,https://open.spotify.com/track/6EpRaXYhGOB3fj4V2uDkMJ
13,"There's Nothing Holdin' Me Back","Shawn Mendes",724029,https://open.spotify.com/track/79cuOz3SPQTuFrp8WgftAu
14,Attention,"Charlie Puth",723884,https://open.spotify.com/track/4iLqG9SeJSnt0cSPICSjxv
15,"Shape of You","Ed Sheeran",723569,https://open.spotify.com/track/7qiZfU4dY1lWllzX7mPBI3
16,Believer,"Imagine Dragons",708694,https://open.spotify.com/track/0CcQNd8CINkwQfe1RDtGV6
17,"Slow Hands","Niall Horan",697481,https://open.spotify.com/track/167NczpNbRF7oWakJaY3Hh
18,Thunder,"Imagine Dragons",665290,https://open.spotify.com/track/0tKcYR2II1VCQWT79i5NrW
19,Rollin,"Calvin Harris",630285,https://open.spotify.com/track/0lMbuWUpfTWhEmOKxppEau
20,Redbone,"Childish Gambino",605543,https://open.spotify.com/track/3kxfsdsCpFgN412fpnW85Y
21,"Bad Liar","Selena Gomez",592324,https://open.spotify.com/track/1sCxVKWImDZSZKvG0U9B23
22,"Stay (with Alessia Cara)",Zedd,589302,https://open.spotify.com/track/0dA2Mk56wEzDgegdC6R17g
23,"Mask Off",Future,586101,https://open.spotify.com/track/3rOSwuTsUlJp0Pu0MkN8r8
24,DNA.,"Kendrick Lamar",560701,https://open.spotify.com/track/6HZILIRieu8S0iqY8kIKhj
25,Passionfruit,Drake,548283,https://open.spotify.com/track/7hDc8b7IXETo14hHIHdnhd
26,"There for You","Martin Garrix",535984,https://open.spotify.com/track/6jA8HL9i4QGzsj6fjoxp8Y
27,Mama,"Jonas Blue",533739,https://open.spotify.com/track/4xlrALxuaCf9yZBHJeTSG6
28,"Crying in the Club","Camila Cabello",528623,https://open.spotify.com/track/1SJtlNRJDeYHioymcvsqev
29,"Know No Better (feat. Quavo)","Major Lazer",522739,https://open.spotify.com/track/3Ytr1SUCUi6J3L9dRFx5iH
30,"Now Or Never",Halsey,514722,https://open.spotify.com/track/0Nhu3zSYbEz32IYiobV75e
31,"It Ain't Me (with Selena Gomez)",Kygo,504551,https://open.spotify.com/track/3eR23VReFzcdmS7TYCrhCe
32,"That's What I Like","Bruno Mars",495794,https://open.spotify.com/track/0KKkJNfGyhkQ5aFogxQAPU
33,"Body Like A Back Road","Sam Hunt",488209,https://open.spotify.com/track/7mldq42yDuxiUNn08nvzHO
34,"Something Just Like This","The Chainsmokers",485307,https://open.spotify.com/track/6RUKPb4LETWmmr3iAEQktW
35,"More Than You Know","Axwell /\ Ingrosso",475307,https://open.spotify.com/track/4q8PHoRsPUB52LFylX8Ulz
36,Location,Khalid,474996,https://open.spotify.com/track/152lZdxL1OR0ZMW6KquMif
37,"Despacito (Featuring Daddy Yankee)","Luis Fonsi",468456,https://open.spotify.com/track/4aWmUDTfIPGksMNLV2rQP2
38,Malibu,"Miley Cyrus",466604,https://open.spotify.com/track/2habSXqcJGExM6JJyskY7O
39,"Butterfly Effect","Travis Scott",445076,https://open.spotify.com/track/1yxgsra98r3qAtxqiGZPiX
40,"No Complaints","Metro Boomin",443377,https://open.spotify.com/track/6kig1UFggPUyZBCvXD3Wod
41,"First Time",Kygo,439776,https://open.spotify.com/track/2Gl0FzuLxflY6nPifJp5Dr
42,"Swalla (feat. Nicki Minaj & Ty Dolla $ign)","Jason Derulo",436384,https://open.spotify.com/track/6kex4EBAj0WHXDKZMEJaaF
43,"Symphony (feat. Zara Larsson)","Clean Bandit",428538,https://open.spotify.com/track/1x5sYLZiu9r5E43kMlt9f8
44,"Slippery (feat. Gucci Mane)",Migos,426261,https://open.spotify.com/track/6p8NuHm8uCGnn2Dtbtf7zE
45,"Reminding Me","Shawn Hook",423125,https://open.spotify.com/track/4gqMQftUs22F8pOGVn5Acr
46,1-800-273-8255,Logic,420471,https://open.spotify.com/track/5tz69p7tJuGPeMGwNTxYuV
47,"Most Girls","Hailee Steinfeld",413512,https://open.spotify.com/track/2mfUa8bLs2s5N4VaqJZ4lZ
48,"I Like Me Better",Lauv,412942,https://open.spotify.com/track/1wjzFQodRWrPcQ0AnYnvQ9
49,"Pretty Girl - Cheat Codes X CADE Remix","Maggie Lindemann",402653,https://open.spotify.com/track/1NDxZ7cFAo481dtYWdrUnR
50,Magnolia,"Playboi Carti",387301,https://open.spotify.com/track/1e1JKLEDKP7hEQzJfNAgPl
51,"Your Song","Rita Ora",369583,https://open.spotify.com/track/4c2W3VKsOFoIg2SFaO6DY5
52,Portland,Drake,358628,https://open.spotify.com/track/2bjwRfXMk4uRgOD9IBYl9h
53,"iSpy (feat. Lil Yachty)",KYLE,351996,https://open.spotify.com/track/2EEeOnHehOozLq4aS0n6SL
54,goosebumps,"Travis Scott",349398,https://open.spotify.com/track/6gBFPUFcJLzWGx4lenP6h2
55,Down,"Fifth Harmony",345040,https://open.spotify.com/track/7LEydI5NfjY6mZfKwYIptZ
56,"Swish Swish","Katy Perry",342222,https://open.spotify.com/track/2kVHAQKVtczchKctctzbtK
57,"No Promises (feat. Demi Lovato)","Cheat Codes",340966,https://open.spotify.com/track/1louJpMmzEicAn7lzDalPW
58,"Drowning (feat. Kodak Black)","A Boogie Wit da Hoodie",339041,https://open.spotify.com/track/6Q2FftbUG530lCtBI74bMH
59,"No Vacancy",OneRepublic,314737,https://open.spotify.com/track/6XOYVSmNDjKUNMXooU4s4z
60,"Don't Quit","DJ Khaled",302576,https://open.spotify.com/track/4vv1KjUzPwrtDbozizSfQc
61,Issues,"Julia Michaels",299953,https://open.spotify.com/track/1sXUWdKx03aP9Gmzft58rt
62,"4 AM","2 Chainz",299945,https://open.spotify.com/track/1nX9KhK3Fff27SnrIor2Yb
63,Gyalchester,Drake,296537,https://open.spotify.com/track/6UjfByV1lDLW0SOVQA4NAi
64,"It's A Vibe","2 Chainz",287408,https://open.spotify.com/track/6H0AwSQ20mo62jGlPGB8S6
65,"Galway Girl","Ed Sheeran",280283,https://open.spotify.com/track/0afhq8XCExXpqazXczTSve
66,T-Shirt,Migos,276198,https://open.spotify.com/track/7KOlJ92bu51cltsD9KU5I7
67,Closer,"The Chainsmokers",273688,https://open.spotify.com/track/7BKLCZ1jbUBVqRi2FVlTVw
68,"Tunnel Vision","Kodak Black",273179,https://open.spotify.com/track/4Q3N4Ct4zCuIHuZ65E3BD4
69,"Bounce Back","Big Sean",271454,https://open.spotify.com/track/0SGkqnVQo9KPytSri1H6cF
70,"Say You Won't Let Go","James Arthur",268494,https://open.spotify.com/track/5uCax9HTNlzGybIStD3vDh
71,"Faking It","Calvin Harris",268409,https://open.spotify.com/track/0pJPdSVti6cTM1Q6xYGmcf
72,Swang,"Rae Sremmurd",262802,https://open.spotify.com/track/6mapJIPnQ23RTAevUoE0DL
73,Starboy,"The Weeknd",261657,https://open.spotify.com/track/5aAx2yezTd8zXrkmtKl66Z
74,"One Dance",Drake,260492,https://open.spotify.com/track/1xznGGDReH1oQq0xzbwXa3
75,"LOYALTY. FEAT. RIHANNA.","Kendrick Lamar",258975,https://open.spotify.com/track/6SwRhMLwNqEi6alNPVG00n
76,"Homemade Dynamite",Lorde,252487,https://open.spotify.com/track/12o6dxWGk29uIAP3OWY0pM
77,"LOVE. FEAT. ZACARI.","Kendrick Lamar",251091,https://open.spotify.com/track/6PGoSes0D9eUDeeAafB2As
78,Reminder,"The Weeknd",248737,https://open.spotify.com/track/37F0uwRSrdzkBiuj0D5UHI
79,"Sign of the Times","Harry Styles",246104,https://open.spotify.com/track/5Ohxk2dO5COHF1krpoPigN
80,"Cash Out","Calvin Harris",244167,https://open.spotify.com/track/0Ws8D3EWUDgY962Xftb0h5
81,"Bad and Boujee (feat. Lil Uzi Vert)",Migos,243808,https://open.spotify.com/track/4Km5HrUvYTaSUfiSGPJeQR
82,"Mask Off - Remix",Future,233338,https://open.spotify.com/track/6dVZCbi9CYtD9LjAHXRjIG
83,"Rockabye (feat. Sean Paul & Anne-Marie)","Clean Bandit",231321,https://open.spotify.com/track/5knuzwU65gJK7IF5yJsuaW
84,"Fake Love",Drake,230885,https://open.spotify.com/track/343YBumqHu19cGoGARUTsd
85,"Craving You","Thomas Rhett",230610,https://open.spotify.com/track/6zLdXcmvIxnAXpz9sXFnIE
86,ELEMENT.,"Kendrick Lamar",230416,https://open.spotify.com/track/1EaKU4dMbesXXd3BrLCtYG
87,Paris,"The Chainsmokers",229055,https://open.spotify.com/track/72jbDTw1piOOj770jWNeaG
88,"I Feel It Coming","The Weeknd",226304,https://open.spotify.com/track/5GXAXm5YOmYT0kL5jHvYBt
89,"I Don’t Wanna Live Forever (Fifty Shades Darker) - From ""Fifty Shades Darker (Original Motion Picture Soundtrack)""",ZAYN,225668,https://open.spotify.com/track/3NdDpSvN911VPGivFlV5d0
90,"High Without Your Love",Loote,224984,https://open.spotify.com/track/7qs2GAglLWfxEfmO8u2u0A
91,"Prayers Up","Calvin Harris",222285,https://open.spotify.com/track/4KaIJ1FWXUoAAnOts1YWjD
92,"Mi Gente","J Balvin",220939,https://open.spotify.com/track/2rb5MvYT7ZIxbKW5hfcHx8
93,"The Cure","Lady Gaga",220724,https://open.spotify.com/track/51PIvodunv6NmX5250zxAh
94,Heatstroke,"Calvin Harris",220324,https://open.spotify.com/track/60APt5N2NRaKWf5xzJdzyC
95,"Castle on the Hill","Ed Sheeran",215402,https://open.spotify.com/track/6PCUP3dWmTjcTtXY02oFdT
96,"Whatever It Takes","Imagine Dragons",211363,https://open.spotify.com/track/4IWAyPf1KMq7JCyGeCjTeH
97,wokeuplikethis*,"Playboi Carti",210080,https://open.spotify.com/track/59J5nzL1KniFHnU120dQzt
98,Rolex,"Ayo & Teo",204982,https://open.spotify.com/track/0pSBuHjILhNEo55xK1zrRt
99,"Call On Me - Ryan Riback Extended Remix",Starley,203703,https://open.spotify.com/track/78rIJddV4X0HkNAInEcYde
100,"Glorious (feat. Skylar Grey)",Macklemore,203636,https://open.spotify.com/track/3HVr6jTVwBHBa2flM0eURR
101,"One I Want (feat. PARTYNEXTDOOR)","Majid Jordan",200410,https://open.spotify.com/track/0qfq195ZlBgRNeeABoQCwp
102,Blem,Drake,199965,https://open.spotify.com/track/2XlHu0HcujBCkWMdIAvrqt
103,"Met Gala (feat. Offset)","Gucci Mane",199670,https://open.spotify.com/track/2XaInsPPUkZRkY4uFJ3AHK
104,"pick up the phone","Young Thug",197912,https://open.spotify.com/track/20dP2DaMHIAmwWAbp7peSr
105,"Look At Me!",XXXTENTACION,197872,https://open.spotify.com/track/4ARPvK8DHLwt4oX65ZAFMw
106,PIE,Future,192285,https://open.spotify.com/track/0NZUqq4iLQddokgtiC44Kb
107,"Extra Luv",Future,192227,https://open.spotify.com/track/1tlBuoIRrtqFs9bE9dmli5
108,"Young Dumb & Broke",Khalid,192038,https://open.spotify.com/track/5Z3GHaZ6ec9bsiI5BenrbY
109,"Run Up (feat. PARTYNEXTDOOR & Nicki Minaj)","Major Lazer",189668,https://open.spotify.com/track/0fg8CqpjdojMyXLNzM2PaJ
110,"Get Right Witcha",Migos,188543,https://open.spotify.com/track/76Y0gxtTxN0FyDCYh5qYQj
111,"Trap Paris (feat. Quavo & Ty Dolla $ign)","Machine Gun Kelly",185432,https://open.spotify.com/track/5hfpu8saHLGedbHRtNCYjm
112,"Don't Let Me Down","The Chainsmokers",184380,https://open.spotify.com/track/0QsvXIfqM0zZoerQfsI9lm
113,"Uh Huh","Julia Michaels",184263,https://open.spotify.com/track/1eVRnmGhDPATPxz6kqWuCP
114,"X (feat. Future)","21 Savage",182464,https://open.spotify.com/track/6fwdbPMwP1zVStm8FybmkO
115,"SUBEME LA RADIO","Enrique Iglesias",180085,https://open.spotify.com/track/7nKBxz47S9SD79N086fuhn
116,"Can I Be Him","James Arthur",179909,https://open.spotify.com/track/0VhgEqMTNZwYL1ARDLLNCX
117,"Who Dat Boy","Tyler, The Creator",178305,https://open.spotify.com/track/1a0wEEHipnBR7WOHFA6ucQ
118,"Some Way",NAV,177847,https://open.spotify.com/track/7zxRMhXxJMQCeDDg0rKAVo
119,"911 / Mr. Lonely","Tyler, The Creator",177468,https://open.spotify.com/track/1pGAvZo2axYXAXYiSeYEqY
120,"Run Me Dry","Bryson Tiller",177132,https://open.spotify.com/track/5GG3knKdxKWrNboRijxeKF
121,"Nights With You",MØ,176561,https://open.spotify.com/track/5q5gzmbBS5yQzos2BvVr1t
122,Hurricane,"Luke Combs",175835,https://open.spotify.com/track/6xHI9KjUjYT0FPtGO8Mxa1
123,"Love Galore",SZA,175036,https://open.spotify.com/track/0q75NwOoFiARAVp4EXU4Bs
124,"Two High","Moon Taxi",174380,https://open.spotify.com/track/3sJHkcxojoJD2Ytbo1yLLF
125,"Broccoli (feat. Lil Yachty)",DRAM,173360,https://open.spotify.com/track/7yyRTcZmCiyzzJlNzGC9Ol
126,"Money Longer","Lil Uzi Vert",172354,https://open.spotify.com/track/0B8QzDH7YWih85V5SEMnyJ
127,"Skrt On Me","Calvin Harris",171196,https://open.spotify.com/track/7iDxZ5Cd0Yg08d4fI5WVtG
128,"Relationship (feat. Future)","Young Thug",171123,https://open.spotify.com/track/25oOaleife6E2MIKmFkPvg
129,"Chill Bill","Rob $tone",171122,https://open.spotify.com/track/5uDASfU19gDxSjW8cnCaBp
130,"Love Again",Hedley,169114,https://open.spotify.com/track/3izYo2ghdPK4B8jwXYgje4
131,"White Iverson","Post Malone",167964,https://open.spotify.com/track/6eT7xZZlB2mwyzJ2sUKG6w
132,"Scared to Be Lonely","Martin Garrix",167862,https://open.spotify.com/track/3ebXMykcMXOcLeJ9xZ17XH
133,Starving,"Hailee Steinfeld",167060,https://open.spotify.com/track/1qOLh0tI7trd1zdDKxYZTe
134,"Tone it Down (feat. Chris Brown)","Gucci Mane",166588,https://open.spotify.com/track/0iTCmKvuU1ReULiQB0rI7n
135,"The Night We Met","Lord Huron",165189,https://open.spotify.com/track/6mORGLOz79w6VsCRLWYYuK
136,"Parallel Lines",DVBBS,163458,https://open.spotify.com/track/4XGqzhzg4PDmdPEMWmi7r8
137,"Let Me Love You","DJ Snake",162052,https://open.spotify.com/track/4pdPtRcBmOSQDlJ3Fk945m
138,"Felices los 4",Maluma,161809,https://open.spotify.com/track/0qYTZCo5Bwh1nsUFGZP3zn
139,"Go Flex","Post Malone",161184,https://open.spotify.com/track/5yuShbu70mtHXY0yLzCQLQ
140,"My Love (feat. Major Lazer, WizKid, Dua Lipa)",Wale,160639,https://open.spotify.com/track/7rfiXyFb5M9BqdkvKvVEiB
141,"Cold Water (feat. Justin Bieber & MØ)","Major Lazer",160308,https://open.spotify.com/track/6DNtNfH8hXkqOX1sjqmI7p
142,"Whippin (feat. Felix Snow)",Kiiara,159197,https://open.spotify.com/track/3QWjljChcOMkRDYSzF33Qr
143,"do re mi",blackbear,158767,https://open.spotify.com/track/3Q3myFA7q4Op95DOpHplaY
144,"I Took A Pill In Ibiza - Seeb Remix","Mike Posner",158521,https://open.spotify.com/track/17Fd6Yb7mSbinKG8LoWfFl
145,"Green Light",Lorde,156629,https://open.spotify.com/track/0gbBzIqrECJOEPvQJIBFs5
146,Holiday,"Calvin Harris",155293,https://open.spotify.com/track/08Wc3X7XNSyF8WYBPt2L8E
147,Panda,Desiigner,155089,https://open.spotify.com/track/5OOkp4U9P9oL23maHFHL1h
148,"Not Going Home",DVBBS,155031,https://open.spotify.com/track/042x9bsUBWW2fJgJ6fUh61
149,"Wild One","Lucky Rose",154125,https://open.spotify.com/track/2pq9pe4fR25v736ZXa8IRn
150,Up,NAV,153983,https://open.spotify.com/track/5qbcsZMwL0x46sX7VO37Ye
151,"Where The Love Goes",Anjulie,153494,https://open.spotify.com/track/0Xa7b1Kw7I08dD2k7zZKtV
152,"CAN'T STOP THE FEELING! (Original Song from DreamWorks Animation's ""TROLLS"")","Justin Timberlake",152322,https://open.spotify.com/track/6JV2JOEocMgcZxYSZelKcc
153,"Solo Dance","Martin Jensen",152314,https://open.spotify.com/track/6HUnnBwYZqcED1eQztxMBN
154,"Too Many Years","Kodak Black",150258,https://open.spotify.com/track/0BU7nIcCZxYSE0hYcc5oZz
155,"Party Monster","The Weeknd",150155,https://open.spotify.com/track/4F7A0DXBrmUAkp32uenhZt
156,"Treat You Better","Shawn Mendes",146484,https://open.spotify.com/track/4Hf7WnR761jpxPr5D46Bcd
157,Selfish,Future,146078,https://open.spotify.com/track/2Ce5IyMlVRVvN997ZJjJJA
158,"Black Beatles","Rae Sremmurd",145899,https://open.spotify.com/track/6fujklziTHa8uoM5OQSfIo
159,"How Far I'll Go - From ""Moana""","Alessia Cara",145472,https://open.spotify.com/track/5hYTyyh2odQKphUbMqc5gN
160,"Came Here for Love",Sigala,145391,https://open.spotify.com/track/3kGfazcbVvVkuZunzlLgTD
161,"Hard to Love","Calvin Harris",145251,https://open.spotify.com/track/6KdmNK9MogmGcnO3wNZHhp
162,"Side To Side","Ariana Grande",144873,https://open.spotify.com/track/4pLwZjInHj3SimIyN9SnOz
163,"What They Want",Russ,144191,https://open.spotify.com/track/3pndPhlQWjuSoXhcIIdBjv
164,"Me Rehúso","Danny Ocean",143966,https://open.spotify.com/track/6De0lHrwBfPfrhorm9q1Xl
165,"24K Magic","Bruno Mars",143908,https://open.spotify.com/track/6b8Be6ljOzmkOmFslEb23P
166,Cold,"Maroon 5",142879,https://open.spotify.com/track/5NNlUMcOEOdoOIwwaWXv0k
167,Everybody,Logic,142715,https://open.spotify.com/track/7cGFbx7MP0H23iHZTZpqMM
168,Perfect,"Ed Sheeran",142495,https://open.spotify.com/track/0tgVpDi06FyKpA1z0VMD4v
169,"No Role Modelz","J. Cole",141994,https://open.spotify.com/track/62vpWI1CHwFy7tMIcSStl8
170,"God, Your Mama, And Me","Florida Georgia Line",141375,https://open.spotify.com/track/4VFE6ZNqa8jHAmbYICoAFg
171,"Cheap Thrills",Sia,141134,https://open.spotify.com/track/27SdWb2rFzO6GWiYDBTD9j
172,"'Till I Collapse",Eminem,140676,https://open.spotify.com/track/6yr8GiTHWvFfi4o6Q5ebdT
173,"May We All","Florida Georgia Line",140477,https://open.spotify.com/track/498ZVInMGDkmmNVpSWqHiZ
174,"Don't Stop Believin'",Journey,140433,https://open.spotify.com/track/4bHsxqR3GMrXTxEPLuK5ue
175,"New Rules","Dua Lipa",140242,https://open.spotify.com/track/2ekn2ttSfGqwhhate0LSR0
176,"We Don't Talk Anymore (feat. Selena Gomez)","Charlie Puth",138861,https://open.spotify.com/track/68EMU2RD1ECNeOeJ5qAXCV
177,Caroline,Aminé,137617,https://open.spotify.com/track/5GFDrUTLGJix84sNhjCG0g
178,"Work from Home","Fifth Harmony",137002,https://open.spotify.com/track/4tCtwWceOPWzenK2HAIJSb
179,"No Problem (feat. Lil Wayne & 2 Chainz)","Chance The Rapper",136982,https://open.spotify.com/track/0v9Wz8o0BT8DU38R4ddjeH
180,"Low Life",Future,136844,https://open.spotify.com/track/7EiZI6JVHllARrX9PUvAdX
181,H.O.L.Y.,"Florida Georgia Line",136410,https://open.spotify.com/track/0BCy325UZyR9z0t0uxwn2N
182,"Still Got Time",ZAYN,136213,https://open.spotify.com/track/000xQL6tZNLJzIrtIgxqSl
183,"beibs in the trap","Travis Scott",135501,https://open.spotify.com/track/0ESJlaM8CE1jRWaNtwSNj8
184,"Too Good",Drake,134748,https://open.spotify.com/track/11KJSRSgaDxqydKYiD2Jew
185,"This Is What You Came For","Calvin Harris",134746,https://open.spotify.com/track/0azC730Exh71aQlOt9Zj3y
186,Disrespectful,G4SHI,133973,https://open.spotify.com/track/0dvu4Irbq0SM5BWny30rRR
187,"Love Yourself","Justin Bieber",133962,https://open.spotify.com/track/3hB5DgAiMAQ4DzYbsMq1IT
188,Liife,Desiigner,133899,https://open.spotify.com/track/1W8vII5CLpMMzAGvGlAgCk
189,"Come Closer",WizKid,133838,https://open.spotify.com/track/2f9LSU0aBW04w6KL26DW8r
190,"Not Nice",PARTYNEXTDOOR,133795,https://open.spotify.com/track/4STaHtfguDMkWbPEo6Fwcx
191,Controlla,Drake,133675,https://open.spotify.com/track/6F609ICg9Spjrw1epsAnpa
192,"Comin Out Strong",Future,133179,https://open.spotify.com/track/3mRcWCyteY2133a7xVMrYw
193,Photograph,"Ed Sheeran",133079,https://open.spotify.com/track/6fxVffaTuwjgEk5h9QyRjy
194,Sorry,"Justin Bieber",132861,https://open.spotify.com/track/69bp2EbF7Q2rqc5N3ylezZ
195,"What Ifs","Kane Brown",132857,https://open.spotify.com/track/7zVCrzzEJU7u24sbJPXA5W
196,"In Case You Didn't Know","Brett Young",132310,https://open.spotify.com/track/10M2Ex445zw585Ducldzkw
197,"Ni**as In Paris","JAY Z",131868,https://open.spotify.com/track/2KpCpk6HjXXLb7nnXoXA5O
198,"The Way I Are (Dance With Somebody) [feat. Lil Wayne]","Bebe Rexha",131598,https://open.spotify.com/track/6Pw3Gvw4wNMZfTYZa6IQal
199,Heathens,"Twenty One Pilots",131438,https://open.spotify.com/track/6i0V12jOa3mr6uu4WYhUBr
200,"Scars To Your Beautiful","Alessia Cara",130747,https://open.spotify.com/track/0prNGof3XqfTvNDxHonvdK
