Position,"Track Name",Artist,Streams,URL
1,"Look What You Made Me Do","Taylor Swift",1211978,https://open.spotify.com/track/6uFsE1JgZ20EXyU0JQZbUR
2,Unforgettable,"French Montana",1022130,https://open.spotify.com/track/3B54sVLJ402zGa6Xm4YGNe
3,"Mi Gente","J Balvin",848427,https://open.spotify.com/track/2rb5MvYT7ZIxbKW5hfcHx8
4,"Friends (with BloodPop®)","Justin Bieber",846144,https://open.spotify.com/track/7nZmah2llfvLDiUjm0kiyz
5,"XO TOUR Llif3","Lil Uzi Vert",844763,https://open.spotify.com/track/7GX5flRQZVHRAGd6B4TmDO
6,Havana,"Camila Cabello",816566,https://open.spotify.com/track/0ofbQMrRDsUaVKq2mGLEAb
7,Silence,Marshmello,813995,https://open.spotify.com/track/7vGuf3Y35N4wmASOKLUVVU
8,Feels,"Calvin Harris",794338,https://open.spotify.com/track/5bcTCxgc7xVfSaMV3RuVke
9,"Sorry Not Sorry","Demi Lovato",792216,https://open.spotify.com/track/25C5CowdsfXld2jJanbiex
10,"Bank Account","21 Savage",780101,https://open.spotify.com/track/5eqK0tbzUPo2SoeZsov04s
11,1-800-273-8255,Logic,748117,https://open.spotify.com/track/5tz69p7tJuGPeMGwNTxYuV
12,"Despacito - Remix","Luis Fonsi",731270,https://open.spotify.com/track/5CtI0qwDJkDQGwXD1H1cLb
13,"...Ready For It?","Taylor Swift",724274,https://open.spotify.com/track/7zgqtptZvhf8GEmdsM2vp2
14,"Wild Thoughts","DJ Khaled",714513,https://open.spotify.com/track/1OAh8uOEOvTDqkKFsKksCi
15,"Strip That Down","Liam Payne",714302,https://open.spotify.com/track/6EpRaXYhGOB3fj4V2uDkMJ
16,"New Rules","Dua Lipa",697122,https://open.spotify.com/track/2ekn2ttSfGqwhhate0LSR0
17,"Bodak Yellow","Cardi B",670412,https://open.spotify.com/track/2771LMNxwf62FTAdpJMQfM
18,HUMBLE.,"Kendrick Lamar",660374,https://open.spotify.com/track/7KXjTSCq5nL1LoYtL7XAwS
19,Attention,"Charlie Puth",636765,https://open.spotify.com/track/4iLqG9SeJSnt0cSPICSjxv
20,Signs,Drake,634166,https://open.spotify.com/track/5EnYT6F7wEcdege6mDHEfO
21,"Jocelyn Flores",XXXTENTACION,623849,https://open.spotify.com/track/7m9OqQk4RVRkw9JJdeAw96
22,"Slow Hands","Niall Horan",600735,https://open.spotify.com/track/167NczpNbRF7oWakJaY3Hh
23,"Glorious (feat. Skylar Grey)",Macklemore,598921,https://open.spotify.com/track/3HVr6jTVwBHBa2flM0eURR
24,"Back to You (feat. Bebe Rexha & Digital Farm Animals)","Louis Tomlinson",598666,https://open.spotify.com/track/7F9vK8hNFMml4GtHsaXui6
25,"Butterfly Effect","Travis Scott",595642,https://open.spotify.com/track/1yxgsra98r3qAtxqiGZPiX
26,Thunder,"Imagine Dragons",566187,https://open.spotify.com/track/0tKcYR2II1VCQWT79i5NrW
27,"Young Dumb & Broke",Khalid,556386,https://open.spotify.com/track/5Z3GHaZ6ec9bsiI5BenrbY
28,"I Like Me Better",Lauv,542317,https://open.spotify.com/track/1wjzFQodRWrPcQ0AnYnvQ9
29,Congratulations,"Post Malone",525843,https://open.spotify.com/track/3a1lNhkSLSkpJE4MSHpDu9
30,"What Lovers Do (feat. SZA)","Maroon 5",517827,https://open.spotify.com/track/4mxWSdf71VFO52qFeY0fZt
31,"2U (feat. Justin Bieber)","David Guetta",516906,https://open.spotify.com/track/3A7qX2QjDlPnazUsRk5y0M
32,"I'm the One","DJ Khaled",503545,https://open.spotify.com/track/3DXncPQOG4VBw3QHh3S817
33,"More Than You Know","Axwell /\ Ingrosso",493568,https://open.spotify.com/track/3PEgB3fkiojxms35ntsTgs
34,"There's Nothing Holdin' Me Back","Shawn Mendes",492896,https://open.spotify.com/track/79cuOz3SPQTuFrp8WgftAu
35,"Fuck Love (feat. Trippie Redd)",XXXTENTACION,491880,https://open.spotify.com/track/7AQim7LbvFVZJE3O8TYgf2
36,"What About Us",P!nk,483929,https://open.spotify.com/track/31MkGwj0SWgZaTvEt5Hgxv
37,"Shape of You","Ed Sheeran",472445,https://open.spotify.com/track/7qiZfU4dY1lWllzX7mPBI3
38,"Without You (feat. Sandro Cavazza)",Avicii,455425,https://open.spotify.com/track/6WbADFqMvR8N5u0BvtsWQE
39,Believer,"Imagine Dragons",452222,https://open.spotify.com/track/0CcQNd8CINkwQfe1RDtGV6
40,"I Get The Bag (feat. Migos)","Gucci Mane",451626,https://open.spotify.com/track/1HTtUBEY3tuw2btgwwI2Ja
41,"Rich Love (with Seeb)",OneRepublic,446973,https://open.spotify.com/track/7aF09WaavZAmAWuUeYxlYD
42,"Lonely Together (feat. Rita Ora)",Avicii,443487,https://open.spotify.com/track/2OALaHcDdKkjYEpAr0Qzab
43,"Fetish (feat. Gucci Mane)","Selena Gomez",436746,https://open.spotify.com/track/0XLOf9LhyazPX9Ld8jPiUq
44,Praying,Kesha,435870,https://open.spotify.com/track/0jdny0dhgjUwoIp5GkqEaA
45,"Would You Ever",Skrillex,412568,https://open.spotify.com/track/57p8CBvPOxrvyCbn6ttl5r
46,Questions,"Chris Brown",408173,https://open.spotify.com/track/5XQMr19TL7Mfksq9zihbOu
47,OMG,"Camila Cabello",399899,https://open.spotify.com/track/4xBjsLUSjcx2h7PcRikpQp
48,"Body Like A Back Road","Sam Hunt",392202,https://open.spotify.com/track/7mldq42yDuxiUNn08nvzHO
49,Location,Khalid,385522,https://open.spotify.com/track/152lZdxL1OR0ZMW6KquMif
50,"Your Song","Rita Ora",376519,https://open.spotify.com/track/4c2W3VKsOFoIg2SFaO6DY5
51,"Feel It Still","Portugal. The Man",356018,https://open.spotify.com/track/6QgjcU0zLnzq5OrUoSZ3OK
52,DNA.,"Kendrick Lamar",351248,https://open.spotify.com/track/6HZILIRieu8S0iqY8kIKhj
53,"Slippery (feat. Gucci Mane)",Migos,350777,https://open.spotify.com/track/6p8NuHm8uCGnn2Dtbtf7zE
54,"The Way Life Goes","Lil Uzi Vert",348620,https://open.spotify.com/track/2eAZfqOm4EnOF9VvN50Tyc
55,"Everybody Dies In Their Nightmares",XXXTENTACION,346979,https://open.spotify.com/track/3GVkPk8mqxz0itaAriG1L7
56,Magnolia,"Playboi Carti",342822,https://open.spotify.com/track/1e1JKLEDKP7hEQzJfNAgPl
57,Redbone,"Childish Gambino",339593,https://open.spotify.com/track/3kxfsdsCpFgN412fpnW85Y
58,"Something Just Like This","The Chainsmokers",317764,https://open.spotify.com/track/6RUKPb4LETWmmr3iAEQktW
59,goosebumps,"Travis Scott",308809,https://open.spotify.com/track/6gBFPUFcJLzWGx4lenP6h2
60,Mama,"Jonas Blue",307787,https://open.spotify.com/track/0NiXXAI876aGImAd6rTj8w
61,"Roll In Peace (feat. XXXTENTACION)","Kodak Black",304756,https://open.spotify.com/track/40oKW22ZNNkEdZLJTScaQI
62,"It's A Vibe","2 Chainz",297498,https://open.spotify.com/track/6H0AwSQ20mo62jGlPGB8S6
63,Slide,"Calvin Harris",297226,https://open.spotify.com/track/7tr2za8SQg2CI8EDgrdtNl
64,Passionfruit,Drake,295698,https://open.spotify.com/track/7hDc8b7IXETo14hHIHdnhd
65,Down,"Fifth Harmony",294533,https://open.spotify.com/track/20H2Hd5AkUcRjB4yL3UQtJ
66,"Mask Off",Future,292929,https://open.spotify.com/track/3rOSwuTsUlJp0Pu0MkN8r8
67,"Love Galore",SZA,288771,https://open.spotify.com/track/0q75NwOoFiARAVp4EXU4Bs
68,Unforgettable,"Thomas Rhett",285524,https://open.spotify.com/track/0ZiRSqlSsDlY0UyDYU9CTE
69,"Perplexing Pegasus","Rae Sremmurd",275839,https://open.spotify.com/track/2nYwV62UABTH0NanrwVIdQ
70,"No Complaints","Metro Boomin",274088,https://open.spotify.com/track/6kig1UFggPUyZBCvXD3Wod
71,"If I'm Lucky","Jason Derulo",270991,https://open.spotify.com/track/6eUncuJutsFi9BGO1JaBHh
72,"Stay (with Alessia Cara)",Zedd,268432,https://open.spotify.com/track/0dA2Mk56wEzDgegdC6R17g
73,"Swalla (feat. Nicki Minaj & Ty Dolla $ign)","Jason Derulo",267130,https://open.spotify.com/track/6kex4EBAj0WHXDKZMEJaaF
74,"That's What I Like","Bruno Mars",261255,https://open.spotify.com/track/0KKkJNfGyhkQ5aFogxQAPU
75,"It Ain't Me (with Selena Gomez)",Kygo,259935,https://open.spotify.com/track/3eR23VReFzcdmS7TYCrhCe
76,"LOYALTY. FEAT. RIHANNA.","Kendrick Lamar",258190,https://open.spotify.com/track/6SwRhMLwNqEi6alNPVG00n
77,Reminder,"The Weeknd",255475,https://open.spotify.com/track/37F0uwRSrdzkBiuj0D5UHI
78,"Marmalade (feat. Lil Yachty)",Macklemore,254319,https://open.spotify.com/track/0RYXEibxMami3QuT8kn4Iz
79,"Drowning (feat. Kodak Black)","A Boogie Wit da Hoodie",245995,https://open.spotify.com/track/6Q2FftbUG530lCtBI74bMH
80,"Two High","Moon Taxi",242342,https://open.spotify.com/track/0Z9HQ8YvHqdeOjTwsR3cS7
81,"Relationship (feat. Future)","Young Thug",237281,https://open.spotify.com/track/25oOaleife6E2MIKmFkPvg
82,"UnFazed (feat. The Weeknd)","Lil Uzi Vert",235758,https://open.spotify.com/track/5O8x1YlmLQopQHErxtDfi9
83,"Despacito (Featuring Daddy Yankee)","Luis Fonsi",234343,https://open.spotify.com/track/4aWmUDTfIPGksMNLV2rQP2
84,"Get Low (with Liam Payne)",Zedd,233904,https://open.spotify.com/track/1CKd1PnqfYx0H12V9MSaIY
85,Gyalchester,Drake,232323,https://open.spotify.com/track/6UjfByV1lDLW0SOVQA4NAi
86,Transportin',"Kodak Black",231353,https://open.spotify.com/track/1WIZiOuNO3woKfdlSK2gNn
87,"Rake It Up","Yo Gotti",230614,https://open.spotify.com/track/6c7D34787LOtPm8tzhsLgH
88,Closer,"The Chainsmokers",229096,https://open.spotify.com/track/7BKLCZ1jbUBVqRi2FVlTVw
89,X,"Lil Uzi Vert",228477,https://open.spotify.com/track/5tRmoZRoupvMYPV1oezFrH
90,"There for You","Martin Garrix",228051,https://open.spotify.com/track/6jA8HL9i4QGzsj6fjoxp8Y
91,Revenge,XXXTENTACION,227954,https://open.spotify.com/track/5TXDeTFVRVY7Cvt0Dw4vWW
92,"Sauce It Up","Lil Uzi Vert",227426,https://open.spotify.com/track/1uL78kFWxhz3umTMWJu8n5
93,"Galway Girl","Ed Sheeran",227126,https://open.spotify.com/track/0afhq8XCExXpqazXczTSve
94,"Live Up To My Name","Baka Not Nice",226299,https://open.spotify.com/track/61mnlyQlnPuq1GEX0LxIWh
95,T-Shirt,Migos,224477,https://open.spotify.com/track/7KOlJ92bu51cltsD9KU5I7
96,Portland,Drake,224241,https://open.spotify.com/track/2bjwRfXMk4uRgOD9IBYl9h
97,"Say You Won't Let Go","James Arthur",223891,https://open.spotify.com/track/5uCax9HTNlzGybIStD3vDh
98,Issues,"Julia Michaels",223623,https://open.spotify.com/track/0xG0SHshCStMEyNbNC5d4k
99,"Know No Better (feat. Quavo)","Major Lazer",221762,https://open.spotify.com/track/3Ytr1SUCUi6J3L9dRFx5iH
100,"All My Love (feat. Conor Maynard)","Cash Cash",218663,https://open.spotify.com/track/1839RWzPRZCVgvamu4sHSN
101,Starboy,"The Weeknd",218543,https://open.spotify.com/track/5aAx2yezTd8zXrkmtKl66Z
102,Rollin,"Calvin Harris",215306,https://open.spotify.com/track/0lMbuWUpfTWhEmOKxppEau
103,"4 AM","2 Chainz",211395,https://open.spotify.com/track/1nX9KhK3Fff27SnrIor2Yb
104,"Tunnel Vision","Kodak Black",210542,https://open.spotify.com/track/4Q3N4Ct4zCuIHuZ65E3BD4
105,"Most Girls","Hailee Steinfeld",208283,https://open.spotify.com/track/2mfUa8bLs2s5N4VaqJZ4lZ
106,"Bad and Boujee (feat. Lil Uzi Vert)",Migos,207011,https://open.spotify.com/track/4Km5HrUvYTaSUfiSGPJeQR
107,"do re mi (feat. Gucci Mane)",blackbear,205590,https://open.spotify.com/track/53mrVsi49rLHIaKBiSvElG
108,"Tell Me You Love Me","Demi Lovato",203199,https://open.spotify.com/track/65MOTX6uSFAnqXl7dlAuId
109,"One Dance",Drake,203182,https://open.spotify.com/track/1xznGGDReH1oQq0xzbwXa3
110,"iSpy (feat. Lil Yachty)",KYLE,201850,https://open.spotify.com/track/2EEeOnHehOozLq4aS0n6SL
111,"I Don’t Wanna Live Forever (Fifty Shades Darker) - From ""Fifty Shades Darker (Original Motion Picture Soundtrack)""",ZAYN,200706,https://open.spotify.com/track/3NdDpSvN911VPGivFlV5d0
112,"A Lie","French Montana",199761,https://open.spotify.com/track/1vVNlXi8gf8tZ7OhnEs4VE
113,"Younger Now","Miley Cyrus",198772,https://open.spotify.com/track/0B48113ZG9UfkWWt7qD9xX
114,"No Promises (feat. Demi Lovato)","Cheat Codes",198330,https://open.spotify.com/track/1louJpMmzEicAn7lzDalPW
115,"The Race",Tay-K,198121,https://open.spotify.com/track/5RCfvwDewu6p2x1mEI6smX
116,Malibu,"Miley Cyrus",195820,https://open.spotify.com/track/2habSXqcJGExM6JJyskY7O
117,"Better Days",Hedley,194348,https://open.spotify.com/track/6VJ2Z7OHjHA5xfEDqzUr6j
118,"Small Town Boy","Dustin Lynch",191721,https://open.spotify.com/track/76lgcpdPtw5hHu3A6LuGZe
119,"LOVE. FEAT. ZACARI.","Kendrick Lamar",189355,https://open.spotify.com/track/6PGoSes0D9eUDeeAafB2As
120,444+222,"Lil Uzi Vert",188782,https://open.spotify.com/track/1QgTBfRN5m81a5K01qens6
121,"Bad Liar","Selena Gomez",187869,https://open.spotify.com/track/1sCxVKWImDZSZKvG0U9B23
122,"Bounce Back","Big Sean",187111,https://open.spotify.com/track/0SGkqnVQo9KPytSri1H6cF
123,"Depression & Obsession",XXXTENTACION,182740,https://open.spotify.com/track/2H3wWrnO758y0fPH7Ilerg
124,"Get Right Witcha",Migos,181499,https://open.spotify.com/track/76Y0gxtTxN0FyDCYh5qYQj
125,"Go Flex","Post Malone",180719,https://open.spotify.com/track/5yuShbu70mtHXY0yLzCQLQ
126,"Ex Calling",6LACK,179776,https://open.spotify.com/track/2RwmsAOxtiRezQPmvyejb8
127,"X (feat. Future)","21 Savage",178913,https://open.spotify.com/track/6fwdbPMwP1zVStm8FybmkO
128,"Now Or Never",Halsey,178872,https://open.spotify.com/track/7i2DJ88J7jQ8K7zqFX2fW8
129,"Symphony (feat. Zara Larsson)","Clean Bandit",177693,https://open.spotify.com/track/1x5sYLZiu9r5E43kMlt9f8
130,"Fake Love",Drake,177577,https://open.spotify.com/track/343YBumqHu19cGoGARUTsd
131,"What Ifs","Kane Brown",174166,https://open.spotify.com/track/7zVCrzzEJU7u24sbJPXA5W
132,"Sky Walker",Miguel,174128,https://open.spotify.com/track/1DRW9bQzt2SE8f7H4KJZyL
133,"Castle on the Hill","Ed Sheeran",173955,https://open.spotify.com/track/6PCUP3dWmTjcTtXY02oFdT
134,"Carry On",XXXTENTACION,173677,https://open.spotify.com/track/2yZax79pOrYuyIFVW2cZY2
135,"Look At Me!",XXXTENTACION,173538,https://open.spotify.com/track/4ARPvK8DHLwt4oX65ZAFMw
136,"Summer Air",ItaloBrothers,171568,https://open.spotify.com/track/3GPI7hYiqD6enLRobhkBm8
137,"I Feel It Coming","The Weeknd",171471,https://open.spotify.com/track/5GXAXm5YOmYT0kL5jHvYBt
138,"Reggaetón Lento (Remix) [CNCO & Little Mix]",CNCO,171372,https://open.spotify.com/track/3zoYkqS4y2BsGVShPL2nTE
139,"Pretty Girl - Cheat Codes X CADE Remix","Maggie Lindemann",171081,https://open.spotify.com/track/1NDxZ7cFAo481dtYWdrUnR
140,"Mask Off - Remix",Future,168885,https://open.spotify.com/track/6dVZCbi9CYtD9LjAHXRjIG
141,"The Night We Met","Lord Huron",165492,https://open.spotify.com/track/6mORGLOz79w6VsCRLWYYuK
142,"Tone it Down (feat. Chris Brown)","Gucci Mane",163209,https://open.spotify.com/track/0iTCmKvuU1ReULiQB0rI7n
143,Hurricane,"Luke Combs",162480,https://open.spotify.com/track/6xHI9KjUjYT0FPtGO8Mxa1
144,Swang,"Rae Sremmurd",160866,https://open.spotify.com/track/6mapJIPnQ23RTAevUoE0DL
145,"White Iverson","Post Malone",160431,https://open.spotify.com/track/6eT7xZZlB2mwyzJ2sUKG6w
146,"Plain Jane","A$AP Ferg",159033,https://open.spotify.com/track/4dVpf9jZjcORqGTLUaeYj9
147,Paris,"The Chainsmokers",158672,https://open.spotify.com/track/72jbDTw1piOOj770jWNeaG
148,"Save Me",XXXTENTACION,158286,https://open.spotify.com/track/2UwbhMie1EAYuTZ0QXeMwl
149,"Reminding Me","Shawn Hook",155992,https://open.spotify.com/track/4gqMQftUs22F8pOGVn5Acr
150,"First Time",Kygo,154440,https://open.spotify.com/track/2Gl0FzuLxflY6nPifJp5Dr
151,"Broccoli (feat. Lil Yachty)",DRAM,154062,https://open.spotify.com/track/7yyRTcZmCiyzzJlNzGC9Ol
152,"Me Rehúso","Danny Ocean",153755,https://open.spotify.com/track/6De0lHrwBfPfrhorm9q1Xl
153,"Instruction (feat. Demi Lovato & Stefflon Don)","Jax Jones",153749,https://open.spotify.com/track/0XfOi87h82i09rQjWYG0Bm
154,"'Till I Collapse",Eminem,152816,https://open.spotify.com/track/6yr8GiTHWvFfi4o6Q5ebdT
155,"Walk On Water","Thirty Seconds To Mars",152128,https://open.spotify.com/track/4U9arGcc4ATa7shChhLQP0
156,"Get You (feat. Kali Uchis)","Daniel Caesar",151809,https://open.spotify.com/track/7zFXmv6vqI4qOt4yGf3jYZ
157,ELEMENT.,"Kendrick Lamar",151447,https://open.spotify.com/track/1EaKU4dMbesXXd3BrLCtYG
158,Figures,"Jessie Reyez",150443,https://open.spotify.com/track/3U3J5v3rkx89WnFEQvAJD5
159,Perfect,"Ed Sheeran",149860,https://open.spotify.com/track/0tgVpDi06FyKpA1z0VMD4v
160,"Don't Let Me Down","The Chainsmokers",149577,https://open.spotify.com/track/0QsvXIfqM0zZoerQfsI9lm
161,"Lose Yourself - Soundtrack Version",Eminem,149358,https://open.spotify.com/track/5Z01UMMf7V1o0MzF86s6WJ
162,"No Such Thing as a Broken Heart","Old Dominion",148488,https://open.spotify.com/track/0OlS52TmtK2gPaEtdmr7DN
163,"Rockabye (feat. Sean Paul & Anne-Marie)","Clean Bandit",147972,https://open.spotify.com/track/5knuzwU65gJK7IF5yJsuaW
164,"No Flag","London On Da Track",147953,https://open.spotify.com/track/1tyjWMMINb9S0YBynTvJ7s
165,Photograph,"Ed Sheeran",145895,https://open.spotify.com/track/6fxVffaTuwjgEk5h9QyRjy
166,"(Not) The One","Bebe Rexha",145839,https://open.spotify.com/track/22BH6K8RlpwNzIINvWS4Jj
167,"Pills & Automobiles","Chris Brown",145495,https://open.spotify.com/track/4YkwUfWSIxdKNLDXw0caFO
168,"Super Far",LANY,145431,https://open.spotify.com/track/74ODGXs4byLTRdnKGM4s6E
169,"Sign of the Times","Harry Styles",144997,https://open.spotify.com/track/5Ohxk2dO5COHF1krpoPigN
170,8TEEN,Khalid,144816,https://open.spotify.com/track/5bgwqaRSS3M8WHWruHgSL5
171,"Swish Swish","Katy Perry",144741,https://open.spotify.com/track/2kVHAQKVtczchKctctzbtK
172,"Reminder - Remix","The Weeknd",143871,https://open.spotify.com/track/7F1LWA9sIlTorHUo4amGqk
173,"No Role Modelz","J. Cole",142637,https://open.spotify.com/track/62vpWI1CHwFy7tMIcSStl8
174,"Call On Me - Ryan Riback Extended Remix",Starley,142200,https://open.spotify.com/track/78rIJddV4X0HkNAInEcYde
175,Starving,"Hailee Steinfeld",142198,https://open.spotify.com/track/6875MeXyCW0wLyT72Eetmo
176,"Perfect Timing (Intro)",NAV,141708,https://open.spotify.com/track/5Od0M7jp6IODTPW0cygHgu
177,"Where the Water Ends",VINAI,139374,https://open.spotify.com/track/5Qh8DqDqD0BxHbI2f8P3j2
178,Provider,"Frank Ocean",137470,https://open.spotify.com/track/6R6ihJhRbgu7JxJKIbW57w
179,"pick up the phone","Young Thug",137197,https://open.spotify.com/track/20dP2DaMHIAmwWAbp7peSr
180,"Thinking Out Loud","Ed Sheeran",136723,https://open.spotify.com/track/1Slwb6dOYkBlWal1PGtnNg
181,"Love U Better (feat. Lil Wayne & The-Dream)","Ty Dolla $ign",136334,https://open.spotify.com/track/0rlFL6bxIWcCn9gk9GExFA
182,"Felices los 4",Maluma,136229,https://open.spotify.com/track/0qYTZCo5Bwh1nsUFGZP3zn
183,"Craving You","Thomas Rhett",136215,https://open.spotify.com/track/6zLdXcmvIxnAXpz9sXFnIE
184,Rolex,"Ayo & Teo",136213,https://open.spotify.com/track/0pSBuHjILhNEo55xK1zrRt
185,"Crying in the Club","Camila Cabello",136106,https://open.spotify.com/track/1SJtlNRJDeYHioymcvsqev
186,Caroline,Aminé,135875,https://open.spotify.com/track/5hTpBe8h35rJ67eAWHQsJx
187,"Run Me Dry","Bryson Tiller",135559,https://open.spotify.com/track/5GG3knKdxKWrNboRijxeKF
188,Orlando,XXXTENTACION,135533,https://open.spotify.com/track/05bnEv2dpFzmGVLGdjD9UP
189,"What They Want",Russ,135157,https://open.spotify.com/track/3pndPhlQWjuSoXhcIIdBjv
190,"Some Way",NAV,134972,https://open.spotify.com/track/7zxRMhXxJMQCeDDg0rKAVo
191,Panda,Desiigner,134278,https://open.spotify.com/track/5OOkp4U9P9oL23maHFHL1h
192,"do re mi",blackbear,134204,https://open.spotify.com/track/3Q3myFA7q4Op95DOpHplaY
193,Blem,Drake,132811,https://open.spotify.com/track/2XlHu0HcujBCkWMdIAvrqt
194,"Feel Good","Felix Jaehn",132761,https://open.spotify.com/track/6a9vKVMFfNBi741DVSit3H
195,"beibs in the trap","Travis Scott",132735,https://open.spotify.com/track/0ESJlaM8CE1jRWaNtwSNj8
196,RAF,"A$AP Mob",132608,https://open.spotify.com/track/4pdgV8qr9Oytcv6thCdiIZ
197,"So Am I (feat. Damian Marley & Skrillex)","Ty Dolla $ign",132478,https://open.spotify.com/track/26K4tbF6waeJzo11e3JDo8
198,"Call Me",NAV,132054,https://open.spotify.com/track/1xpXnpIpuvzpx9jz15baJF
199,"Catchin Feels","Elijah Woods x Jamie Fine",131401,https://open.spotify.com/track/7gAsQukM6omGxCZE1Y3iDl
200,"One I Want (feat. PARTYNEXTDOOR)","Majid Jordan",130443,https://open.spotify.com/track/0qfq195ZlBgRNeeABoQCwp
