Position,"Track Name",Artist,Streams,URL
1,rockstar,"Post Malone",2571196,https://open.spotify.com/track/1OmcAT5Y8eg5bUPv9qJT4R
2,1-800-273-8255,Logic,931528,https://open.spotify.com/track/5tz69p7tJuGPeMGwNTxYuV
3,Unforgettable,"French Montana",880578,https://open.spotify.com/track/3B54sVLJ402zGa6Xm4YGNe
4,Havana,"Camila Cabello",869649,https://open.spotify.com/track/0ofbQMrRDsUaVKq2mGLEAb
5,"Bodak Yellow","Cardi B",839209,https://open.spotify.com/track/2771LMNxwf62FTAdpJMQfM
6,"Too Good At Goodbyes","Sam Smith",831443,https://open.spotify.com/track/0mel2N9Ws9r4yLQn5QE21Y
7,"Bank Account","21 Savage",815889,https://open.spotify.com/track/2fQrGHiQOvpL9UgPvtYy6G
8,"Dusk Till Dawn - Radio Edit",ZAYN,806052,https://open.spotify.com/track/1j4kHkkpqZRBwE0A4CN4Yv
9,Silence,Marshmello,800046,https://open.spotify.com/track/7vGuf3Y35N4wmASOKLUVVU
10,"XO TOUR Llif3","Lil Uzi Vert",752744,https://open.spotify.com/track/7GX5flRQZVHRAGd6B4TmDO
11,"Sorry Not Sorry","Demi Lovato",721432,https://open.spotify.com/track/3m660poUr1chesgkkjQM7P
12,"What Lovers Do (feat. SZA)","Maroon 5",711533,https://open.spotify.com/track/4mxWSdf71VFO52qFeY0fZt
13,"New Rules","Dua Lipa",705908,https://open.spotify.com/track/2ekn2ttSfGqwhhate0LSR0
14,"Jocelyn Flores",XXXTENTACION,703767,https://open.spotify.com/track/7m9OqQk4RVRkw9JJdeAw96
15,"Glorious (feat. Skylar Grey)",Macklemore,646591,https://open.spotify.com/track/0CokSRCu5hZgPxcZBaEzVE
16,"Friends (with BloodPop®)","Justin Bieber",622062,https://open.spotify.com/track/7nZmah2llfvLDiUjm0kiyz
17,HUMBLE.,"Kendrick Lamar",619040,https://open.spotify.com/track/7KXjTSCq5nL1LoYtL7XAwS
18,"Look What You Made Me Do","Taylor Swift",618479,https://open.spotify.com/track/6uFsE1JgZ20EXyU0JQZbUR
19,Congratulations,"Post Malone",611101,https://open.spotify.com/track/3a1lNhkSLSkpJE4MSHpDu9
20,"Mi Gente (feat. Beyoncé)","J Balvin",586483,https://open.spotify.com/track/7fwXWKdDNI5IutOMc5OKYw
21,"Mi Gente","J Balvin",583354,https://open.spotify.com/track/2rb5MvYT7ZIxbKW5hfcHx8
22,"Young Dumb & Broke",Khalid,568495,https://open.spotify.com/track/5Z3GHaZ6ec9bsiI5BenrbY
23,"Butterfly Effect","Travis Scott",565506,https://open.spotify.com/track/1yxgsra98r3qAtxqiGZPiX
24,"Strip That Down","Liam Payne",548089,https://open.spotify.com/track/6EpRaXYhGOB3fj4V2uDkMJ
25,"Despacito - Remix","Luis Fonsi",531553,https://open.spotify.com/track/5CtI0qwDJkDQGwXD1H1cLb
26,Attention,"Charlie Puth",528047,https://open.spotify.com/track/4iLqG9SeJSnt0cSPICSjxv
27,Perfect,"Ed Sheeran",522088,https://open.spotify.com/track/0tgVpDi06FyKpA1z0VMD4v
28,"I Get The Bag (feat. Migos)","Gucci Mane",511259,https://open.spotify.com/track/1HTtUBEY3tuw2btgwwI2Ja
29,"Let Me Go (with Alesso, Florida Georgia Line & watt)","Hailee Steinfeld",508038,https://open.spotify.com/track/5AEtlRudpgdT5FtNiuly6Y
30,Feels,"Calvin Harris",505963,https://open.spotify.com/track/5bcTCxgc7xVfSaMV3RuVke
31,"The Way Life Goes","Lil Uzi Vert",503996,https://open.spotify.com/track/2eAZfqOm4EnOF9VvN50Tyc
32,"I Like Me Better",Lauv,497882,https://open.spotify.com/track/1wjzFQodRWrPcQ0AnYnvQ9
33,"Gucci Gang","Lil Pump",490073,https://open.spotify.com/track/6foxplXS0YEq8cO374Lty4
34,Thunder,"Imagine Dragons",474513,https://open.spotify.com/track/0tKcYR2II1VCQWT79i5NrW
35,"Wild Thoughts","DJ Khaled",467364,https://open.spotify.com/track/1OAh8uOEOvTDqkKFsKksCi
36,"Feel It Still","Portugal. The Man",465993,https://open.spotify.com/track/6QgjcU0zLnzq5OrUoSZ3OK
37,"Curve (feat. The Weeknd)","Gucci Mane",462522,https://open.spotify.com/track/1tp1xMJ1uaOktksskS0Fzs
38,"Back to You (feat. Bebe Rexha & Digital Farm Animals)","Louis Tomlinson",453488,https://open.spotify.com/track/7F9vK8hNFMml4GtHsaXui6
39,Signs,Drake,445671,https://open.spotify.com/track/5EnYT6F7wEcdege6mDHEfO
40,"What About Us",P!nk,438637,https://open.spotify.com/track/31MkGwj0SWgZaTvEt5Hgxv
41,"Shape of You","Ed Sheeran",437455,https://open.spotify.com/track/7qiZfU4dY1lWllzX7mPBI3
42,"Meant to Be (feat. Florida Georgia Line)","Bebe Rexha",431389,https://open.spotify.com/track/7iDa6hUg2VgEL1o1HjmfBn
43,"Slippery (feat. Gucci Mane)",Migos,424241,https://open.spotify.com/track/6p8NuHm8uCGnn2Dtbtf7zE
44,Believer,"Imagine Dragons",422362,https://open.spotify.com/track/0CcQNd8CINkwQfe1RDtGV6
45,"Homemade Dynamite (Feat. Khalid, Post Malone & SZA) - REMIX",Lorde,422274,https://open.spotify.com/track/69Naniu2KjKjaQOBUagE8U
46,"...Ready For It?","Taylor Swift",421479,https://open.spotify.com/track/19WjVVgXjdKXfLXoaDPwTM
47,"I Fall Apart","Post Malone",410556,https://open.spotify.com/track/75ZvA4QfFiZvzhj2xkaWAh
48,"Slow Hands","Niall Horan",399253,https://open.spotify.com/track/167NczpNbRF7oWakJaY3Hh
49,"Good Old Days (feat. Kesha)",Macklemore,393930,https://open.spotify.com/track/2Za1AlJNvksouPPWbXpR2X
50,"Lonely Together (feat. Rita Ora)",Avicii,393450,https://open.spotify.com/track/2OALaHcDdKkjYEpAr0Qzab
51,"Too Much To Ask","Niall Horan",392185,https://open.spotify.com/track/3hRZsdTF5uyGA2uhNqEuhm
52,"Without You (feat. Sandro Cavazza)",Avicii,387623,https://open.spotify.com/track/6WbADFqMvR8N5u0BvtsWQE
53,Transportin',"Kodak Black",382187,https://open.spotify.com/track/1WIZiOuNO3woKfdlSK2gNn
54,Stargazing,Kygo,377745,https://open.spotify.com/track/0Zbbxnx4SGGHoIow4PpISP
55,"I'm the One","DJ Khaled",360807,https://open.spotify.com/track/3DXncPQOG4VBw3QHh3S817
56,"Roll In Peace (feat. XXXTENTACION)","Kodak Black",359804,https://open.spotify.com/track/40oKW22ZNNkEdZLJTScaQI
57,goosebumps,"Travis Scott",356790,https://open.spotify.com/track/6gBFPUFcJLzWGx4lenP6h2
58,Location,Khalid,353601,https://open.spotify.com/track/152lZdxL1OR0ZMW6KquMif
59,"Fuck Love (feat. Trippie Redd)",XXXTENTACION,351655,https://open.spotify.com/track/7AQim7LbvFVZJE3O8TYgf2
60,"Body Like A Back Road","Sam Hunt",341307,https://open.spotify.com/track/7mldq42yDuxiUNn08nvzHO
61,OMG,"Camila Cabello",336174,https://open.spotify.com/track/4xBjsLUSjcx2h7PcRikpQp
62,"Drowning (feat. Kodak Black)","A Boogie Wit da Hoodie",334349,https://open.spotify.com/track/1f5cbQtDrykjarZVrShaDI
63,"Would You Ever",Skrillex,326148,https://open.spotify.com/track/57p8CBvPOxrvyCbn6ttl5r
64,"There's Nothing Holdin' Me Back","Shawn Mendes",320243,https://open.spotify.com/track/79cuOz3SPQTuFrp8WgftAu
65,Redbone,"Childish Gambino",316176,https://open.spotify.com/track/3kxfsdsCpFgN412fpnW85Y
66,"Something Just Like This","The Chainsmokers",313974,https://open.spotify.com/track/6RUKPb4LETWmmr3iAEQktW
67,"Skrt Skrt","Tory Lanez",312379,https://open.spotify.com/track/3sbF8yG9zzFftk9xN5PNiq
68,Magnolia,"Playboi Carti",311146,https://open.spotify.com/track/1e1JKLEDKP7hEQzJfNAgPl
69,DNA,BTS,309013,https://open.spotify.com/track/5SE57ljOIUJ1ybL9U6CuBH
70,Questions,"Chris Brown",307898,https://open.spotify.com/track/5XQMr19TL7Mfksq9zihbOu
71,"The Race",Tay-K,307519,https://open.spotify.com/track/5RCfvwDewu6p2x1mEI6smX
72,"Relationship (feat. Future)","Young Thug",303511,https://open.spotify.com/track/25oOaleife6E2MIKmFkPvg
73,"Better Days",Hedley,297311,https://open.spotify.com/track/5Kelvlf6aU6is8muBjaZ4S
74,DNA.,"Kendrick Lamar",291636,https://open.spotify.com/track/6HZILIRieu8S0iqY8kIKhj
75,"More Than You Know","Axwell /\ Ingrosso",290681,https://open.spotify.com/track/3PEgB3fkiojxms35ntsTgs
76,"Go Flex","Post Malone",289874,https://open.spotify.com/track/5yuShbu70mtHXY0yLzCQLQ
77,"Mask Off",Future,289718,https://open.spotify.com/track/3rOSwuTsUlJp0Pu0MkN8r8
78,"Perplexing Pegasus","Rae Sremmurd",288692,https://open.spotify.com/track/2nYwV62UABTH0NanrwVIdQ
79,"Rake It Up","Yo Gotti",283481,https://open.spotify.com/track/6c7D34787LOtPm8tzhsLgH
80,"A Different Way (with Lauv)","DJ Snake",283328,https://open.spotify.com/track/0Wv5wuenRLI3BcwgT3HPIP
81,"It's A Vibe","2 Chainz",281193,https://open.spotify.com/track/6H0AwSQ20mo62jGlPGB8S6
82,"Live Up To My Name","Baka Not Nice",280855,https://open.spotify.com/track/61mnlyQlnPuq1GEX0LxIWh
83,Praying,Kesha,280715,https://open.spotify.com/track/0jdny0dhgjUwoIp5GkqEaA
84,"Plain Jane","A$AP Ferg",276853,https://open.spotify.com/track/4dVpf9jZjcORqGTLUaeYj9
85,"Rich Love (with Seeb)",OneRepublic,275482,https://open.spotify.com/track/7aF09WaavZAmAWuUeYxlYD
86,"Love Galore",SZA,271821,https://open.spotify.com/track/0q75NwOoFiARAVp4EXU4Bs
87,Reminder,"The Weeknd",266199,https://open.spotify.com/track/37F0uwRSrdzkBiuj0D5UHI
88,"No Complaints","Metro Boomin",263477,https://open.spotify.com/track/6kig1UFggPUyZBCvXD3Wod
89,"2U (feat. Justin Bieber)","David Guetta",260024,https://open.spotify.com/track/3A7qX2QjDlPnazUsRk5y0M
90,"No Limit",G-Eazy,259862,https://open.spotify.com/track/2Xqd0wUttjueBfdcltADOv
91,"Everybody Dies In Their Nightmares",XXXTENTACION,258103,https://open.spotify.com/track/3GVkPk8mqxz0itaAriG1L7
92,Passionfruit,Drake,257050,https://open.spotify.com/track/7hDc8b7IXETo14hHIHdnhd
93,Shooters,"Tory Lanez",255665,https://open.spotify.com/track/3WNx4pJLzQgYapuBWS4mUG
94,"Say You Won't Let Go","James Arthur",252970,https://open.spotify.com/track/5uCax9HTNlzGybIStD3vDh
95,Portland,Drake,246805,https://open.spotify.com/track/2bjwRfXMk4uRgOD9IBYl9h
96,"White Iverson","Post Malone",246648,https://open.spotify.com/track/6eT7xZZlB2mwyzJ2sUKG6w
97,"It Ain't Me (with Selena Gomez)",Kygo,246543,https://open.spotify.com/track/3eR23VReFzcdmS7TYCrhCe
98,"I Just Can't",R3HAB,244925,https://open.spotify.com/track/3gfmFoJgmn9LiIj5mV8oSS
99,"The Last Of The Real Ones","Fall Out Boy",243625,https://open.spotify.com/track/7cQMJ0wDqVS5iM0JIvP6Ay
100,Damage,PARTYNEXTDOOR,240820,https://open.spotify.com/track/4Z22Uz5JhtWbkmzojNcdPr
101,Gyalchester,Drake,240268,https://open.spotify.com/track/6UjfByV1lDLW0SOVQA4NAi
102,"Bad At Love",Halsey,239147,https://open.spotify.com/track/7y9iMe8SOB6z3NoHE2OfXl
103,"Galway Girl","Ed Sheeran",237684,https://open.spotify.com/track/0afhq8XCExXpqazXczTSve
104,Unforgettable,"Thomas Rhett",234385,https://open.spotify.com/track/30MM5jWpUmOxtTNd9Ey5LZ
105,Malibu,"Miley Cyrus",233454,https://open.spotify.com/track/1UZOjK1BwmwWU14Erba9CZ
106,"New Freezer (feat. Kendrick Lamar)","Rich The Kid",231588,https://open.spotify.com/track/4pYZLpX23Vx8rwDpJCpPTA
107,Slide,"Calvin Harris",226634,https://open.spotify.com/track/7tr2za8SQg2CI8EDgrdtNl
108,"Tunnel Vision","Kodak Black",223798,https://open.spotify.com/track/4Q3N4Ct4zCuIHuZ65E3BD4
109,"do re mi (feat. Gucci Mane)",blackbear,223703,https://open.spotify.com/track/53mrVsi49rLHIaKBiSvElG
110,Mama,"Jonas Blue",221012,https://open.spotify.com/track/0NiXXAI876aGImAd6rTj8w
111,"Stay (with Alessia Cara)",Zedd,220766,https://open.spotify.com/track/0dA2Mk56wEzDgegdC6R17g
112,"4 AM","2 Chainz",219106,https://open.spotify.com/track/1nX9KhK3Fff27SnrIor2Yb
113,"Beast Mode (feat. PnB Rock & YoungBoy Never Broke Again)","A Boogie Wit da Hoodie",218046,https://open.spotify.com/track/1AH60dMaEfNjzDoUIFwIQi
114,Starboy,"The Weeknd",217191,https://open.spotify.com/track/5aAx2yezTd8zXrkmtKl66Z
115,"Swalla (feat. Nicki Minaj & Ty Dolla $ign)","Jason Derulo",212962,https://open.spotify.com/track/6kex4EBAj0WHXDKZMEJaaF
116,"Sauce It Up","Lil Uzi Vert",211662,https://open.spotify.com/track/1uL78kFWxhz3umTMWJu8n5
117,"X (feat. Future)","21 Savage",211574,https://open.spotify.com/track/6fwdbPMwP1zVStm8FybmkO
118,"If I'm Lucky","Jason Derulo",208816,https://open.spotify.com/track/6eUncuJutsFi9BGO1JaBHh
119,"That's What I Like","Bruno Mars",206387,https://open.spotify.com/track/0KKkJNfGyhkQ5aFogxQAPU
120,Closer,"The Chainsmokers",206236,https://open.spotify.com/track/7BKLCZ1jbUBVqRi2FVlTVw
121,"Bad and Boujee (feat. Lil Uzi Vert)",Migos,204654,https://open.spotify.com/track/4Km5HrUvYTaSUfiSGPJeQR
122,"iSpy (feat. Lil Yachty)",KYLE,203381,https://open.spotify.com/track/2EEeOnHehOozLq4aS0n6SL
123,"Ex Calling",6LACK,203094,https://open.spotify.com/track/2RwmsAOxtiRezQPmvyejb8
124,wokeuplikethis*,"Playboi Carti",202499,https://open.spotify.com/track/59J5nzL1KniFHnU120dQzt
125,"Look At Me!",XXXTENTACION,202362,https://open.spotify.com/track/7floNISpH8VF4z4459Qo18
126,"Candy Paint","Post Malone",201421,https://open.spotify.com/track/4wdZdkEugVVorAfzqRqC6N
127,"Your Song","Rita Ora",200534,https://open.spotify.com/track/4c2W3VKsOFoIg2SFaO6DY5
128,"LOVE. FEAT. ZACARI.","Kendrick Lamar",200155,https://open.spotify.com/track/6PGoSes0D9eUDeeAafB2As
129,T-Shirt,Migos,199569,https://open.spotify.com/track/7KOlJ92bu51cltsD9KU5I7
130,"LOYALTY. FEAT. RIHANNA.","Kendrick Lamar",197922,https://open.spotify.com/track/6SwRhMLwNqEi6alNPVG00n
131,"What Ifs","Kane Brown",197803,https://open.spotify.com/track/7zVCrzzEJU7u24sbJPXA5W
132,"One Dance",Drake,197757,https://open.spotify.com/track/1xznGGDReH1oQq0xzbwXa3
133,Issues,"Julia Michaels",197569,https://open.spotify.com/track/0xG0SHshCStMEyNbNC5d4k
134,"Say A'","A Boogie Wit da Hoodie",195963,https://open.spotify.com/track/3AMnOVxEHUgVrythGgqPhI
135,"Marmalade (feat. Lil Yachty)",Macklemore,195662,https://open.spotify.com/track/7bsnTsbiwOymZWjPF9v6Di
136,"I Don’t Wanna Live Forever (Fifty Shades Darker) - From ""Fifty Shades Darker (Original Motion Picture Soundtrack)""",ZAYN,195428,https://open.spotify.com/track/3NdDpSvN911VPGivFlV5d0
137,"Two High","Moon Taxi",195231,https://open.spotify.com/track/0Z9HQ8YvHqdeOjTwsR3cS7
138,"Find You","Nick Jonas",193702,https://open.spotify.com/track/6Ll3qUTssdGWMxbwhMud2N
139,"Small Town Boy","Dustin Lynch",193030,https://open.spotify.com/track/2YMhrXQYKkm4kXLcXKKd5z
140,"Get Right Witcha",Migos,192286,https://open.spotify.com/track/76Y0gxtTxN0FyDCYh5qYQj
141,"Fetish (feat. Gucci Mane)","Selena Gomez",191840,https://open.spotify.com/track/0XLOf9LhyazPX9Ld8jPiUq
142,"Bounce Back","Big Sean",191288,https://open.spotify.com/track/0SGkqnVQo9KPytSri1H6cF
143,"'Till I Collapse",Eminem,186459,https://open.spotify.com/track/6yr8GiTHWvFfi4o6Q5ebdT
144,"Pills & Automobiles","Chris Brown",185311,https://open.spotify.com/track/4YkwUfWSIxdKNLDXw0caFO
145,"All My Love (feat. Conor Maynard)","Cash Cash",181443,https://open.spotify.com/track/1839RWzPRZCVgvamu4sHSN
146,"Most Girls","Hailee Steinfeld",180511,https://open.spotify.com/track/2mfUa8bLs2s5N4VaqJZ4lZ
147,"Undefeated (feat. 21 Savage)","A Boogie Wit da Hoodie",180484,https://open.spotify.com/track/2vaMWMPMgsWX4fwJiKmdWm
148,"Let You Down",NF,180179,https://open.spotify.com/track/3gWu8y0TKCIdy2mpTqVnTl
149,"Lose Yourself - Soundtrack Version",Eminem,175526,https://open.spotify.com/track/5Z01UMMf7V1o0MzF86s6WJ
150,"The Night We Met","Lord Huron",174942,https://open.spotify.com/track/6mORGLOz79w6VsCRLWYYuK
151,"No Promises (feat. Demi Lovato)","Cheat Codes",172702,https://open.spotify.com/track/1louJpMmzEicAn7lzDalPW
152,"Symphony (feat. Zara Larsson)","Clean Bandit",172452,https://open.spotify.com/track/1x5sYLZiu9r5E43kMlt9f8
153,"Fake Love",Drake,171965,https://open.spotify.com/track/343YBumqHu19cGoGARUTsd
154,Swang,"Rae Sremmurd",171889,https://open.spotify.com/track/6mapJIPnQ23RTAevUoE0DL
155,"I Feel It Coming","The Weeknd",171019,https://open.spotify.com/track/5GXAXm5YOmYT0kL5jHvYBt
156,"Free Fallin'","Tom Petty",170871,https://open.spotify.com/track/5tVA6TkbaAH9QMITTQRrNv
157,"Know No Better (feat. Quavo)","Major Lazer",170446,https://open.spotify.com/track/3Ytr1SUCUi6J3L9dRFx5iH
158,"Now Or Never",Halsey,169350,https://open.spotify.com/track/7i2DJ88J7jQ8K7zqFX2fW8
159,"Despacito (Featuring Daddy Yankee)","Luis Fonsi",166448,https://open.spotify.com/track/4aWmUDTfIPGksMNLV2rQP2
160,Hurricane,"Luke Combs",165612,https://open.spotify.com/track/6xHI9KjUjYT0FPtGO8Mxa1
161,"No Role Modelz","J. Cole",164549,https://open.spotify.com/track/62vpWI1CHwFy7tMIcSStl8
162,"Sky Walker",Miguel,164190,https://open.spotify.com/track/1DRW9bQzt2SE8f7H4KJZyL
163,"A Lie","French Montana",162211,https://open.spotify.com/track/1vVNlXi8gf8tZ7OhnEs4VE
164,"Castle on the Hill","Ed Sheeran",162088,https://open.spotify.com/track/6PCUP3dWmTjcTtXY02oFdT
165,"Reggaetón Lento (Remix) [CNCO & Little Mix]",CNCO,161878,https://open.spotify.com/track/3zoYkqS4y2BsGVShPL2nTE
166,"Ignition - Remix","R. Kelly",159111,https://open.spotify.com/track/5dNfHmqgr128gMY2tc5CeJ
167,"beibs in the trap","Travis Scott",157804,https://open.spotify.com/track/0ESJlaM8CE1jRWaNtwSNj8
168,Revenge,XXXTENTACION,157749,https://open.spotify.com/track/5TXDeTFVRVY7Cvt0Dw4vWW
169,"What They Want",Russ,157046,https://open.spotify.com/track/3pndPhlQWjuSoXhcIIdBjv
170,8TEEN,Khalid,156939,https://open.spotify.com/track/5bgwqaRSS3M8WHWruHgSL5
171,"Love Again",Hedley,156488,https://open.spotify.com/track/2Z0q3tqlFjm0iHLW6ilGkP
172,"Mask Off - Remix",Future,155017,https://open.spotify.com/track/6dVZCbi9CYtD9LjAHXRjIG
173,Rollin,"Calvin Harris",154179,https://open.spotify.com/track/0lMbuWUpfTWhEmOKxppEau
174,X,"Lil Uzi Vert",154151,https://open.spotify.com/track/5tRmoZRoupvMYPV1oezFrH
175,"Main Girl","Charlotte Cardin",153949,https://open.spotify.com/track/0tkUg2KCEKWlcPJNcey8Nw
176,"Perfect Timing (Intro)",NAV,152843,https://open.spotify.com/track/5Od0M7jp6IODTPW0cygHgu
177,"Tell Me You Love Me","Demi Lovato",152762,https://open.spotify.com/track/5Htb1uFQ1KrkFXlefS8oGj
178,"Summer Air",ItaloBrothers,152426,https://open.spotify.com/track/0V9cosR5jWa4fr2koARmhD
179,"Broccoli (feat. Lil Yachty)",DRAM,151904,https://open.spotify.com/track/7yyRTcZmCiyzzJlNzGC9Ol
180,"Some Way",NAV,151865,https://open.spotify.com/track/7zxRMhXxJMQCeDDg0rKAVo
181,Photograph,"Ed Sheeran",151092,https://open.spotify.com/track/6fxVffaTuwjgEk5h9QyRjy
182,"Thinking Out Loud","Ed Sheeran",150813,https://open.spotify.com/track/1Slwb6dOYkBlWal1PGtnNg
183,"pick up the phone","Young Thug",150450,https://open.spotify.com/track/20dP2DaMHIAmwWAbp7peSr
184,Boss,"Lil Pump",150131,https://open.spotify.com/track/4CHp6dRZTeFAu4bSOxfH7Y
185,"UnFazed (feat. The Weeknd)","Lil Uzi Vert",149799,https://open.spotify.com/track/5O8x1YlmLQopQHErxtDfi9
186,"Bad Liar","Selena Gomez",149586,https://open.spotify.com/track/1sCxVKWImDZSZKvG0U9B23
187,Paris,"The Chainsmokers",147816,https://open.spotify.com/track/72jbDTw1piOOj770jWNeaG
188,"Ruin The Friendship","Demi Lovato",147370,https://open.spotify.com/track/4iyH6JZBZjk3htdJdZ6r51
189,"Too Hotty","Quality Control",146087,https://open.spotify.com/track/6rcKz2VYbcaHJ0qSXucR56
190,"do re mi",blackbear,145967,https://open.spotify.com/track/3Q3myFA7q4Op95DOpHplaY
191,Happier,"Ed Sheeran",145685,https://open.spotify.com/track/2RttW7RAu5nOAfq6YFvApB
192,"Mr. Brightside","The Killers",145357,https://open.spotify.com/track/7oK9VyNzrYvRFo7nQEYkWN
193,"This Town",Kygo,145059,https://open.spotify.com/track/4aSfgWmRa9KsISD4Jmx7QB
194,"Sign of the Times","Harry Styles",144786,https://open.spotify.com/track/5Ohxk2dO5COHF1krpoPigN
195,"Me Rehúso","Danny Ocean",143818,https://open.spotify.com/track/6De0lHrwBfPfrhorm9q1Xl
196,"Don't Stop Believin'",Journey,143622,https://open.spotify.com/track/4bHsxqR3GMrXTxEPLuK5ue
197,Again,"Noah Cyrus",143110,https://open.spotify.com/track/2S2od3hT7ceytw7d1pTRuE
198,"Rockabye (feat. Sean Paul & Anne-Marie)","Clean Bandit",143082,https://open.spotify.com/track/5knuzwU65gJK7IF5yJsuaW
199,"Reminding Me","Shawn Hook",142899,https://open.spotify.com/track/4gqMQftUs22F8pOGVn5Acr
200,Starving,"Hailee Steinfeld",142604,https://open.spotify.com/track/6875MeXyCW0wLyT72Eetmo
