Position,"Track Name",Artist,Streams,URL
1,"Too Good At Goodbyes","Sam Smith",1064128,https://open.spotify.com/track/0mel2N9Ws9r4yLQn5QE21Y
2,Unforgettable,"French Montana",1059239,https://open.spotify.com/track/3B54sVLJ402zGa6Xm4YGNe
3,"Look What You Made Me Do","Taylor Swift",1004449,https://open.spotify.com/track/6uFsE1JgZ20EXyU0JQZbUR
4,1-800-273-8255,Logic,917975,https://open.spotify.com/track/5tz69p7tJuGPeMGwNTxYuV
5,"Mi Gente","J Balvin",864421,https://open.spotify.com/track/2rb5MvYT7ZIxbKW5hfcHx8
6,"Dusk Till Dawn - Radio Edit",ZAYN,864242,https://open.spotify.com/track/1j4kHkkpqZRBwE0A4CN4Yv
7,Havana,"Camila Cabello",853658,https://open.spotify.com/track/0ofbQMrRDsUaVKq2mGLEAb
8,Silence,Marshmello,849998,https://open.spotify.com/track/7vGuf3Y35N4wmASOKLUVVU
9,"Friends (with BloodPop®)","Justin Bieber",836723,https://open.spotify.com/track/7nZmah2llfvLDiUjm0kiyz
10,"Bank Account","21 Savage",831702,https://open.spotify.com/track/5eqK0tbzUPo2SoeZsov04s
11,"...Ready For It?","Taylor Swift",817722,https://open.spotify.com/track/19WjVVgXjdKXfLXoaDPwTM
12,"XO TOUR Llif3","Lil Uzi Vert",795570,https://open.spotify.com/track/7GX5flRQZVHRAGd6B4TmDO
13,"Jocelyn Flores",XXXTENTACION,789961,https://open.spotify.com/track/7m9OqQk4RVRkw9JJdeAw96
14,Feels,"Calvin Harris",764304,https://open.spotify.com/track/5bcTCxgc7xVfSaMV3RuVke
15,"Sorry Not Sorry","Demi Lovato",761319,https://open.spotify.com/track/25C5CowdsfXld2jJanbiex
16,"New Rules","Dua Lipa",726462,https://open.spotify.com/track/2ekn2ttSfGqwhhate0LSR0
17,"Bodak Yellow","Cardi B",722314,https://open.spotify.com/track/2771LMNxwf62FTAdpJMQfM
18,"Strip That Down","Liam Payne",703906,https://open.spotify.com/track/6EpRaXYhGOB3fj4V2uDkMJ
19,"What Lovers Do (feat. SZA)","Maroon 5",701614,https://open.spotify.com/track/4mxWSdf71VFO52qFeY0fZt
20,HUMBLE.,"Kendrick Lamar",680707,https://open.spotify.com/track/7KXjTSCq5nL1LoYtL7XAwS
21,"Wild Thoughts","DJ Khaled",668204,https://open.spotify.com/track/1OAh8uOEOvTDqkKFsKksCi
22,"Despacito - Remix","Luis Fonsi",666636,https://open.spotify.com/track/5CtI0qwDJkDQGwXD1H1cLb
23,Attention,"Charlie Puth",650132,https://open.spotify.com/track/4iLqG9SeJSnt0cSPICSjxv
24,"Glorious (feat. Skylar Grey)",Macklemore,616647,https://open.spotify.com/track/3HVr6jTVwBHBa2flM0eURR
25,"Butterfly Effect","Travis Scott",610951,https://open.spotify.com/track/1yxgsra98r3qAtxqiGZPiX
26,Signs,Drake,591109,https://open.spotify.com/track/5EnYT6F7wEcdege6mDHEfO
27,"Back to You (feat. Bebe Rexha & Digital Farm Animals)","Louis Tomlinson",586998,https://open.spotify.com/track/7F9vK8hNFMml4GtHsaXui6
28,"Young Dumb & Broke",Khalid,586358,https://open.spotify.com/track/5Z3GHaZ6ec9bsiI5BenrbY
29,Thunder,"Imagine Dragons",580082,https://open.spotify.com/track/0tKcYR2II1VCQWT79i5NrW
30,"Slow Hands","Niall Horan",569367,https://open.spotify.com/track/167NczpNbRF7oWakJaY3Hh
31,"I Like Me Better",Lauv,550019,https://open.spotify.com/track/1wjzFQodRWrPcQ0AnYnvQ9
32,Congratulations,"Post Malone",539179,https://open.spotify.com/track/3a1lNhkSLSkpJE4MSHpDu9
33,"What About Us",P!nk,499764,https://open.spotify.com/track/31MkGwj0SWgZaTvEt5Hgxv
34,"Fuck Love (feat. Trippie Redd)",XXXTENTACION,495048,https://open.spotify.com/track/7AQim7LbvFVZJE3O8TYgf2
35,"I Get The Bag (feat. Migos)","Gucci Mane",493150,https://open.spotify.com/track/1HTtUBEY3tuw2btgwwI2Ja
36,"More Than You Know","Axwell /\ Ingrosso",484343,https://open.spotify.com/track/3PEgB3fkiojxms35ntsTgs
37,"2U (feat. Justin Bieber)","David Guetta",480756,https://open.spotify.com/track/3A7qX2QjDlPnazUsRk5y0M
38,"I'm the One","DJ Khaled",473091,https://open.spotify.com/track/3DXncPQOG4VBw3QHh3S817
39,"Without You (feat. Sandro Cavazza)",Avicii,464024,https://open.spotify.com/track/6WbADFqMvR8N5u0BvtsWQE
40,"Shape of You","Ed Sheeran",457071,https://open.spotify.com/track/7qiZfU4dY1lWllzX7mPBI3
41,Believer,"Imagine Dragons",453143,https://open.spotify.com/track/0CcQNd8CINkwQfe1RDtGV6
42,"Lonely Together (feat. Rita Ora)",Avicii,440032,https://open.spotify.com/track/2OALaHcDdKkjYEpAr0Qzab
43,"Rich Love (with Seeb)",OneRepublic,436446,https://open.spotify.com/track/7aF09WaavZAmAWuUeYxlYD
44,Questions,"Chris Brown",427492,https://open.spotify.com/track/5XQMr19TL7Mfksq9zihbOu
45,"There's Nothing Holdin' Me Back","Shawn Mendes",416331,https://open.spotify.com/track/79cuOz3SPQTuFrp8WgftAu
46,"Would You Ever",Skrillex,415744,https://open.spotify.com/track/57p8CBvPOxrvyCbn6ttl5r
47,OMG,"Camila Cabello",412694,https://open.spotify.com/track/4xBjsLUSjcx2h7PcRikpQp
48,Praying,Kesha,397213,https://open.spotify.com/track/0jdny0dhgjUwoIp5GkqEaA
49,"Your Song","Rita Ora",382353,https://open.spotify.com/track/4c2W3VKsOFoIg2SFaO6DY5
50,"Slippery (feat. Gucci Mane)",Migos,382348,https://open.spotify.com/track/6p8NuHm8uCGnn2Dtbtf7zE
51,"Body Like A Back Road","Sam Hunt",380028,https://open.spotify.com/track/7mldq42yDuxiUNn08nvzHO
52,"The Way Life Goes","Lil Uzi Vert",377999,https://open.spotify.com/track/2eAZfqOm4EnOF9VvN50Tyc
53,Location,Khalid,369881,https://open.spotify.com/track/152lZdxL1OR0ZMW6KquMif
54,Unforgettable,"Thomas Rhett",368837,https://open.spotify.com/track/30MM5jWpUmOxtTNd9Ey5LZ
55,DNA.,"Kendrick Lamar",364779,https://open.spotify.com/track/6HZILIRieu8S0iqY8kIKhj
56,"Let Me Go (with Alesso, Florida Georgia Line & watt)","Hailee Steinfeld",363420,https://open.spotify.com/track/5Gu0PDLN4YJeW75PpBSg9p
57,"Feel It Still","Portugal. The Man",362008,https://open.spotify.com/track/6QgjcU0zLnzq5OrUoSZ3OK
58,Magnolia,"Playboi Carti",352840,https://open.spotify.com/track/1e1JKLEDKP7hEQzJfNAgPl
59,"Fetish (feat. Gucci Mane)","Selena Gomez",350133,https://open.spotify.com/track/0XLOf9LhyazPX9Ld8jPiUq
60,Redbone,"Childish Gambino",337944,https://open.spotify.com/track/3kxfsdsCpFgN412fpnW85Y
61,goosebumps,"Travis Scott",337827,https://open.spotify.com/track/6gBFPUFcJLzWGx4lenP6h2
62,"Roll In Peace (feat. XXXTENTACION)","Kodak Black",335277,https://open.spotify.com/track/40oKW22ZNNkEdZLJTScaQI
63,"Something Just Like This","The Chainsmokers",309836,https://open.spotify.com/track/6RUKPb4LETWmmr3iAEQktW
64,"It's A Vibe","2 Chainz",309155,https://open.spotify.com/track/6H0AwSQ20mo62jGlPGB8S6
65,"Mask Off",Future,308879,https://open.spotify.com/track/3rOSwuTsUlJp0Pu0MkN8r8
66,"Everybody Dies In Their Nightmares",XXXTENTACION,307348,https://open.spotify.com/track/3GVkPk8mqxz0itaAriG1L7
67,Mama,"Jonas Blue",305979,https://open.spotify.com/track/0NiXXAI876aGImAd6rTj8w
68,"If I'm Lucky","Jason Derulo",300833,https://open.spotify.com/track/6eUncuJutsFi9BGO1JaBHh
69,Passionfruit,Drake,300457,https://open.spotify.com/track/7hDc8b7IXETo14hHIHdnhd
70,"Love Galore",SZA,298886,https://open.spotify.com/track/0q75NwOoFiARAVp4EXU4Bs
71,"No Complaints","Metro Boomin",294197,https://open.spotify.com/track/6kig1UFggPUyZBCvXD3Wod
72,Transportin',"Kodak Black",293646,https://open.spotify.com/track/1WIZiOuNO3woKfdlSK2gNn
73,"Perplexing Pegasus","Rae Sremmurd",292350,https://open.spotify.com/track/2nYwV62UABTH0NanrwVIdQ
74,Slide,"Calvin Harris",282024,https://open.spotify.com/track/7tr2za8SQg2CI8EDgrdtNl
75,"Drowning (feat. Kodak Black)","A Boogie Wit da Hoodie",281039,https://open.spotify.com/track/6Q2FftbUG530lCtBI74bMH
76,Reminder,"The Weeknd",275378,https://open.spotify.com/track/37F0uwRSrdzkBiuj0D5UHI
77,"Relationship (feat. Future)","Young Thug",269756,https://open.spotify.com/track/25oOaleife6E2MIKmFkPvg
78,"Swalla (feat. Nicki Minaj & Ty Dolla $ign)","Jason Derulo",268261,https://open.spotify.com/track/6kex4EBAj0WHXDKZMEJaaF
79,"Live Up To My Name","Baka Not Nice",265781,https://open.spotify.com/track/61mnlyQlnPuq1GEX0LxIWh
80,"No Limit",G-Eazy,260469,https://open.spotify.com/track/2Xqd0wUttjueBfdcltADOv
81,Down,"Fifth Harmony",260222,https://open.spotify.com/track/20H2Hd5AkUcRjB4yL3UQtJ
82,"LOYALTY. FEAT. RIHANNA.","Kendrick Lamar",259817,https://open.spotify.com/track/6SwRhMLwNqEi6alNPVG00n
83,"Gucci Gang","Lil Pump",259320,https://open.spotify.com/track/6foxplXS0YEq8cO374Lty4
84,"Rake It Up","Yo Gotti",258147,https://open.spotify.com/track/6c7D34787LOtPm8tzhsLgH
85,"The Race",Tay-K,257585,https://open.spotify.com/track/5RCfvwDewu6p2x1mEI6smX
86,"It Ain't Me (with Selena Gomez)",Kygo,252677,https://open.spotify.com/track/3eR23VReFzcdmS7TYCrhCe
87,"Stay (with Alessia Cara)",Zedd,249803,https://open.spotify.com/track/0dA2Mk56wEzDgegdC6R17g
88,Gyalchester,Drake,241944,https://open.spotify.com/track/6UjfByV1lDLW0SOVQA4NAi
89,"That's What I Like","Bruno Mars",240699,https://open.spotify.com/track/0KKkJNfGyhkQ5aFogxQAPU
90,Portland,Drake,238745,https://open.spotify.com/track/2bjwRfXMk4uRgOD9IBYl9h
91,"Say You Won't Let Go","James Arthur",234692,https://open.spotify.com/track/5uCax9HTNlzGybIStD3vDh
92,"Tunnel Vision","Kodak Black",233273,https://open.spotify.com/track/4Q3N4Ct4zCuIHuZ65E3BD4
93,"Galway Girl","Ed Sheeran",229691,https://open.spotify.com/track/0afhq8XCExXpqazXczTSve
94,"4 AM","2 Chainz",228741,https://open.spotify.com/track/1nX9KhK3Fff27SnrIor2Yb
95,Starboy,"The Weeknd",225212,https://open.spotify.com/track/5aAx2yezTd8zXrkmtKl66Z
96,"Sauce It Up","Lil Uzi Vert",224678,https://open.spotify.com/track/1uL78kFWxhz3umTMWJu8n5
97,"Two High","Moon Taxi",221967,https://open.spotify.com/track/0Z9HQ8YvHqdeOjTwsR3cS7
98,"Get Low (with Liam Payne)",Zedd,219961,https://open.spotify.com/track/1CKd1PnqfYx0H12V9MSaIY
99,Closer,"The Chainsmokers",219322,https://open.spotify.com/track/7BKLCZ1jbUBVqRi2FVlTVw
100,"do re mi (feat. Gucci Mane)",blackbear,215260,https://open.spotify.com/track/53mrVsi49rLHIaKBiSvElG
101,"Despacito (Featuring Daddy Yankee)","Luis Fonsi",215139,https://open.spotify.com/track/4aWmUDTfIPGksMNLV2rQP2
102,"I Don’t Wanna Live Forever (Fifty Shades Darker) - From ""Fifty Shades Darker (Original Motion Picture Soundtrack)""",ZAYN,214469,https://open.spotify.com/track/3NdDpSvN911VPGivFlV5d0
103,"UnFazed (feat. The Weeknd)","Lil Uzi Vert",213398,https://open.spotify.com/track/5O8x1YlmLQopQHErxtDfi9
104,Issues,"Julia Michaels",212196,https://open.spotify.com/track/0xG0SHshCStMEyNbNC5d4k
105,Revenge,XXXTENTACION,211553,https://open.spotify.com/track/5TXDeTFVRVY7Cvt0Dw4vWW
106,"iSpy (feat. Lil Yachty)",KYLE,210021,https://open.spotify.com/track/2EEeOnHehOozLq4aS0n6SL
107,"Bad and Boujee (feat. Lil Uzi Vert)",Migos,209465,https://open.spotify.com/track/4Km5HrUvYTaSUfiSGPJeQR
108,"Most Girls","Hailee Steinfeld",209090,https://open.spotify.com/track/2mfUa8bLs2s5N4VaqJZ4lZ
109,"Know No Better (feat. Quavo)","Major Lazer",208772,https://open.spotify.com/track/3Ytr1SUCUi6J3L9dRFx5iH
110,"A Lie","French Montana",208352,https://open.spotify.com/track/1vVNlXi8gf8tZ7OhnEs4VE
111,"All My Love (feat. Conor Maynard)","Cash Cash",207122,https://open.spotify.com/track/1839RWzPRZCVgvamu4sHSN
112,"Small Town Boy","Dustin Lynch",205544,https://open.spotify.com/track/2YMhrXQYKkm4kXLcXKKd5z
113,"LOVE. FEAT. ZACARI.","Kendrick Lamar",204943,https://open.spotify.com/track/6PGoSes0D9eUDeeAafB2As
114,T-Shirt,Migos,204549,https://open.spotify.com/track/7KOlJ92bu51cltsD9KU5I7
115,"Bounce Back","Big Sean",204517,https://open.spotify.com/track/0SGkqnVQo9KPytSri1H6cF
116,"One Dance",Drake,201957,https://open.spotify.com/track/1xznGGDReH1oQq0xzbwXa3
117,"There for You","Martin Garrix",200068,https://open.spotify.com/track/6jA8HL9i4QGzsj6fjoxp8Y
118,X,"Lil Uzi Vert",199871,https://open.spotify.com/track/5tRmoZRoupvMYPV1oezFrH
119,"X (feat. Future)","21 Savage",199198,https://open.spotify.com/track/6fwdbPMwP1zVStm8FybmkO
120,"Better Days",Hedley,199001,https://open.spotify.com/track/6VJ2Z7OHjHA5xfEDqzUr6j
121,"Tell Me You Love Me","Demi Lovato",198263,https://open.spotify.com/track/65MOTX6uSFAnqXl7dlAuId
122,Rollin,"Calvin Harris",197249,https://open.spotify.com/track/0lMbuWUpfTWhEmOKxppEau
123,"Plain Jane","A$AP Ferg",195916,https://open.spotify.com/track/4dVpf9jZjcORqGTLUaeYj9
124,"Go Flex","Post Malone",194274,https://open.spotify.com/track/5yuShbu70mtHXY0yLzCQLQ
125,"Ex Calling",6LACK,193840,https://open.spotify.com/track/2RwmsAOxtiRezQPmvyejb8
126,"Get Right Witcha",Migos,193546,https://open.spotify.com/track/76Y0gxtTxN0FyDCYh5qYQj
127,"Look At Me!",XXXTENTACION,192781,https://open.spotify.com/track/4ARPvK8DHLwt4oX65ZAFMw
128,"Craving You","Thomas Rhett",189301,https://open.spotify.com/track/2d48mamATjby7wgPjdrSOQ
129,Malibu,"Miley Cyrus",187642,https://open.spotify.com/track/2habSXqcJGExM6JJyskY7O
130,"No Promises (feat. Demi Lovato)","Cheat Codes",185991,https://open.spotify.com/track/1louJpMmzEicAn7lzDalPW
131,"Sky Walker",Miguel,183059,https://open.spotify.com/track/1DRW9bQzt2SE8f7H4KJZyL
132,"Meant to Be (feat. Florida Georgia Line)","Bebe Rexha",182090,https://open.spotify.com/track/7iDa6hUg2VgEL1o1HjmfBn
133,"Bad Liar","Selena Gomez",181116,https://open.spotify.com/track/1sCxVKWImDZSZKvG0U9B23
134,"Fake Love",Drake,180266,https://open.spotify.com/track/343YBumqHu19cGoGARUTsd
135,"What Ifs","Kane Brown",180017,https://open.spotify.com/track/7zVCrzzEJU7u24sbJPXA5W
136,"Now Or Never",Halsey,179385,https://open.spotify.com/track/7i2DJ88J7jQ8K7zqFX2fW8
137,"I Feel It Coming","The Weeknd",178927,https://open.spotify.com/track/5GXAXm5YOmYT0kL5jHvYBt
138,"Marmalade (feat. Lil Yachty)",Macklemore,177529,https://open.spotify.com/track/0RYXEibxMami3QuT8kn4Iz
139,"Symphony (feat. Zara Larsson)","Clean Bandit",177097,https://open.spotify.com/track/1x5sYLZiu9r5E43kMlt9f8
140,"The Night We Met","Lord Huron",175884,https://open.spotify.com/track/6mORGLOz79w6VsCRLWYYuK
141,"Reggaetón Lento (Remix) [CNCO & Little Mix]",CNCO,173983,https://open.spotify.com/track/3zoYkqS4y2BsGVShPL2nTE
142,"Mask Off - Remix",Future,172184,https://open.spotify.com/track/6dVZCbi9CYtD9LjAHXRjIG
143,"White Iverson","Post Malone",171416,https://open.spotify.com/track/6eT7xZZlB2mwyzJ2sUKG6w
144,Swang,"Rae Sremmurd",170403,https://open.spotify.com/track/6mapJIPnQ23RTAevUoE0DL
145,"Castle on the Hill","Ed Sheeran",169997,https://open.spotify.com/track/6PCUP3dWmTjcTtXY02oFdT
146,"Leave Right Now","Thomas Rhett",169403,https://open.spotify.com/track/0wyja8xD9cNhDtfuY0dVMP
147,Hurricane,"Luke Combs",166977,https://open.spotify.com/track/6xHI9KjUjYT0FPtGO8Mxa1
148,"Tone it Down (feat. Chris Brown)","Gucci Mane",166907,https://open.spotify.com/track/0iTCmKvuU1ReULiQB0rI7n
149,Figures,"Jessie Reyez",165521,https://open.spotify.com/track/3U3J5v3rkx89WnFEQvAJD5
150,"Main Girl","Charlotte Cardin",162822,https://open.spotify.com/track/0tkUg2KCEKWlcPJNcey8Nw
151,"Summer Air",ItaloBrothers,162483,https://open.spotify.com/track/0V9cosR5jWa4fr2koARmhD
152,"'Till I Collapse",Eminem,161542,https://open.spotify.com/track/6yr8GiTHWvFfi4o6Q5ebdT
153,Perfect,"Ed Sheeran",160876,https://open.spotify.com/track/0tgVpDi06FyKpA1z0VMD4v
154,Paris,"The Chainsmokers",160225,https://open.spotify.com/track/72jbDTw1piOOj770jWNeaG
155,"Instruction (feat. Demi Lovato & Stefflon Don)","Jax Jones",159485,https://open.spotify.com/track/0XfOi87h82i09rQjWYG0Bm
156,"Depression & Obsession",XXXTENTACION,158473,https://open.spotify.com/track/2H3wWrnO758y0fPH7Ilerg
157,"Lose Yourself - Soundtrack Version",Eminem,158316,https://open.spotify.com/track/5Z01UMMf7V1o0MzF86s6WJ
158,"Carry On",XXXTENTACION,157601,https://open.spotify.com/track/2yZax79pOrYuyIFVW2cZY2
159,ELEMENT.,"Kendrick Lamar",156658,https://open.spotify.com/track/1EaKU4dMbesXXd3BrLCtYG
160,"No Flag","London On Da Track",156110,https://open.spotify.com/track/1tyjWMMINb9S0YBynTvJ7s
161,"Pills & Automobiles","Chris Brown",155620,https://open.spotify.com/track/4YkwUfWSIxdKNLDXw0caFO
162,"Broccoli (feat. Lil Yachty)",DRAM,155307,https://open.spotify.com/track/7yyRTcZmCiyzzJlNzGC9Ol
163,"Perfect Timing (Intro)",NAV,154523,https://open.spotify.com/track/5Od0M7jp6IODTPW0cygHgu
164,"Me Rehúso","Danny Ocean",154215,https://open.spotify.com/track/6De0lHrwBfPfrhorm9q1Xl
165,"No Role Modelz","J. Cole",153683,https://open.spotify.com/track/62vpWI1CHwFy7tMIcSStl8
166,"Reminding Me","Shawn Hook",153570,https://open.spotify.com/track/4gqMQftUs22F8pOGVn5Acr
167,8TEEN,Khalid,153305,https://open.spotify.com/track/5bgwqaRSS3M8WHWruHgSL5
168,"Run Me Dry","Bryson Tiller",152005,https://open.spotify.com/track/5GG3knKdxKWrNboRijxeKF
169,"(Not) The One","Bebe Rexha",151504,https://open.spotify.com/track/22BH6K8RlpwNzIINvWS4Jj
170,"Some Way",NAV,151206,https://open.spotify.com/track/7zxRMhXxJMQCeDDg0rKAVo
171,"Pretty Girl - Cheat Codes X CADE Remix","Maggie Lindemann",151060,https://open.spotify.com/track/1NDxZ7cFAo481dtYWdrUnR
172,"No Such Thing as a Broken Heart","Old Dominion",149885,https://open.spotify.com/track/0OlS52TmtK2gPaEtdmr7DN
173,"Sign of the Times","Harry Styles",149538,https://open.spotify.com/track/5Ohxk2dO5COHF1krpoPigN
174,Starving,"Hailee Steinfeld",149253,https://open.spotify.com/track/6875MeXyCW0wLyT72Eetmo
175,"Reminder - Remix","The Weeknd",148806,https://open.spotify.com/track/7F1LWA9sIlTorHUo4amGqk
176,"What They Want",Russ,148655,https://open.spotify.com/track/3pndPhlQWjuSoXhcIIdBjv
177,"pick up the phone","Young Thug",148070,https://open.spotify.com/track/20dP2DaMHIAmwWAbp7peSr
178,"Rockabye (feat. Sean Paul & Anne-Marie)","Clean Bandit",148060,https://open.spotify.com/track/5knuzwU65gJK7IF5yJsuaW
179,Photograph,"Ed Sheeran",147604,https://open.spotify.com/track/6fxVffaTuwjgEk5h9QyRjy
180,"Call On Me - Ryan Riback Extended Remix",Starley,146333,https://open.spotify.com/track/78rIJddV4X0HkNAInEcYde
181,"do re mi",blackbear,146057,https://open.spotify.com/track/3Q3myFA7q4Op95DOpHplaY
182,"beibs in the trap","Travis Scott",146043,https://open.spotify.com/track/0ESJlaM8CE1jRWaNtwSNj8
183,"Crying in the Club","Camila Cabello",145681,https://open.spotify.com/track/1SJtlNRJDeYHioymcvsqev
184,"Feel Good","Felix Jaehn",145327,https://open.spotify.com/track/6a9vKVMFfNBi741DVSit3H
185,"Where the Water Ends",VINAI,145015,https://open.spotify.com/track/5Qh8DqDqD0BxHbI2f8P3j2
186,"Neon Guts (feat. Pharrell Williams)","Lil Uzi Vert",144565,https://open.spotify.com/track/1MJErNPIQUoEMu4YUUmecm
187,Caroline,Aminé,143032,https://open.spotify.com/track/5hTpBe8h35rJ67eAWHQsJx
188,Rolex,"Ayo & Teo",142916,https://open.spotify.com/track/0pSBuHjILhNEo55xK1zrRt
189,"Call Me",NAV,142363,https://open.spotify.com/track/1xpXnpIpuvzpx9jz15baJF
190,"Get You (feat. Kali Uchis)","Daniel Caesar",141965,https://open.spotify.com/track/7zFXmv6vqI4qOt4yGf3jYZ
191,Saved,Khalid,141527,https://open.spotify.com/track/248OFOZef6ShXv6DGgbnxU
192,"Don't Let Me Down","The Chainsmokers",140952,https://open.spotify.com/track/0QsvXIfqM0zZoerQfsI9lm
193,Blem,Drake,139890,https://open.spotify.com/track/2XlHu0HcujBCkWMdIAvrqt
194,"Thinking Out Loud","Ed Sheeran",139835,https://open.spotify.com/track/1Slwb6dOYkBlWal1PGtnNg
195,Wait,"Martin Jensen",139805,https://open.spotify.com/track/5XiZK7m9PLppgIzJBpw2x5
196,444+222,"Lil Uzi Vert",139461,https://open.spotify.com/track/1QgTBfRN5m81a5K01qens6
197,"Candy Paint","Post Malone",138794,https://open.spotify.com/track/4wdZdkEugVVorAfzqRqC6N
198,Sixteen,"Thomas Rhett",138730,https://open.spotify.com/track/3pJkBPHadRAxBBo484RipI
199,Everybody,Logic,137905,https://open.spotify.com/track/7cGFbx7MP0H23iHZTZpqMM
200,"Younger Now","Miley Cyrus",137606,https://open.spotify.com/track/0B48113ZG9UfkWWt7qD9xX
