Position,"Track Name",Artist,Streams,URL
1,"Shape of You","Ed Sheeran",1850272,https://open.spotify.com/track/7qiZfU4dY1lWllzX7mPBI3
2,"Castle on the Hill","Ed Sheeran",1206728,https://open.spotify.com/track/6PCUP3dWmTjcTtXY02oFdT
3,Starboy,"The Weeknd",949851,https://open.spotify.com/track/5aAx2yezTd8zXrkmtKl66Z
4,"Fake Love",Drake,866580,https://open.spotify.com/track/343YBumqHu19cGoGARUTsd
5,"Bad and Boujee (feat. Lil Uzi Vert)",Migos,841260,https://open.spotify.com/track/4Km5HrUvYTaSUfiSGPJeQR
6,"I Don’t Wanna Live Forever (Fifty Shades Darker) - From ""Fifty Shades Darker (Original Motion Picture Soundtrack)""",ZAYN,815555,https://open.spotify.com/track/3NdDpSvN911VPGivFlV5d0
7,Closer,"The Chainsmokers",721502,https://open.spotify.com/track/7BKLCZ1jbUBVqRi2FVlTVw
8,"Say You Won't Let Go","James Arthur",646785,https://open.spotify.com/track/5uCax9HTNlzGybIStD3vDh
9,"Rockabye (feat. Sean Paul & Anne-Marie)","Clean Bandit",609815,https://open.spotify.com/track/5knuzwU65gJK7IF5yJsuaW
10,"I Feel It Coming","The Weeknd",590469,https://open.spotify.com/track/5GXAXm5YOmYT0kL5jHvYBt
11,"Don't Wanna Know","Maroon 5",570669,https://open.spotify.com/track/5MFzQMkrl1FOOng9tq6R9r
12,"Let Me Love You","DJ Snake",541552,https://open.spotify.com/track/4pdPtRcBmOSQDlJ3Fk945m
13,"Black Beatles","Rae Sremmurd",539513,https://open.spotify.com/track/6fujklziTHa8uoM5OQSfIo
14,"Call On Me - Ryan Riback Extended Remix",Starley,533413,https://open.spotify.com/track/78rIJddV4X0HkNAInEcYde
15,"Bad Things (with Camila Cabello)","Machine Gun Kelly",504116,https://open.spotify.com/track/1PSBzsahR2AKwLJgx8ehBj
16,"Love Me Now","John Legend",471863,https://open.spotify.com/track/6nxQdXa1uAL0rY72wPZu89
17,"Just Hold On","Steve Aoki",469971,https://open.spotify.com/track/3EmmCZoqpWOTY1g2GBwJoR
18,"Now and Later","Sage The Gemini",433784,https://open.spotify.com/track/43jBqV3j3Xi1g6wO0bhIMd
19,"All Time Low","Jon Bellion",431293,https://open.spotify.com/track/1CnPYaKxTVb4LWOtiGOm0m
20,Caroline,Aminé,427576,https://open.spotify.com/track/5GFDrUTLGJix84sNhjCG0g
21,"In the Name of Love","Martin Garrix",426828,https://open.spotify.com/track/04DwTuZ2VBdJCCC5TROn7L
22,"24K Magic","Bruno Mars",425707,https://open.spotify.com/track/6b8Be6ljOzmkOmFslEb23P
23,"All We Know","The Chainsmokers",422310,https://open.spotify.com/track/2rizacJSyD9S1IQUxUxnsK
24,"One Dance",Drake,419479,https://open.spotify.com/track/1xznGGDReH1oQq0xzbwXa3
25,"Bounce Back","Big Sean",414401,https://open.spotify.com/track/0SGkqnVQo9KPytSri1H6cF
26,"Side To Side","Ariana Grande",409284,https://open.spotify.com/track/4pLwZjInHj3SimIyN9SnOz
27,"How Far I'll Go - From ""Moana""","Alessia Cara",404121,https://open.spotify.com/track/5hYTyyh2odQKphUbMqc5gN
28,Mercy,"Shawn Mendes",396753,https://open.spotify.com/track/4TZy1wLyHec06pwgFYDh1a
29,"Cold Water (feat. Justin Bieber & MØ)","Major Lazer",384943,https://open.spotify.com/track/6DNtNfH8hXkqOX1sjqmI7p
30,"Scars To Your Beautiful","Alessia Cara",383629,https://open.spotify.com/track/0prNGof3XqfTvNDxHonvdK
31,"Broccoli (feat. Lil Yachty)",DRAM,375091,https://open.spotify.com/track/7yyRTcZmCiyzzJlNzGC9Ol
32,"Party Monster","The Weeknd",372460,https://open.spotify.com/track/4F7A0DXBrmUAkp32uenhZt
33,Starving,"Hailee Steinfeld",369739,https://open.spotify.com/track/1qOLh0tI7trd1zdDKxYZTe
34,"All Night","The Vamps",367290,https://open.spotify.com/track/1yNyoWWWikbLhwIGWjZuDW
35,"My Way","Calvin Harris",347606,https://open.spotify.com/track/1vvNmPOiUuyCbgWmtc6yfm
36,"The Greatest",Sia,347162,https://open.spotify.com/track/7xHWNBFm6ObGEQPaUxHuKO
37,"Sunset Lover","Petit Biscuit",347138,https://open.spotify.com/track/0hNduWmlWmEmuwEFcYvRu1
38,"Deja Vu","J. Cole",335142,https://open.spotify.com/track/6I6NX6tjGsxFAsIfGzY9lJ
39,Sneakin’,Drake,318799,https://open.spotify.com/track/4ckuS4Nj4FZ7i3Def3Br8W
40,Heathens,"Twenty One Pilots",311498,https://open.spotify.com/track/6i0V12jOa3mr6uu4WYhUBr
41,"The Mack",Nevada,310447,https://open.spotify.com/track/7aV2mflaASUmGhCErm7kBO
42,Sidewalks,"The Weeknd",309922,https://open.spotify.com/track/4h90qkbnW1Qq6pBhoPvwko
43,"X (feat. Future)","21 Savage",305616,https://open.spotify.com/track/6fwdbPMwP1zVStm8FybmkO
44,"Trust Nobody (feat. Selena Gomez & Tory Lanez)","Cashmere Cat",300881,https://open.spotify.com/track/2wDjpPW3HZdA9quPPmZAMu
45,Weak,AJR,296109,https://open.spotify.com/track/3E2Zh20GDCR9B1EYjfXWyv
46,"Chill Bill","Rob $tone",293755,https://open.spotify.com/track/5uDASfU19gDxSjW8cnCaBp
47,"Steady 1234 (feat. Jasmine Thompson & Skizzy Mars)",Vice,280425,https://open.spotify.com/track/40UroIGvsMPLPBYwH8rMNA
48,"I Would Like","Zara Larsson",273478,https://open.spotify.com/track/4Q4jmPHwu0wrJvqrld0FQ6
49,"Treat You Better","Shawn Mendes",271400,https://open.spotify.com/track/4Hf7WnR761jpxPr5D46Bcd
50,"Lot to Learn","Luke Christopher",269708,https://open.spotify.com/track/3TRFq09DUgYj1mug6RRqJW
51,"Not Going Home",DVBBS,262491,https://open.spotify.com/track/042x9bsUBWW2fJgJ6fUh61
52,"Lighthouse - Andrelli Remix","Hearts & Colors",261815,https://open.spotify.com/track/04CttTezSnv71USiiG9mIo
53,"Don't Let Me Down","The Chainsmokers",260647,https://open.spotify.com/track/0QsvXIfqM0zZoerQfsI9lm
54,"Water Under the Bridge",Adele,259541,https://open.spotify.com/track/4vb4mFvYsr2h6enhjJsq9Y
55,Photograph,"Ed Sheeran",248321,https://open.spotify.com/track/6fxVffaTuwjgEk5h9QyRjy
56,"I Got You","Bebe Rexha",245378,https://open.spotify.com/track/1FUViuNSldssMIawrOXF2i
57,"Six Feet Under","The Weeknd",243981,https://open.spotify.com/track/4mU5iXHeLgbR94siF7p1sY
58,"Make Me (Cry)","Noah Cyrus",238122,https://open.spotify.com/track/2BrzlUj1u1CtvaJDGIKpsP
59,"Shed a Light","Robin Schulz",237432,https://open.spotify.com/track/1cG0umU5TKStygKsPFZ9pY
60,"Too Good",Drake,236177,https://open.spotify.com/track/11KJSRSgaDxqydKYiD2Jew
61,Chantaje,Shakira,229617,https://open.spotify.com/track/6mICuAdrwEjh6Y6lroV2Kg
62,OOOUUU,"Young M.A",226728,https://open.spotify.com/track/7JYsArznYOjX2jsrT3UEnL
63,"Cheap Thrills",Sia,225768,https://open.spotify.com/track/27SdWb2rFzO6GWiYDBTD9j
64,Light,"San Holo",224567,https://open.spotify.com/track/7zTx8ePYAmPFQuxP3xlXZn
65,"pick up the phone","Young Thug",223068,https://open.spotify.com/track/20dP2DaMHIAmwWAbp7peSr
66,"No Heart","21 Savage",219123,https://open.spotify.com/track/4gmmRb6bZJffOOiww1JGTO
67,Reminder,"The Weeknd",214352,https://open.spotify.com/track/37F0uwRSrdzkBiuj0D5UHI
68,"I Took A Pill In Ibiza - Seeb Remix","Mike Posner",214320,https://open.spotify.com/track/17Fd6Yb7mSbinKG8LoWfFl
69,Redbone,"Childish Gambino",213616,https://open.spotify.com/track/3kxfsdsCpFgN412fpnW85Y
70,Controlla,Drake,211922,https://open.spotify.com/track/6F609ICg9Spjrw1epsAnpa
71,"Both (feat. Drake)","Gucci Mane",209077,https://open.spotify.com/track/5tFep7dXGd7vEJ668wTPux
72,Panda,Desiigner,208581,https://open.spotify.com/track/5OOkp4U9P9oL23maHFHL1h
73,"Don't Leave",Snakehips,206792,https://open.spotify.com/track/0Zx8khUcEfCFK2AEoIhC92
74,"Taped Up Heart (feat. Clara Mae)",KREAM,203402,https://open.spotify.com/track/26hcyzSE154xMZCbFdtInA
75,"Thinking Out Loud","Ed Sheeran",203164,https://open.spotify.com/track/1Slwb6dOYkBlWal1PGtnNg
76,Cake,"Flo Rida",202589,https://open.spotify.com/track/6t2ubAB4iSYOuIpRAOGd4t
77,Swang,"Rae Sremmurd",202102,https://open.spotify.com/track/6mapJIPnQ23RTAevUoE0DL
78,"We Don't Talk Anymore (feat. Selena Gomez)","Charlie Puth",200199,https://open.spotify.com/track/68EMU2RD1ECNeOeJ5qAXCV
79,"Low Life",Future,199648,https://open.spotify.com/track/7EiZI6JVHllARrX9PUvAdX
80,"iSpy (feat. Lil Yachty)",KYLE,196630,https://open.spotify.com/track/2EEeOnHehOozLq4aS0n6SL
81,"Dynamite (feat. Pretty Sister)",Nause,194938,https://open.spotify.com/track/2Ae5awwKvQpTBKQHr1TYCg
82,"Setting Fires","The Chainsmokers",194749,https://open.spotify.com/track/0B8B8cVRFIG1yznoQe7c9s
83,"Needed Me",Rihanna,193762,https://open.spotify.com/track/1Tt4sE4pXi57mTD1GCzsqm
84,Immortal,"J. Cole",192899,https://open.spotify.com/track/6AGON2BGdPmPMJGiiNuuwl
85,Moves,"Big Sean",192343,https://open.spotify.com/track/0Fv5N0cHBsl4bzCbollCAS
86,"Used to This",Future,191708,https://open.spotify.com/track/78sr3ogs4UzITcCNbXM9cM
87,"CAN'T STOP THE FEELING! (Original Song from DreamWorks Animation's ""TROLLS"")","Justin Timberlake",190889,https://open.spotify.com/track/6JV2JOEocMgcZxYSZelKcc
88,"This Town","Niall Horan",189230,https://open.spotify.com/track/5nA67Y0XX9JipZwYxX7Gl7
89,"Litty (feat. Tory Lanez)","Meek Mill",185571,https://open.spotify.com/track/5J5PXmMdQ2nh1lZOal8KmK
90,"Miss You","James Hersey",183251,https://open.spotify.com/track/7of1slAJIWrXxP8ikAHxje
91,"What They Want",Russ,181875,https://open.spotify.com/track/3pndPhlQWjuSoXhcIIdBjv
92,"Lights Out","Virginia To Vegas",181870,https://open.spotify.com/track/07ARBxsDbIdAxLwuRCkGJ4
93,"Solo Dance","Martin Jensen",177593,https://open.spotify.com/track/6HUnnBwYZqcED1eQztxMBN
94,"This Is What You Came For","Calvin Harris",176534,https://open.spotify.com/track/0azC730Exh71aQlOt9Zj3y
95,"Love On The Brain",Rihanna,176404,https://open.spotify.com/track/2aksifNn5ph8igDOkPBA02
96,"Sucker For Pain (with Wiz Khalifa, Imagine Dragons, Logic & Ty Dolla $ign feat. X Ambassadors)","Lil Wayne",176182,https://open.spotify.com/track/4dASQiO1Eoo3RJvt74FtXB
97,"Work from Home","Fifth Harmony",174940,https://open.spotify.com/track/4tCtwWceOPWzenK2HAIJSb
98,"By Your Side","Jonas Blue",174830,https://open.spotify.com/track/1D3ODoXHBLpdxolZRHWV1j
99,"It's Gotta Be You",Isaiah,174311,https://open.spotify.com/track/6cAKeFFYW2aClZSUyvqAEW
100,"No Role Modelz","J. Cole",174010,https://open.spotify.com/track/62vpWI1CHwFy7tMIcSStl8
101,Neighbors,"J. Cole",172922,https://open.spotify.com/track/0utlOiJy2weVl9WTkcEWHy
102,Capsize,FRENSHIP,172762,https://open.spotify.com/track/2XMTqoHHSH0lvuXrvIEdco
103,goosebumps,"Travis Scott",172173,https://open.spotify.com/track/6gBFPUFcJLzWGx4lenP6h2
104,"Not Nice",PARTYNEXTDOOR,169746,https://open.spotify.com/track/4STaHtfguDMkWbPEo6Fwcx
105,"Juju On That Beat (TZ Anthem)","Zay Hilfigerrr",167790,https://open.spotify.com/track/1lItf5ZXJc1by9SbPeljFd
106,"The A Team","Ed Sheeran",166986,https://open.spotify.com/track/1VdZ0vKfR5jneCmWIUAMxK
107,"Wake Up Where You Are","State of Sound",165980,https://open.spotify.com/track/2s76aKBWKShlwPC4xTtEEE
108,"Die For You","The Weeknd",165931,https://open.spotify.com/track/2LBqCSwhJGcFQeTHMVGwy3
109,"Hear Me Now",Alok,164902,https://open.spotify.com/track/1a5Yu5L18qNxVhXx38njON
110,"Light It Up (feat. Nyla & Fuse ODG) - Remix","Major Lazer",163922,https://open.spotify.com/track/0L7loeTIg6akW84aEQZpCT
111,"i hate u, i love u (feat. olivia o'brien)",gnash,163683,https://open.spotify.com/track/7vRriwrloYVaoAe3a9wJHe
112,"Some Kind Of Drug",G-Eazy,160364,https://open.spotify.com/track/1Bqxj0aH5KewYHKUg1IdrF
113,"in my miNd","Maty Noyes",158627,https://open.spotify.com/track/0F1Rc18rZcJOALxIIQPTYd
114,"All I Know","The Weeknd",158589,https://open.spotify.com/track/0NWqNXBJTpXbkI5rPWNy3p
115,"Who Do You Love","Marianas Trench",158293,https://open.spotify.com/track/5KAgd2yW7tktrKDsJhO9Fr
116,Work,Rihanna,157856,https://open.spotify.com/track/14WWzenpaEgQZlqPq2nk4v
117,"True Colors","The Weeknd",156511,https://open.spotify.com/track/6i759FCuKx713ZnYjtpQGU
118,"Tiimmy Turner",Desiigner,155683,https://open.spotify.com/track/3NJG6vMH1ZsectZkocMEm0
119,Jumpman,Drake,155210,https://open.spotify.com/track/27GmP9AWRs744SzKcpJsTZ
120,"You Was Right","Lil Uzi Vert",154143,https://open.spotify.com/track/2ANLarE8yHVsLWW21nj79M
121,Rockin’,"The Weeknd",153778,https://open.spotify.com/track/36YCdzT57us0LhDmCYtrNE
122,"Love Yourself","Justin Bieber",152641,https://open.spotify.com/track/3hB5DgAiMAQ4DzYbsMq1IT
123,"Still Here",Drake,151911,https://open.spotify.com/track/433P7tDcIAi6NLnf4Sh6tI
124,Secrets,"The Weeknd",150182,https://open.spotify.com/track/3DX4Y0egvc0slLcLl31h2p
125,"Let It Go","James Bay",148538,https://open.spotify.com/track/13HVjjWUZFaWilh2QUJKsP
126,"Into You","Ariana Grande",147231,https://open.spotify.com/track/7yHEDfrJNd0zWOfXwydNH0
127,"Fire In My Soul","Walk Off the Earth",146565,https://open.spotify.com/track/0dKDwt7DP0uH4XyGaVMtVP
128,Ride,"Twenty One Pilots",145644,https://open.spotify.com/track/2Z8WuEywRWYTKe1NybPQEW
129,"Come and See Me (feat. Drake)",PARTYNEXTDOOR,145488,https://open.spotify.com/track/1wZqJM5FGDEl3FjHDxDyQd
130,LUV,"Tory Lanez",145328,https://open.spotify.com/track/16Ah4QqH4mgYVXqfC4mdSd
131,"No Problem (feat. Lil Wayne & 2 Chainz)","Chance The Rapper",145199,https://open.spotify.com/track/0v9Wz8o0BT8DU38R4ddjeH
132,"Stressed Out","Twenty One Pilots",143128,https://open.spotify.com/track/3CRDbSIZ4r5MsZ0YwxuEkn
133,Ophelia,"The Lumineers",143124,https://open.spotify.com/track/7bTwYGhBdSQ8vuXc76Xint
134,Tempted,"Jazz Cartier",142992,https://open.spotify.com/track/4LP2VeYnQCW8FpsUztef2Y
135,"Wanna Know Remix (feat. Drake)",Dave,142069,https://open.spotify.com/track/7bPLo5Fv7h15E2fW3g1mVQ
136,"Money Longer","Lil Uzi Vert",141517,https://open.spotify.com/track/0B8QzDH7YWih85V5SEMnyJ
137,"Feel Me",Tyga,140883,https://open.spotify.com/track/2Cth0v1xri32oZ799rL3rl
138,Gold,Kiiara,140693,https://open.spotify.com/track/6WhzFzROw3aq3rPWjgYlxr
139,Faded,"Alan Walker",139525,https://open.spotify.com/track/7gHs73wELdeycvS48JfIos
140,Party,"Chris Brown",137907,https://open.spotify.com/track/05Z7jet4VDNVgNQWcYHnrk
141,"Oh Lord","MiC LOWRY",137197,https://open.spotify.com/track/1sTUEdVO85YU8Ymk2jeAls
142,Sorry,"Justin Bieber",136815,https://open.spotify.com/track/69bp2EbF7Q2rqc5N3ylezZ
143,"Me, Myself & I",G-Eazy,136156,https://open.spotify.com/track/40YcuQysJ0KlGQTeGUosTC
144,"Lean On (feat. MØ & DJ Snake)","Major Lazer",135968,https://open.spotify.com/track/4WjH9Bzt3kx7z8kl0awxh4
145,"Black Barbies","Nicki Minaj",135648,https://open.spotify.com/track/3y9cCbnBn0zjkJa2YkOj70
146,Don't,"Bryson Tiller",135321,https://open.spotify.com/track/3pXF1nA74528Edde4of9CC
147,"7 Years","Lukas Graham",135041,https://open.spotify.com/track/7129iqBafaphfc3WPCGC0L
148,"Hymn For The Weekend - Seeb Remix",Coldplay,134296,https://open.spotify.com/track/1OAiWI2oPmglaOiv9fdioU
149,"This Girl (Kungs Vs. Cookin' On 3 Burners) - Kungs Vs. Cookin' On 3 Burners",Kungs,133924,https://open.spotify.com/track/0tICYNayWWhH9GPeFrfjfD
150,"Versace On The Floor","Bruno Mars",133492,https://open.spotify.com/track/0kN8xEmgMW9mh7UmDYHlJP
151,Champions,"Kanye West",132691,https://open.spotify.com/track/2nBI3iWLhupR7LyAJ5GGkE
152,"Lose Yourself - Soundtrack Version",Eminem,132421,https://open.spotify.com/track/5Z01UMMf7V1o0MzF86s6WJ
153,"'Till I Collapse",Eminem,131845,https://open.spotify.com/track/6yr8GiTHWvFfi4o6Q5ebdT
154,Castro,"Yo Gotti",131326,https://open.spotify.com/track/0rHJxNaQRMGK6Y4TUx3xRO
155,"That's What I Like","Bruno Mars",130190,https://open.spotify.com/track/0KKkJNfGyhkQ5aFogxQAPU
156,Patient,"Post Malone",130017,https://open.spotify.com/track/5DLTuH4A5VZB2HKpqHQR6t
157,"White Iverson","Post Malone",129562,https://open.spotify.com/track/6eT7xZZlB2mwyzJ2sUKG6w
158,"Send My Love (To Your New Lover)",Adele,127951,https://open.spotify.com/track/4BHzQ9C00ceJxfG16AlNWb
159,"False Alarm","The Weeknd",127934,https://open.spotify.com/track/32lgtADX2cB9I4KFs1Y1py
160,"I See Fire","Ed Sheeran",127011,https://open.spotify.com/track/3B7udSGy2PfgoCniMSb523
161,"Back To Back",Drake,125200,https://open.spotify.com/track/5lFDtgWsjRJu8fPOAyJIAK
162,"beibs in the trap","Travis Scott",124948,https://open.spotify.com/track/0ESJlaM8CE1jRWaNtwSNj8
163,"Pop Style",Drake,123931,https://open.spotify.com/track/1WRy5l3TwrwlzNmB5bOeKw
164,"Fast Car","Jonas Blue",123229,https://open.spotify.com/track/6OZh916QF8XNunWaP97WEZ
165,"Fresh Eyes","Andy Grammer",121895,https://open.spotify.com/track/4nMlau89VAjmV7agkl7OY3
166,"All The Way Up","Fat Joe",121685,https://open.spotify.com/track/7Ezwtgfw7khBrpvaNPtMoT
167,"Feels Right - Galloway Remix","Jocelyn Alice",120952,https://open.spotify.com/track/41xpFBBttwitDVd7rEDc2p
168,"Crazy Brazy","A$AP Mob",120924,https://open.spotify.com/track/59e7E2LMPZ2bhW5G6aCwX8
169,Roses,"The Chainsmokers",120751,https://open.spotify.com/track/6O6M7pJLABmfBRoGZMu76Y
170,"Feel Something (feat. Kayla Diamond)",Anevo,120709,https://open.spotify.com/track/5mmvdgjLgQPTGOUeqWt4Lw
171,Attention,"The Weeknd",120628,https://open.spotify.com/track/6pDVjCUA3B1vg9waKutAsv
172,Unsteady,"X Ambassadors",120466,https://open.spotify.com/track/7lGKEWMXVWWTt3X71Bv44I
173,"Drinkin' Too Much","Sam Hunt",120158,https://open.spotify.com/track/1PouCui4RgDYcrQVAqdYuf
174,Famous,"Kanye West",119591,https://open.spotify.com/track/19a3JfW8BQwqHWUMbcqSx8
175,"No Shopping","French Montana",118725,https://open.spotify.com/track/24BSTATmWEmrPOgEM17bfN
176,"Are You Sure? (feat. Ty Dolla $ign)","Kris Kross Amsterdam",117767,https://open.spotify.com/track/0fH86zQcE2CmATQju6WpXv
177,"Deja Vu","Post Malone",117621,https://open.spotify.com/track/0H8XeaJunhvpBdBFIYi6Sh
178,"Give Me Love","Ed Sheeran",116515,https://open.spotify.com/track/0SuG9kyzGRpDqrCWtgD6Lq
179,"THat Part","ScHoolboy Q",116299,https://open.spotify.com/track/2yJ9GVCLMmzBBfQAnfzlwr
180,Alone,"Alan Walker",115997,https://open.spotify.com/track/0JiVRyTJcJnmlwCZ854K4p
181,"Ordinary Life","The Weeknd",115564,https://open.spotify.com/track/7lsYGc5H5DHktxO7gbB8bN
182,"The Hills","The Weeknd",115561,https://open.spotify.com/track/25khomWgBVamSdKw7hzm3l
183,"Never Be Like You",Flume,114869,https://open.spotify.com/track/12REd1n8PeiHHWOh066tpr
184,"Tenerife Sea","Ed Sheeran",114851,https://open.spotify.com/track/6vSwxzO2Qf4BinHSXRwZJe
185,"Really Really","Kevin Gates",114174,https://open.spotify.com/track/10I3CmmwT0BkOVhduDy53o
186,Don't,"Ed Sheeran",113900,https://open.spotify.com/track/6gTJaPuj8DT8RjuDJyBgzP
187,"Ni**as In Paris","JAY Z",113204,https://open.spotify.com/track/2KpCpk6HjXXLb7nnXoXA5O
188,"Cake By The Ocean",DNCE,112250,https://open.spotify.com/track/2aFiaMXmWsM3Vj72F9ksBl
189,"My House","Flo Rida",112112,https://open.spotify.com/track/6Knv6wdA0luoMUuuoYi2i1
190,Riptide,"Vance Joy",111623,https://open.spotify.com/track/7yq4Qj7cqayVTp3FF9CWbm
191,"Too Many Years","Kodak Black",111230,https://open.spotify.com/track/0BU7nIcCZxYSE0hYcc5oZz
192,"A Lonely Night","The Weeknd",110383,https://open.spotify.com/track/4UknpXoLjlB7Mao4UWcJ2o
193,"That's My Girl","Fifth Harmony",109229,https://open.spotify.com/track/2ACOWPLUe4A4KuQ5ioD2od
194,"Hotline Bling",Drake,109192,https://open.spotify.com/track/2FBUoWkIuQXwayw2RNo5l6
195,"Nothing Without You","The Weeknd",108883,https://open.spotify.com/track/3Te3gG6MPEDNqLGzWrjKC3
196,"Say It (feat. Tove Lo)",Flume,108439,https://open.spotify.com/track/4sQMalN597HdggTu196aL0
197,Middle,"DJ Snake",108258,https://open.spotify.com/track/4OZEu0Vwq0RB2LAq14v99n
198,"Somebody Else",VÉRITÉ,108118,https://open.spotify.com/track/34i4yxPrHWquuR4kjiivFO
199,"Let Her Go",Passenger,107366,https://open.spotify.com/track/2jyjhRf6DVbMPU5zxagN2h
200,Change,"J. Cole",107309,https://open.spotify.com/track/3pjUyVbFmM96tYhSaKJwTt
