Position,"Track Name",Artist,Streams,URL
1,"Despacito (Featuring Daddy Yankee)","Luis Fonsi",59866,https://open.spotify.com/track/4aWmUDTfIPGksMNLV2rQP2
2,"Me Rehúso","Danny Ocean",55667,https://open.spotify.com/track/6De0lHrwBfPfrhorm9q1Xl
3,"Shape of You","Ed Sheeran",49373,https://open.spotify.com/track/7qiZfU4dY1lWllzX7mPBI3
4,"El Amante","Nicky Jam",39593,https://open.spotify.com/track/3umS4y3uQDkqekNjVpiRUs
5,"SUBEME LA RADIO","Enrique Iglesias",36599,https://open.spotify.com/track/7nKBxz47S9SD79N086fuhn
6,"Otra Vez (feat. J Balvin)","Zion & Lennox",32819,https://open.spotify.com/track/3QwBODjSEzelZyVjxPOHdq
7,"Sigo Extrañándote","J Balvin",30079,https://open.spotify.com/track/6qDF4wWL49CAVbgT7yuHl8
8,"Reggaetón Lento (Bailemos)",CNCO,29971,https://open.spotify.com/track/3AEZUABDXNtecAOSC1qTfo
9,"Me Llamas (feat. Maluma) - Remix","Piso 21",25512,https://open.spotify.com/track/5hEM0JchdVzQ5PwvSfITeX
10,"Alguien Robo","Sebastian Yatra",24849,https://open.spotify.com/track/5i50gKdLAjjIr7UxRT5IVy
11,Chantaje,Shakira,24482,https://open.spotify.com/track/6mICuAdrwEjh6Y6lroV2Kg
12,Traicionera,"Sebastian Yatra",24205,https://open.spotify.com/track/5J1c3M4EldCfNxXwrwt8mT
13,"La Rompe Corazones","Daddy Yankee",24150,https://open.spotify.com/track/4okba5wu9mMLXx79DXLKi3
14,"Ay Mi Dios",IAmChino,23208,https://open.spotify.com/track/6stYbAJgTszHAHZMPxWWCY
15,"Escápate Conmigo",Wisin,22638,https://open.spotify.com/track/2cnKEkpVUSV4wnjQiTWfH6
16,"Sola (Remix) [feat. Daddy Yankee, Wisin, Farruko, Zion & Lennox]","Anuel Aa",22049,https://open.spotify.com/track/5q2JbCNi4FcnglgPfxcV65
17,Vacaciones,Wisin,21915,https://open.spotify.com/track/3dQDid3IUNhZy1OehIfYfE
18,"Something Just Like This","The Chainsmokers",21671,https://open.spotify.com/track/6RUKPb4LETWmmr3iAEQktW
19,"Hey Ma (with Pitbull & J Balvin feat. Camila Cabello) - Spanish Version",Pitbull,21352,https://open.spotify.com/track/2Vdub5mY4lad7w64bFPUez
20,"It Ain't Me (with Selena Gomez)",Kygo,21124,https://open.spotify.com/track/3eR23VReFzcdmS7TYCrhCe
21,"Te Quiero Pa´Mi","Don Omar",20802,https://open.spotify.com/track/3BY2mafsbsoKGqS380Xnuz
22,Safari,"J Balvin",20797,https://open.spotify.com/track/6rQSrBHf7HlZjtcMZ4S4bO
23,Paris,"The Chainsmokers",19370,https://open.spotify.com/track/72jbDTw1piOOj770jWNeaG
24,Lumbra,"Cali Y El Dandee",19204,https://open.spotify.com/track/6VHdcVbiKLYYOcMbIqBcuK
25,"That's What I Like","Bruno Mars",18682,https://open.spotify.com/track/0KKkJNfGyhkQ5aFogxQAPU
26,"Vente Pa' Ca","Ricky Martin",18224,https://open.spotify.com/track/7DM4BPaS7uofFul3ywMe46
27,"Let Me Love You","DJ Snake",18026,https://open.spotify.com/track/4pdPtRcBmOSQDlJ3Fk945m
28,"Sign of the Times","Harry Styles",17703,https://open.spotify.com/track/5Ohxk2dO5COHF1krpoPigN
29,"Scared to Be Lonely","Martin Garrix",17361,https://open.spotify.com/track/3ebXMykcMXOcLeJ9xZ17XH
30,"Qué Gano Olvidándote - Versión Urbana",Reik,17327,https://open.spotify.com/track/3H179O48ynsu9q8LOnFQZY
31,"Ando buscando","Carlos Baute",17193,https://open.spotify.com/track/7BwJtE8KSbCQKOCTIAY3jX
32,"Rockabye (feat. Sean Paul & Anne-Marie)","Clean Bandit",16094,https://open.spotify.com/track/5knuzwU65gJK7IF5yJsuaW
33,"I Feel It Coming","The Weeknd",15488,https://open.spotify.com/track/5GXAXm5YOmYT0kL5jHvYBt
34,Cold,"Maroon 5",15247,https://open.spotify.com/track/5NNlUMcOEOdoOIwwaWXv0k
35,"Andas En Mi Cabeza","Chino & Nacho",15104,https://open.spotify.com/track/5mey7CLLuFToM2P68Qu1gF
36,"Bailame Despacio",Xantos,14918,https://open.spotify.com/track/4OaTpLJIa2harufGxfOPUu
37,Closer,"The Chainsmokers",14543,https://open.spotify.com/track/7BKLCZ1jbUBVqRi2FVlTVw
38,"Dile Que Tu Me Quieres",Ozuna,14385,https://open.spotify.com/track/20ZAJdsKB5IGbGj4ilRt2o
39,"I Don’t Wanna Live Forever (Fifty Shades Darker) - From ""Fifty Shades Darker (Original Motion Picture Soundtrack)""",ZAYN,14202,https://open.spotify.com/track/3NdDpSvN911VPGivFlV5d0
40,"Deja vu","Prince Royce",14061,https://open.spotify.com/track/46HdsiK0uR26B2dY9QPzda
41,"Gyal You A Party Animal - Remix","Charly Black",14022,https://open.spotify.com/track/1AkTW13ysu0AJrwuM6UY0I
42,"Hey DJ",CNCO,13488,https://open.spotify.com/track/209gZgcfLq2aUuu51vOWBl
43,Starboy,"The Weeknd",13448,https://open.spotify.com/track/5aAx2yezTd8zXrkmtKl66Z
44,"Sé Que Te Duele","Alejandro Fernandez",13435,https://open.spotify.com/track/5vZfgeDfNhlkKeJqjzSAmg
45,"Don't Wanna Know","Maroon 5",13414,https://open.spotify.com/track/5MFzQMkrl1FOOng9tq6R9r
46,"Stay (with Alessia Cara)",Zedd,13362,https://open.spotify.com/track/0dA2Mk56wEzDgegdC6R17g
47,Passionfruit,Drake,13358,https://open.spotify.com/track/7hDc8b7IXETo14hHIHdnhd
48,"La Bicicleta","Carlos Vives",12926,https://open.spotify.com/track/0sXvAOmXgjR2QUqLK1MltU
49,Believer,"Imagine Dragons",12477,https://open.spotify.com/track/0CcQNd8CINkwQfe1RDtGV6
50,Chillax,Farruko,12118,https://open.spotify.com/track/1lxswgIpzV6HhENRvkflES
51,"Chained To The Rhythm","Katy Perry",11684,https://open.spotify.com/track/6520aj0B4FSKGVuKNsOCOi
52,"Shaky Shaky","Daddy Yankee",11409,https://open.spotify.com/track/58IL315gMSTD37DOZPJ2hf
53,"Swalla (feat. Nicki Minaj & Ty Dolla $ign)","Jason Derulo",11063,https://open.spotify.com/track/6kex4EBAj0WHXDKZMEJaaF
54,"Si Tú La Ves","Nicky Jam",10769,https://open.spotify.com/track/4yN6xPLopmTLvc27pO9LIE
55,"Cuatro Babys",Maluma,10500,https://open.spotify.com/track/0JoHqmlqE0W0i9prt6kcHR
56,"Borro Cassette",Maluma,10217,https://open.spotify.com/track/6DUdDIRgLqCGq1DwkNWQTN
57,"The One","The Chainsmokers",10187,https://open.spotify.com/track/0wfbD5rAksdXUzRvMfM3x5
58,"Ya Me Enteré (feat. Nicky Jam) - Urban Version",Reik,9935,https://open.spotify.com/track/2SSYqDX8KTgy01NlqtUo0F
59,"Ahora Dice","Chris Jeday",9924,https://open.spotify.com/track/22eADXu8DfOAUEDw4vU8qy
60,Perfect,"Ed Sheeran",9730,https://open.spotify.com/track/0tgVpDi06FyKpA1z0VMD4v
61,"Symphony (feat. Zara Larsson)","Clean Bandit",9708,https://open.spotify.com/track/1x5sYLZiu9r5E43kMlt9f8
62,"My Way","Calvin Harris",9622,https://open.spotify.com/track/1vvNmPOiUuyCbgWmtc6yfm
63,"We Don't Talk Anymore (feat. Selena Gomez)","Charlie Puth",9321,https://open.spotify.com/track/68EMU2RD1ECNeOeJ5qAXCV
64,"One Dance",Drake,9229,https://open.spotify.com/track/1xznGGDReH1oQq0xzbwXa3
65,Slide,"Calvin Harris",9172,https://open.spotify.com/track/7tr2za8SQg2CI8EDgrdtNl
66,"Traicionera - Remix","Sebastian Yatra",9159,https://open.spotify.com/track/2webQDZmtGioeu3zUUi9We
67,"In the Name of Love","Martin Garrix",8874,https://open.spotify.com/track/04DwTuZ2VBdJCCC5TROn7L
68,"Hula Hoop","Daddy Yankee",8852,https://open.spotify.com/track/7BEI30TTNhwnkCyNUDmFrr
69,Carnavalintro,CHANO,8822,https://open.spotify.com/track/0tGAPnTFwRJA6FZgYZ0BAe
70,"I Took A Pill In Ibiza - Seeb Remix","Mike Posner",8756,https://open.spotify.com/track/17Fd6Yb7mSbinKG8LoWfFl
71,"Si Tu Novio Te Deja Sola","J Balvin",8734,https://open.spotify.com/track/0RFFFGtPn6a58RHY3ccVYX
72,"Shape of You (Latin Remix) [feat. Zion & Lennox]","Ed Sheeran",8601,https://open.spotify.com/track/5nCtCCB5i1OfbADvynNw0i
73,"Encantadora - Remix",Yandel,8492,https://open.spotify.com/track/0EpFfFZpCuqYFzHvxOtrZS
74,"Me Enamoré",Shakira,8381,https://open.spotify.com/track/4qknM1pQz53QOyfDVTjcM9
75,"Cold Water (feat. Justin Bieber & MØ)","Major Lazer",8263,https://open.spotify.com/track/6DNtNfH8hXkqOX1sjqmI7p
76,"Soy Peor","Bad Bunny",8212,https://open.spotify.com/track/5MT96Zz0ymUJNm8obKZQr0
77,"Hear Me Now",Alok,8210,https://open.spotify.com/track/1a5Yu5L18qNxVhXx38njON
78,"Diles (feat. Arcangel, Nengo Flow, Dj Luian & Mambo Kings)",Farruko,8149,https://open.spotify.com/track/2FrnTVSHjgnEylKGdHRUK1
79,"Desde Esa Noche",Thalía,8138,https://open.spotify.com/track/1pWYnQIlqxTh5bxuPmTG4E
80,Issues,"Julia Michaels",8070,https://open.spotify.com/track/1sXUWdKx03aP9Gmzft58rt
81,"Cuando Se Pone a Bailar",Rombai,8002,https://open.spotify.com/track/1MpKZi1zTXpERKwxmOu1PH
82,"Galway Girl","Ed Sheeran",7842,https://open.spotify.com/track/0afhq8XCExXpqazXczTSve
83,"Treat You Better","Shawn Mendes",7837,https://open.spotify.com/track/4Hf7WnR761jpxPr5D46Bcd
84,"Hey DJ - Pop Version",CNCO,7780,https://open.spotify.com/track/2kAe8s00cKth2AfcLEbFi9
85,"El Chisme",Reykon,7707,https://open.spotify.com/track/4VXejnj5WgM6H72ct2fSgQ
86,"Hasta el Amanecer","Nicky Jam",7452,https://open.spotify.com/track/5Fim1gaXBgsiFfsQAfQSDS
87,"DUELE EL CORAZON","Enrique Iglesias",7341,https://open.spotify.com/track/6YZdkObH88npeKrrkb8Ggf
88,"Don't Let Me Down","The Chainsmokers",7255,https://open.spotify.com/track/0QsvXIfqM0zZoerQfsI9lm
89,"Mi Tesoro (feat. Nicky Jam)","Zion & Lennox",7226,https://open.spotify.com/track/5HABnFSYvl6mTmg8nSdzHa
90,Faded,"Alan Walker",7123,https://open.spotify.com/track/7gHs73wELdeycvS48JfIos
91,"24K Magic","Bruno Mars",7122,https://open.spotify.com/track/6b8Be6ljOzmkOmFslEb23P
92,"Me llamas","Piso 21",7050,https://open.spotify.com/track/3jpqMaJREkmVDYlRvW1qWC
93,"Si Me Dices Que Si (feat. Nicky Jam)",Cosculluela,6964,https://open.spotify.com/track/3noN1TxpjbjjmKqssghvg8
94,"Call On Me - Ryan Riback Extended Remix",Starley,6933,https://open.spotify.com/track/78rIJddV4X0HkNAInEcYde
95,Muchachita,"Bonny Lovy",6909,https://open.spotify.com/track/0B38YZydPDJz9N4uR9hULg
96,"Al Filo de Tu Amor","Carlos Vives",6864,https://open.spotify.com/track/77a9893yxuz36cBUmBzA8E
97,"Run Up (feat. PARTYNEXTDOOR & Nicki Minaj)","Major Lazer",6836,https://open.spotify.com/track/0fg8CqpjdojMyXLNzM2PaJ
98,"Noche Loca",Marama,6765,https://open.spotify.com/track/0gzcET27nREY6aD8LJU9wD
99,"Side To Side","Ariana Grande",6729,https://open.spotify.com/track/4pLwZjInHj3SimIyN9SnOz
100,"Amor y dolor","Carlos Baute",6660,https://open.spotify.com/track/4efQTJSX6Jca1hHZNi74Zd
101,Photograph,"Ed Sheeran",6516,https://open.spotify.com/track/6fxVffaTuwjgEk5h9QyRjy
102,Amárrame,"Mon Laferte",6494,https://open.spotify.com/track/0u13src3QcditRU5VPduML
103,Fuego,Juanes,6469,https://open.spotify.com/track/0mwPE0lPOgnWf2bo14xedJ
104,Ride,"Twenty One Pilots",6438,https://open.spotify.com/track/2Z8WuEywRWYTKe1NybPQEW
105,"Olha a Explosão","MC Kevinho",6438,https://open.spotify.com/track/6m2LNopVJKsvBB9l7Z1rwn
106,HUMBLE.,"Kendrick Lamar",6281,https://open.spotify.com/track/7KXjTSCq5nL1LoYtL7XAwS
107,"Say You Won't Let Go","James Arthur",6255,https://open.spotify.com/track/5uCax9HTNlzGybIStD3vDh
108,"Stressed Out","Twenty One Pilots",6199,https://open.spotify.com/track/3CRDbSIZ4r5MsZ0YwxuEkn
109,"Thinking Out Loud","Ed Sheeran",6176,https://open.spotify.com/track/1Slwb6dOYkBlWal1PGtnNg
110,Middle,"DJ Snake",6133,https://open.spotify.com/track/4OZEu0Vwq0RB2LAq14v99n
111,"Sin Contrato",Maluma,6098,https://open.spotify.com/track/09S64DUkxIX9EwIaULu6yN
112,"Tan Fácil",CNCO,6070,https://open.spotify.com/track/1TxgZRcy3kZ7JaEp88MDbC
113,"Castle on the Hill","Ed Sheeran",6017,https://open.spotify.com/track/6PCUP3dWmTjcTtXY02oFdT
114,"Deu Onda","MC G15",5970,https://open.spotify.com/track/0EPxmvsG1BY5td4aTOkWBF
115,"Solo Dance","Martin Jensen",5937,https://open.spotify.com/track/6HUnnBwYZqcED1eQztxMBN
116,"Just Hold On","Steve Aoki",5931,https://open.spotify.com/track/3EmmCZoqpWOTY1g2GBwJoR
117,"Deja Que Te Bese","Alejandro Sanz",5890,https://open.spotify.com/track/0s6yB0ZFl1LvYHAnGhXFga
118,"Cheap Thrills",Sia,5855,https://open.spotify.com/track/27SdWb2rFzO6GWiYDBTD9j
119,"Ganas Locas","Prince Royce",5847,https://open.spotify.com/track/7JpzzaCzljQdfnG7wPRqSe
120,"Por Fin Te Encontré","Cali Y El Dandee",5838,https://open.spotify.com/track/3GpvoKKWZyTwgbLEM9RmWM
121,"De Pies a Cabeza",Maná,5834,https://open.spotify.com/track/2CkHE54EH44Qj945ynQRw7
122,Heathens,"Twenty One Pilots",5643,https://open.spotify.com/track/6i0V12jOa3mr6uu4WYhUBr
123,"Light It Up (feat. Nyla & Fuse ODG) - Remix","Major Lazer",5558,https://open.spotify.com/track/0L7loeTIg6akW84aEQZpCT
124,"No Quiere Enamorarse (Remix) [feat. Daddy Yankee]",Ozuna,5530,https://open.spotify.com/track/4vlbjBSMqycZk6t4HVRpnC
125,Dueles,"Jesse & Joy",5519,https://open.spotify.com/track/1iRvhKiXRElIH2Uf4gd95P
126,"Cake By The Ocean",DNCE,5444,https://open.spotify.com/track/2aFiaMXmWsM3Vj72F9ksBl
127,"The Scientist",Coldplay,5424,https://open.spotify.com/track/75JFxkI2RXiU7L9VXzMkle
128,"Green Light",Lorde,5391,https://open.spotify.com/track/0gbBzIqrECJOEPvQJIBFs5
129,"Still Got Time",ZAYN,5300,https://open.spotify.com/track/000xQL6tZNLJzIrtIgxqSl
130,"Tú Sí Sabes Quererme","Natalia Lafourcade",5275,https://open.spotify.com/track/6p3yxt0uJJshAS3CT0znQg
131,"Sexy Lady",Japiaguar,5127,https://open.spotify.com/track/1agufzwnjHgd8MMJzHM1Lz
132,Encanto,"Don Omar",5066,https://open.spotify.com/track/0OEQGwBfL4b9KX0RwfOiW6
133,"Mask Off",Future,5045,https://open.spotify.com/track/3rOSwuTsUlJp0Pu0MkN8r8
134,Alone,"Alan Walker",4989,https://open.spotify.com/track/0JiVRyTJcJnmlwCZ854K4p
135,"CAN'T STOP THE FEELING! (Original Song from DreamWorks Animation's ""TROLLS"")","Justin Timberlake",4967,https://open.spotify.com/track/6JV2JOEocMgcZxYSZelKcc
136,Manicomio,Cosculluela,4953,https://open.spotify.com/track/3n58u3LOFw8mITLvfPvQBz
137,"Reggaetón Lento (Bailemos) - Remix",CNCO,4881,https://open.spotify.com/track/1T45DsQ4HFLJgthyedAa8V
138,Happier,"Ed Sheeran",4877,https://open.spotify.com/track/2RttW7RAu5nOAfq6YFvApB
139,Bobo,"J Balvin",4861,https://open.spotify.com/track/7AtlMCIauSQZqiXSlbBPW6
140,"Break Up Every Night","The Chainsmokers",4839,https://open.spotify.com/track/6cPyTS0Kk2sc4xQwC93kOg
141,"Me Gusta - Remix",Alkilados,4837,https://open.spotify.com/track/7pueb0FHOYlKAJPXhVhwml
142,"Cómo Te Atreves",Morat,4813,https://open.spotify.com/track/2z0EshEO4XptiepEb9j3Og
143,"Gyal You A Party Animal","Charly Black",4735,https://open.spotify.com/track/1mSzZKMIPZIkn3jFV7v62b
144,Sugar,"Maroon 5",4722,https://open.spotify.com/track/494OU6M7NOf4ICYb4zWCf5
145,"Shed a Light","Robin Schulz",4719,https://open.spotify.com/track/1cG0umU5TKStygKsPFZ9pY
146,"This Is What You Came For","Calvin Harris",4688,https://open.spotify.com/track/0azC730Exh71aQlOt9Zj3y
147,"Love Yourself","Justin Bieber",4629,https://open.spotify.com/track/3hB5DgAiMAQ4DzYbsMq1IT
148,"Nunca Me Olvides - Remix",Yandel,4583,https://open.spotify.com/track/7pyEd6g5y7SYdKNgRtleEB
149,Quisiera,CNCO,4552,https://open.spotify.com/track/4iPV0gcc8keTFl6qxqP73M
150,"La Gozadera","Gente De Zona",4507,https://open.spotify.com/track/0OMRAvrtLWE2TvcXorRiB9
151,"When I Was Your Man","Bruno Mars",4448,https://open.spotify.com/track/0B7wvvmu9EISAwZnOpjhNI
152,"Para Enamorarte",CNCO,4437,https://open.spotify.com/track/3B21fRFqPLmTd9zAlK0I8A
153,"You Don't Know Me - Radio Edit","Jax Jones",4403,https://open.spotify.com/track/00lNx0OcTJrS3MKHcB80HY
154,"All of Me","John Legend",4359,https://open.spotify.com/track/2q6tgiA9tpb6DMguABwCWE
155,Starving,"Hailee Steinfeld",4338,https://open.spotify.com/track/1qOLh0tI7trd1zdDKxYZTe
156,Dive,"Ed Sheeran",4324,https://open.spotify.com/track/51ChrwmUPDJvedPQnIU8Ls
157,"Work from Home","Fifth Harmony",4261,https://open.spotify.com/track/4tCtwWceOPWzenK2HAIJSb
158,"La Ocasion (feat. Arcangel, Ozuna & Anuel Aa)","De La Ghetto",4236,https://open.spotify.com/track/498YWgZPJWIA4lphXtCNma
159,"Ya Me Enteré",Reik,4235,https://open.spotify.com/track/0lPXFrKyl8HkdQ2E6NmNja
160,"Pumped Up Kicks","Foster The People",4229,https://open.spotify.com/track/7w87IxuO7BDcJ3YUqCyMTT
161,"How Far I'll Go - From ""Moana""","Alessia Cara",4226,https://open.spotify.com/track/5hYTyyh2odQKphUbMqc5gN
162,"Tu Falta De Querer","Mon Laferte",4204,https://open.spotify.com/track/4skuEIloXWuxxgekKupkEH
163,Mercy,"Shawn Mendes",4155,https://open.spotify.com/track/4TZy1wLyHec06pwgFYDh1a
164,Stitches,"Shawn Mendes",4134,https://open.spotify.com/track/1WP1r7fuvRqZRnUaTi2I1Q
165,"Quítate la Pena","Piso 21",4110,https://open.spotify.com/track/3c8h1GHA8u6F82ky6CE3LX
166,Princesa,"Río Roma",4109,https://open.spotify.com/track/0N4jis8aNOjiIfkBl4mGje
167,"Lean On (feat. MØ & DJ Snake)","Major Lazer",4076,https://open.spotify.com/track/4WjH9Bzt3kx7z8kl0awxh4
168,Caraluna,Bacilos,4065,https://open.spotify.com/track/7DhYjNLksXZhbRQeheAums
169,"iSpy (feat. Lil Yachty)",KYLE,4044,https://open.spotify.com/track/2EEeOnHehOozLq4aS0n6SL
170,"Qué Gano Olvidándote",Reik,4005,https://open.spotify.com/track/7iXRsjttPa62GpOcqsx1aE
171,"Locuras contigo",Rombai,3986,https://open.spotify.com/track/5jMvnSyOgGY8JpvHqeyVOg
172,Trumpets,"Sak Noel & Salvi",3954,https://open.spotify.com/track/5dH7o4TP3HYLvCjo4QAhhv
173,Loquita,Marama,3870,https://open.spotify.com/track/2xjcDF21U2ccgE2LEeiMbf
174,"El Chisme (feat. J Alvarez & Kevin Roldan) - Remix",Reykon,3866,https://open.spotify.com/track/58EQDn2K9Gyj68YIckOLrN
175,Location,Khalid,3862,https://open.spotify.com/track/152lZdxL1OR0ZMW6KquMif
176,Malandramente,"Dennis DJ",3849,https://open.spotify.com/track/7DRP2VOMpy1rrk3iYFLCW9
177,"El Perdón","Nicky Jam",3818,https://open.spotify.com/track/7qCAVkHWZkF44OzOUKf8Cr
178,Weak,AJR,3788,https://open.spotify.com/track/3E2Zh20GDCR9B1EYjfXWyv
179,"Bohemian Rhapsody - Remastered 2011",Queen,3783,https://open.spotify.com/track/1AhDOtG9vPSOmsWgNW0BEY
180,"Perfect Strangers","Jonas Blue",3773,https://open.spotify.com/track/1CUVN2kn7mW5FjkqXTR2W1
181,"Counting Stars",OneRepublic,3767,https://open.spotify.com/track/5edBgVtRD0fvWk140Sl21T
182,Everyday,"Ariana Grande",3735,https://open.spotify.com/track/3FiE2d325mIOc4YjkSLVJR
183,Sorry,"Justin Bieber",3730,https://open.spotify.com/track/69bp2EbF7Q2rqc5N3ylezZ
184,Selfish,Future,3720,https://open.spotify.com/track/2Ce5IyMlVRVvN997ZJjJJA
185,"A Thousand Years","Christina Perri",3701,https://open.spotify.com/track/6lanRgr6wXibZr8KgzXxBl
186,"Acércate (feat. Nicky Jam) - Remix","De La Ghetto",3688,https://open.spotify.com/track/35OC6rMxa8lJi8eDiUVShS
187,"Water Under the Bridge",Adele,3660,https://open.spotify.com/track/4vb4mFvYsr2h6enhjJsq9Y
188,"On My Way",Tiësto,3655,https://open.spotify.com/track/4hiUYb2nb6NlfTP9CD38Pe
189,"Fake Love",Drake,3651,https://open.spotify.com/track/343YBumqHu19cGoGARUTsd
190,Ando,"Bonny Lovy",3645,https://open.spotify.com/track/5a9pr1jMpFgOL9o8HHZU7z
191,"Te Vas",Ozuna,3631,https://open.spotify.com/track/2twUPIYOTqVivev47pf7bU
192,"7 Years","Lukas Graham",3602,https://open.spotify.com/track/7129iqBafaphfc3WPCGC0L
193,"Wonderwall - Remastered",Oasis,3594,https://open.spotify.com/track/5qqabIl2vWzo9ApSC317sa
194,"No Promises (feat. Demi Lovato)","Cheat Codes",3594,https://open.spotify.com/track/1louJpMmzEicAn7lzDalPW
195,"Caile (feat. Zion & De La Ghetto)",Revol,3589,https://open.spotify.com/track/626rYyBfeAeleh1F5t4B70
196,"Bailando - Spanish Version","Enrique Iglesias",3586,https://open.spotify.com/track/32lm3769IRfcnrQV11LO4E
197,"Quiero Que Vuelvas","Alejandro Fernandez",3583,https://open.spotify.com/track/2Zw7rSucHm0MIph9gmNiSn
198,"Stay With Me","Sam Smith",3574,https://open.spotify.com/track/5Db9VIdDsN5yu3Eu7CT0i4
199,"Sin Contrato - Remix",Maluma,3552,https://open.spotify.com/track/2xNZeeqmwMPVKnD7FSQfgt
200,"All We Know","The Chainsmokers",3539,https://open.spotify.com/track/2rizacJSyD9S1IQUxUxnsK
