Position,"Track Name",Artist,Streams,URL
1,"Despacito (Featuring Daddy Yankee)","Luis Fonsi",121767,https://open.spotify.com/track/4aWmUDTfIPGksMNLV2rQP2
2,"Me Rehúso","Danny Ocean",55311,https://open.spotify.com/track/6De0lHrwBfPfrhorm9q1Xl
3,"Reggaetón Lento (Bailemos)",CNCO,54095,https://open.spotify.com/track/3AEZUABDXNtecAOSC1qTfo
4,"El Amante","Nicky Jam",54071,https://open.spotify.com/track/3umS4y3uQDkqekNjVpiRUs
5,"Shape of You","Ed Sheeran",50490,https://open.spotify.com/track/7qiZfU4dY1lWllzX7mPBI3
6,"Otra Vez (feat. J Balvin)","Zion & Lennox",43305,https://open.spotify.com/track/3QwBODjSEzelZyVjxPOHdq
7,Chantaje,Shakira,39671,https://open.spotify.com/track/6mICuAdrwEjh6Y6lroV2Kg
8,Vacaciones,Wisin,33683,https://open.spotify.com/track/3dQDid3IUNhZy1OehIfYfE
9,Traicionera,"Sebastian Yatra",32795,https://open.spotify.com/track/5J1c3M4EldCfNxXwrwt8mT
10,Safari,"J Balvin",32126,https://open.spotify.com/track/6rQSrBHf7HlZjtcMZ4S4bO
11,"Me Llamas (feat. Maluma) - Remix","Piso 21",31178,https://open.spotify.com/track/5hEM0JchdVzQ5PwvSfITeX
12,"Ay Mi Dios",IAmChino,30365,https://open.spotify.com/track/6stYbAJgTszHAHZMPxWWCY
13,"Let Me Love You","DJ Snake",28048,https://open.spotify.com/track/4pdPtRcBmOSQDlJ3Fk945m
14,"Vente Pa' Ca","Ricky Martin",27719,https://open.spotify.com/track/7DM4BPaS7uofFul3ywMe46
15,"Dile Que Tu Me Quieres",Ozuna,23911,https://open.spotify.com/track/20ZAJdsKB5IGbGj4ilRt2o
16,"I Don’t Wanna Live Forever (Fifty Shades Darker) - From ""Fifty Shades Darker (Original Motion Picture Soundtrack)""",ZAYN,23262,https://open.spotify.com/track/3NdDpSvN911VPGivFlV5d0
17,Paris,"The Chainsmokers",22672,https://open.spotify.com/track/72jbDTw1piOOj770jWNeaG
18,Closer,"The Chainsmokers",22381,https://open.spotify.com/track/7BKLCZ1jbUBVqRi2FVlTVw
19,"Don't Wanna Know","Maroon 5",22197,https://open.spotify.com/track/5MFzQMkrl1FOOng9tq6R9r
20,"Rockabye (feat. Sean Paul & Anne-Marie)","Clean Bandit",21408,https://open.spotify.com/track/5knuzwU65gJK7IF5yJsuaW
21,"Gyal You A Party Animal - Remix","Charly Black",20428,https://open.spotify.com/track/1AkTW13ysu0AJrwuM6UY0I
22,"Sola (Remix) [feat. Daddy Yankee, Wisin, Farruko, Zion & Lennox]","Anuel Aa",20032,https://open.spotify.com/track/5q2JbCNi4FcnglgPfxcV65
23,"Te Quiero Pa´Mi","Don Omar",19878,https://open.spotify.com/track/3BY2mafsbsoKGqS380Xnuz
24,"Scared to Be Lonely","Martin Garrix",19819,https://open.spotify.com/track/3ebXMykcMXOcLeJ9xZ17XH
25,Starboy,"The Weeknd",19477,https://open.spotify.com/track/5aAx2yezTd8zXrkmtKl66Z
26,"La Bicicleta","Carlos Vives",19297,https://open.spotify.com/track/0sXvAOmXgjR2QUqLK1MltU
27,"I Feel It Coming","The Weeknd",19194,https://open.spotify.com/track/5GXAXm5YOmYT0kL5jHvYBt
28,"Andas En Mi Cabeza","Chino & Nacho",18767,https://open.spotify.com/track/5mey7CLLuFToM2P68Qu1gF
29,Chillax,Farruko,18461,https://open.spotify.com/track/1lxswgIpzV6HhENRvkflES
30,"Ando buscando","Carlos Baute",18021,https://open.spotify.com/track/7BwJtE8KSbCQKOCTIAY3jX
31,"Qué Gano Olvidándote - Versión Urbana",Reik,17527,https://open.spotify.com/track/3H179O48ynsu9q8LOnFQZY
32,"In the Name of Love","Martin Garrix",17425,https://open.spotify.com/track/04DwTuZ2VBdJCCC5TROn7L
33,"Bailame Despacio",Xantos,17254,https://open.spotify.com/track/4OaTpLJIa2harufGxfOPUu
34,"My Way","Calvin Harris",17213,https://open.spotify.com/track/1vvNmPOiUuyCbgWmtc6yfm
35,"24K Magic","Bruno Mars",16737,https://open.spotify.com/track/6b8Be6ljOzmkOmFslEb23P
36,"La Rompe Corazones","Daddy Yankee",16529,https://open.spotify.com/track/4okba5wu9mMLXx79DXLKi3
37,"Cuatro Babys",Maluma,16281,https://open.spotify.com/track/0JoHqmlqE0W0i9prt6kcHR
38,"One Dance",Drake,16254,https://open.spotify.com/track/1xznGGDReH1oQq0xzbwXa3
39,"Shaky Shaky","Daddy Yankee",16168,https://open.spotify.com/track/58IL315gMSTD37DOZPJ2hf
40,"El Chisme",Reykon,16100,https://open.spotify.com/track/4VXejnj5WgM6H72ct2fSgQ
41,"Traicionera - Remix","Sebastian Yatra",15484,https://open.spotify.com/track/2webQDZmtGioeu3zUUi9We
42,"Side To Side","Ariana Grande",15402,https://open.spotify.com/track/4pLwZjInHj3SimIyN9SnOz
43,"Just Hold On","Steve Aoki",15375,https://open.spotify.com/track/3EmmCZoqpWOTY1g2GBwJoR
44,"Cold Water (feat. Justin Bieber & MØ)","Major Lazer",15362,https://open.spotify.com/track/6DNtNfH8hXkqOX1sjqmI7p
45,"We Don't Talk Anymore (feat. Selena Gomez)","Charlie Puth",15286,https://open.spotify.com/track/68EMU2RD1ECNeOeJ5qAXCV
46,"Alguien Robo","Sebastian Yatra",14474,https://open.spotify.com/track/5i50gKdLAjjIr7UxRT5IVy
47,"Chained To The Rhythm","Katy Perry",14360,https://open.spotify.com/track/6520aj0B4FSKGVuKNsOCOi
48,"Borro Cassette",Maluma,14080,https://open.spotify.com/track/6DUdDIRgLqCGq1DwkNWQTN
49,"I Took A Pill In Ibiza - Seeb Remix","Mike Posner",14065,https://open.spotify.com/track/17Fd6Yb7mSbinKG8LoWfFl
50,"Amor y dolor","Carlos Baute",13892,https://open.spotify.com/track/4efQTJSX6Jca1hHZNi74Zd
51,"Me llamas","Piso 21",13134,https://open.spotify.com/track/3jpqMaJREkmVDYlRvW1qWC
52,"Hear Me Now",Alok,12397,https://open.spotify.com/track/1a5Yu5L18qNxVhXx38njON
53,Muchachita,"Bonny Lovy",11829,https://open.spotify.com/track/0B38YZydPDJz9N4uR9hULg
54,"Desde Esa Noche",Thalía,11642,https://open.spotify.com/track/1pWYnQIlqxTh5bxuPmTG4E
55,Fuego,Juanes,10461,https://open.spotify.com/track/0mwPE0lPOgnWf2bo14xedJ
56,Bobo,"J Balvin",10234,https://open.spotify.com/track/7AtlMCIauSQZqiXSlbBPW6
57,"Ya Me Enteré (feat. Nicky Jam) - Urban Version",Reik,10157,https://open.spotify.com/track/2SSYqDX8KTgy01NlqtUo0F
58,"Treat You Better","Shawn Mendes",9996,https://open.spotify.com/track/4Hf7WnR761jpxPr5D46Bcd
59,Lumbra,"Cali Y El Dandee",9986,https://open.spotify.com/track/6VHdcVbiKLYYOcMbIqBcuK
60,Carnavalintro,CHANO,9790,https://open.spotify.com/track/0tGAPnTFwRJA6FZgYZ0BAe
61,"Castle on the Hill","Ed Sheeran",9704,https://open.spotify.com/track/6PCUP3dWmTjcTtXY02oFdT
62,"Noche Loca",Marama,9623,https://open.spotify.com/track/0gzcET27nREY6aD8LJU9wD
63,"Call On Me - Ryan Riback Extended Remix",Starley,9247,https://open.spotify.com/track/78rIJddV4X0HkNAInEcYde
64,"Sé Que Te Duele","Alejandro Fernandez",9149,https://open.spotify.com/track/5vZfgeDfNhlkKeJqjzSAmg
65,"DUELE EL CORAZON","Enrique Iglesias",8947,https://open.spotify.com/track/6YZdkObH88npeKrrkb8Ggf
66,"Si Me Dices Que Si (feat. Nicky Jam)",Cosculluela,8880,https://open.spotify.com/track/3noN1TxpjbjjmKqssghvg8
67,"Don't Let Me Down","The Chainsmokers",8732,https://open.spotify.com/track/0QsvXIfqM0zZoerQfsI9lm
68,"Say You Won't Let Go","James Arthur",8726,https://open.spotify.com/track/5uCax9HTNlzGybIStD3vDh
69,"Tan Fácil",CNCO,8639,https://open.spotify.com/track/1TxgZRcy3kZ7JaEp88MDbC
70,"De Pies a Cabeza",Maná,8572,https://open.spotify.com/track/2CkHE54EH44Qj945ynQRw7
71,"Shed a Light","Robin Schulz",8503,https://open.spotify.com/track/1cG0umU5TKStygKsPFZ9pY
72,Trumpets,"Sak Noel & Salvi",8501,https://open.spotify.com/track/5dH7o4TP3HYLvCjo4QAhhv
73,"Encantadora - Remix",Yandel,8427,https://open.spotify.com/track/0EpFfFZpCuqYFzHvxOtrZS
74,Manicomio,Cosculluela,8415,https://open.spotify.com/track/3n58u3LOFw8mITLvfPvQBz
75,"La Gozadera","Gente De Zona",8255,https://open.spotify.com/track/0OMRAvrtLWE2TvcXorRiB9
76,Photograph,"Ed Sheeran",8103,https://open.spotify.com/track/6fxVffaTuwjgEk5h9QyRjy
77,"Run Up (feat. PARTYNEXTDOOR & Nicki Minaj)","Major Lazer",8000,https://open.spotify.com/track/0fg8CqpjdojMyXLNzM2PaJ
78,Ride,"Twenty One Pilots",7847,https://open.spotify.com/track/2Z8WuEywRWYTKe1NybPQEW
79,"CAN'T STOP THE FEELING! (Original Song from DreamWorks Animation's ""TROLLS"")","Justin Timberlake",7713,https://open.spotify.com/track/6JV2JOEocMgcZxYSZelKcc
80,Heathens,"Twenty One Pilots",7699,https://open.spotify.com/track/6i0V12jOa3mr6uu4WYhUBr
81,"Hasta el Amanecer","Nicky Jam",7681,https://open.spotify.com/track/5Fim1gaXBgsiFfsQAfQSDS
82,"Mi Tesoro (feat. Nicky Jam)","Zion & Lennox",7649,https://open.spotify.com/track/5HABnFSYvl6mTmg8nSdzHa
83,Dueles,"Jesse & Joy",7536,https://open.spotify.com/track/1iRvhKiXRElIH2Uf4gd95P
84,"Stressed Out","Twenty One Pilots",7507,https://open.spotify.com/track/3CRDbSIZ4r5MsZ0YwxuEkn
85,"Cuando Se Pone a Bailar",Rombai,7457,https://open.spotify.com/track/1MpKZi1zTXpERKwxmOu1PH
86,"El Perdedor - The Remix",Maluma,7256,https://open.spotify.com/track/4QsPTKvdpgkA7mBAvclZTa
87,"Thinking Out Loud","Ed Sheeran",7214,https://open.spotify.com/track/1Slwb6dOYkBlWal1PGtnNg
88,"Cake By The Ocean",DNCE,7109,https://open.spotify.com/track/2aFiaMXmWsM3Vj72F9ksBl
89,"Llegaste tú (feat. Reykon)","Sofia Reyes",7011,https://open.spotify.com/track/79Bm3DTEYuQsDpUVHbSRsL
90,"Bad Things (with Camila Cabello)","Machine Gun Kelly",6980,https://open.spotify.com/track/1PSBzsahR2AKwLJgx8ehBj
91,"Cheap Thrills",Sia,6854,https://open.spotify.com/track/27SdWb2rFzO6GWiYDBTD9j
92,"Gyal You A Party Animal","Charly Black",6849,https://open.spotify.com/track/1mSzZKMIPZIkn3jFV7v62b
93,Middle,"DJ Snake",6815,https://open.spotify.com/track/4OZEu0Vwq0RB2LAq14v99n
94,Alone,"Alan Walker",6775,https://open.spotify.com/track/0JiVRyTJcJnmlwCZ854K4p
95,Faded,"Alan Walker",6720,https://open.spotify.com/track/7gHs73wELdeycvS48JfIos
96,"How Far I'll Go - From ""Moana""","Alessia Cara",6582,https://open.spotify.com/track/5hYTyyh2odQKphUbMqc5gN
97,"Solo Dance","Martin Jensen",6556,https://open.spotify.com/track/6HUnnBwYZqcED1eQztxMBN
98,"Diles (feat. Arcangel, Nengo Flow, Dj Luian & Mambo Kings)",Farruko,6504,https://open.spotify.com/track/2FrnTVSHjgnEylKGdHRUK1
99,Issues,"Julia Michaels",6447,https://open.spotify.com/track/1sXUWdKx03aP9Gmzft58rt
100,"Baila Conmigo","Juan Magán",6356,https://open.spotify.com/track/772io14jrMTxGJbijtDccQ
101,"Light It Up (feat. Nyla & Fuse ODG) - Remix","Major Lazer",6330,https://open.spotify.com/track/0L7loeTIg6akW84aEQZpCT
102,"This Is What You Came For","Calvin Harris",6323,https://open.spotify.com/track/0azC730Exh71aQlOt9Zj3y
103,Ando,"Bonny Lovy",6314,https://open.spotify.com/track/5a9pr1jMpFgOL9o8HHZU7z
104,Starving,"Hailee Steinfeld",6303,https://open.spotify.com/track/1qOLh0tI7trd1zdDKxYZTe
105,Mercy,"Shawn Mendes",6290,https://open.spotify.com/track/4TZy1wLyHec06pwgFYDh1a
106,"Deu Onda","MC G15",6266,https://open.spotify.com/track/0EPxmvsG1BY5td4aTOkWBF
107,Believer,"Imagine Dragons",6244,https://open.spotify.com/track/0CcQNd8CINkwQfe1RDtGV6
108,Quisiera,CNCO,6197,https://open.spotify.com/track/4iPV0gcc8keTFl6qxqP73M
109,"All Night","The Vamps",6194,https://open.spotify.com/track/1yNyoWWWikbLhwIGWjZuDW
110,"Por Fin Te Encontré","Cali Y El Dandee",6038,https://open.spotify.com/track/3GpvoKKWZyTwgbLEM9RmWM
111,"Deja Que Te Bese","Alejandro Sanz",5962,https://open.spotify.com/track/0s6yB0ZFl1LvYHAnGhXFga
112,"I Got You","Bebe Rexha",5838,https://open.spotify.com/track/1FUViuNSldssMIawrOXF2i
113,"Para Enamorarte",CNCO,5821,https://open.spotify.com/track/3B21fRFqPLmTd9zAlK0I8A
114,"No Quiere Enamorarse (Remix) [feat. Daddy Yankee]",Ozuna,5798,https://open.spotify.com/track/4vlbjBSMqycZk6t4HVRpnC
115,"On My Way",Tiësto,5761,https://open.spotify.com/track/4hiUYb2nb6NlfTP9CD38Pe
116,"Ya No Me Duele Más - Remix","Silvestre Dangond",5707,https://open.spotify.com/track/4CTjql34LKCJy5WOSgEhvA
117,Weak,AJR,5626,https://open.spotify.com/track/3E2Zh20GDCR9B1EYjfXWyv
118,"Hymn For The Weekend - Seeb Remix",Coldplay,5572,https://open.spotify.com/track/1OAiWI2oPmglaOiv9fdioU
119,"Hasta Que Se Seque el Malecón - Remix","Jacob Forever",5561,https://open.spotify.com/track/6sMPwcpYtxm1mlgYbp1B0t
120,"Al Filo de Tu Amor","Carlos Vives",5524,https://open.spotify.com/track/77a9893yxuz36cBUmBzA8E
121,"The Scientist",Coldplay,5486,https://open.spotify.com/track/75JFxkI2RXiU7L9VXzMkle
122,"All Time Low","Jon Bellion",5461,https://open.spotify.com/track/1CnPYaKxTVb4LWOtiGOm0m
123,"All We Know","The Chainsmokers",5412,https://open.spotify.com/track/2rizacJSyD9S1IQUxUxnsK
124,"Fake Love",Drake,5400,https://open.spotify.com/track/343YBumqHu19cGoGARUTsd
125,"Acércate (feat. Nicky Jam) - Remix","De La Ghetto",5387,https://open.spotify.com/track/35OC6rMxa8lJi8eDiUVShS
126,"Quiero Que Vuelvas","Alejandro Fernandez",5370,https://open.spotify.com/track/2Zw7rSucHm0MIph9gmNiSn
127,Loquita,Marama,5309,https://open.spotify.com/track/2xjcDF21U2ccgE2LEeiMbf
128,"Love Yourself","Justin Bieber",5275,https://open.spotify.com/track/3hB5DgAiMAQ4DzYbsMq1IT
129,"Baby no llores","Luis Vega",5264,https://open.spotify.com/track/7MQyW8aDApcAVBhwj1mJTU
130,"Ya Me Enteré",Reik,5209,https://open.spotify.com/track/0lPXFrKyl8HkdQ2E6NmNja
131,"Sexy Lady",Japiaguar,5192,https://open.spotify.com/track/1agufzwnjHgd8MMJzHM1Lz
132,"Water Under the Bridge",Adele,5176,https://open.spotify.com/track/4vb4mFvYsr2h6enhjJsq9Y
133,Work,Rihanna,5128,https://open.spotify.com/track/14WWzenpaEgQZlqPq2nk4v
134,"Sigo Extrañándote","J Balvin",5092,https://open.spotify.com/track/6qDF4wWL49CAVbgT7yuHl8
135,"La Bicicleta - Remix","Carlos Vives",5007,https://open.spotify.com/track/7IRuf7FrdQvOGs0g9mSNGr
136,"Black Beatles","Rae Sremmurd",4996,https://open.spotify.com/track/6fujklziTHa8uoM5OQSfIo
137,"Quítate la Pena","Piso 21",4948,https://open.spotify.com/track/3c8h1GHA8u6F82ky6CE3LX
138,"Tan Fácil - Urban Remix",CNCO,4925,https://open.spotify.com/track/6ZvmnulA6jJY3lvveuCz77
139,"Embriágame (feat. Don Omar) - Remix","Zion & Lennox",4914,https://open.spotify.com/track/1WOJTQfNUEkLlsinPP95VM
140,"I Would Like","Zara Larsson",4913,https://open.spotify.com/track/4Q4jmPHwu0wrJvqrld0FQ6
141,"Work from Home","Fifth Harmony",4873,https://open.spotify.com/track/4tCtwWceOPWzenK2HAIJSb
142,"Locuras contigo",Rombai,4847,https://open.spotify.com/track/5jMvnSyOgGY8JpvHqeyVOg
143,Sugar,"Maroon 5",4816,https://open.spotify.com/track/494OU6M7NOf4ICYb4zWCf5
144,"When I Was Your Man","Bruno Mars",4812,https://open.spotify.com/track/0B7wvvmu9EISAwZnOpjhNI
145,"All of Me","John Legend",4791,https://open.spotify.com/track/2q6tgiA9tpb6DMguABwCWE
146,"Pumped Up Kicks","Foster The People",4751,https://open.spotify.com/track/7w87IxuO7BDcJ3YUqCyMTT
147,"Now and Later","Sage The Gemini",4741,https://open.spotify.com/track/43jBqV3j3Xi1g6wO0bhIMd
148,"Te Vas",Ozuna,4712,https://open.spotify.com/track/2twUPIYOTqVivev47pf7bU
149,Sorry,"Justin Bieber",4710,https://open.spotify.com/track/69bp2EbF7Q2rqc5N3ylezZ
150,"By Your Side","Jonas Blue",4703,https://open.spotify.com/track/1D3ODoXHBLpdxolZRHWV1j
151,"Sin Contrato",Maluma,4696,https://open.spotify.com/track/09S64DUkxIX9EwIaULu6yN
152,"Ruleta Rusa","Kevin Roldan",4636,https://open.spotify.com/track/77KHmKnBmVGTjRCeMVXpWH
153,"That's What I Like","Bruno Mars",4635,https://open.spotify.com/track/0KKkJNfGyhkQ5aFogxQAPU
154,"Quien Será","Bonny Lovy",4576,https://open.spotify.com/track/7mePSuy5mUOuCvzQaIKULW
155,Caraluna,Bacilos,4542,https://open.spotify.com/track/7DhYjNLksXZhbRQeheAums
156,"El Chisme (feat. J Alvarez & Kevin Roldan) - Remix",Reykon,4538,https://open.spotify.com/track/58EQDn2K9Gyj68YIckOLrN
157,Stitches,"Shawn Mendes",4505,https://open.spotify.com/track/1WP1r7fuvRqZRnUaTi2I1Q
158,Hola,"Joey Montana",4504,https://open.spotify.com/track/03h8eaVgdJJ14cCKiO4ONX
159,"Sólo quiero darte amor","Diego Merritt",4504,https://open.spotify.com/track/67HFddjbFiRAIMllaZoZ7d
160,"The Greatest",Sia,4499,https://open.spotify.com/track/7xHWNBFm6ObGEQPaUxHuKO
161,"Que Raro",Feid,4478,https://open.spotify.com/track/3kg9JvQe6QJFKUQCN1oIQz
162,"7 Years","Lukas Graham",4465,https://open.spotify.com/track/7129iqBafaphfc3WPCGC0L
163,"Bad and Boujee (feat. Lil Uzi Vert)",Migos,4444,https://open.spotify.com/track/4Km5HrUvYTaSUfiSGPJeQR
164,"Me soltaste","Jesse & Joy",4307,https://open.spotify.com/track/02yD6Wmpx5kLAoXLQOnuEb
165,"Don't Leave",Snakehips,4284,https://open.spotify.com/track/0Zx8khUcEfCFK2AEoIhC92
166,"Me Ama Me Odia",Ozuna,4263,https://open.spotify.com/track/6041gM9Th1ViQcnzkIxnuv
167,"Perfect Strangers","Jonas Blue",4249,https://open.spotify.com/track/1CUVN2kn7mW5FjkqXTR2W1
168,"Lean On (feat. MØ & DJ Snake)","Major Lazer",4243,https://open.spotify.com/track/4WjH9Bzt3kx7z8kl0awxh4
169,Malandramente,"Dennis DJ",4192,https://open.spotify.com/track/7DRP2VOMpy1rrk3iYFLCW9
170,"Million Reasons","Lady Gaga",4191,https://open.spotify.com/track/50PWlIBU7PlGGwzgN8TiFJ
171,"Olvídame y Pega la Vuelta","Jennifer Lopez",4183,https://open.spotify.com/track/2tergQtVsHUBYlL76Kx93c
172,"Me Quema","Paulina Rubio",4170,https://open.spotify.com/track/5k5HXMmbU31I6cMOWnMgSQ
173,"Sin Contrato - Remix",Maluma,4093,https://open.spotify.com/track/2xNZeeqmwMPVKnD7FSQfgt
174,"Si Ella Quisiera - Remix","Justin Quiles",4041,https://open.spotify.com/track/0A2h9QjoPdbVwa9LFiijqM
175,Chandelier,Sia,4023,https://open.spotify.com/track/4VrWlk8IQxevMvERoX08iC
176,"Hermosa Ingrata",Juanes,4015,https://open.spotify.com/track/3H0Vda4LvcNlwRQpNd8MHJ
177,"Nunca Me Olvides",Yandel,3966,https://open.spotify.com/track/27ebni0DfbT5Owz6W42HP8
178,"A Thousand Years","Christina Perri",3944,https://open.spotify.com/track/6lanRgr6wXibZr8KgzXxBl
179,"La Ocasion (feat. Arcangel, Ozuna & Anuel Aa)","De La Ghetto",3944,https://open.spotify.com/track/498YWgZPJWIA4lphXtCNma
180,Hello,Adele,3942,https://open.spotify.com/track/4sPmO7WMQUAf45kwMOtONw
181,"En El Muelle De San Blas",Maná,3934,https://open.spotify.com/track/0mvocLIWUnT10znvIXwHGr
182,"Love Me Now","John Legend",3925,https://open.spotify.com/track/6nxQdXa1uAL0rY72wPZu89
183,"The Greatest",Sia,3919,https://open.spotify.com/track/6bLopGnirdrilrpdVB6Um1
184,"El Perdón","Nicky Jam",3871,https://open.spotify.com/track/7qCAVkHWZkF44OzOUKf8Cr
185,"La Carretera","Prince Royce",3863,https://open.spotify.com/track/2yvjjJrWzVzA2zg4VsoEmo
186,"Soy Peor","Bad Bunny",3862,https://open.spotify.com/track/5MT96Zz0ymUJNm8obKZQr0
187,"Kill Em With Kindness","Selena Gomez",3833,https://open.spotify.com/track/7KxhSJOYiqCDclXDBNlFSZ
188,"Hymn For The Weekend",Coldplay,3809,https://open.spotify.com/track/3RiPr603aXAoi4GHyXx0uy
189,"Cheap Thrills",Sia,3774,https://open.spotify.com/track/378iszndTZAR4dH8kwsLC6
190,"Vente Pa' Ca - Urban Remix","Ricky Martin",3762,https://open.spotify.com/track/3pI6VigoXHkcL3VYLJfBhq
191,Ginza,"J Balvin",3761,https://open.spotify.com/track/5N8nNuTmIzkZOfcxXlygUw
192,"Mariposa traicionera",Maná,3723,https://open.spotify.com/track/0Pjsm4AaJGPOXHoB6xCgJB
193,"Too Good",Drake,3723,https://open.spotify.com/track/11KJSRSgaDxqydKYiD2Jew
194,"Otra Cosa","Daddy Yankee",3708,https://open.spotify.com/track/3g8HfTlZYA72i9V2JPwXOb
195,"Counting Stars",OneRepublic,3687,https://open.spotify.com/track/5edBgVtRD0fvWk140Sl21T
196,"Adventure Of A Lifetime",Coldplay,3686,https://open.spotify.com/track/69uxyAqqPIsUyTO8txoP2M
197,"Lo Intentamos",Marama,3671,https://open.spotify.com/track/4Kzk0koKwzCMiIx4rAqCZp
198,"Sucker For Pain (with Wiz Khalifa, Imagine Dragons, Logic & Ty Dolla $ign feat. X Ambassadors)","Lil Wayne",3670,https://open.spotify.com/track/4dASQiO1Eoo3RJvt74FtXB
199,"La Cómplice","Alexis & Fido",3646,https://open.spotify.com/track/5ommnX8qOlbjRspCEFkn57
200,"Bohemian Rhapsody - Remastered 2011",Queen,3638,https://open.spotify.com/track/1AhDOtG9vPSOmsWgNW0BEY
