Position,"Track Name",Artist,Streams,URL
1,"Despacito (Featuring Daddy Yankee)","Luis Fonsi",54859,https://open.spotify.com/track/4aWmUDTfIPGksMNLV2rQP2
2,"Me Rehúso","Danny Ocean",51539,https://open.spotify.com/track/6De0lHrwBfPfrhorm9q1Xl
3,"Despacito - Remix","Luis Fonsi",50538,https://open.spotify.com/track/5CtI0qwDJkDQGwXD1H1cLb
4,"Shape of You","Ed Sheeran",46281,https://open.spotify.com/track/7qiZfU4dY1lWllzX7mPBI3
5,"El Amante","Nicky Jam",36130,https://open.spotify.com/track/3umS4y3uQDkqekNjVpiRUs
6,"SUBEME LA RADIO","Enrique Iglesias",34163,https://open.spotify.com/track/7nKBxz47S9SD79N086fuhn
7,"Otra Vez (feat. J Balvin)","Zion & Lennox",30960,https://open.spotify.com/track/3QwBODjSEzelZyVjxPOHdq
8,"Sigo Extrañándote","J Balvin",29266,https://open.spotify.com/track/6qDF4wWL49CAVbgT7yuHl8
9,"Reggaetón Lento (Bailemos)",CNCO,27539,https://open.spotify.com/track/3AEZUABDXNtecAOSC1qTfo
10,"Hey Ma (with Pitbull & J Balvin feat. Camila Cabello) - Spanish Version",Pitbull,26752,https://open.spotify.com/track/2Vdub5mY4lad7w64bFPUez
11,"Escápate Conmigo",Wisin,24679,https://open.spotify.com/track/2cnKEkpVUSV4wnjQiTWfH6
12,"Alguien Robo","Sebastian Yatra",23846,https://open.spotify.com/track/5i50gKdLAjjIr7UxRT5IVy
13,"Me Llamas (feat. Maluma) - Remix","Piso 21",23537,https://open.spotify.com/track/5hEM0JchdVzQ5PwvSfITeX
14,"La Rompe Corazones","Daddy Yankee",22397,https://open.spotify.com/track/4okba5wu9mMLXx79DXLKi3
15,"Ay Mi Dios",IAmChino,22379,https://open.spotify.com/track/6stYbAJgTszHAHZMPxWWCY
16,Traicionera,"Sebastian Yatra",22086,https://open.spotify.com/track/5J1c3M4EldCfNxXwrwt8mT
17,Chantaje,Shakira,21962,https://open.spotify.com/track/6mICuAdrwEjh6Y6lroV2Kg
18,Vacaciones,Wisin,21585,https://open.spotify.com/track/3dQDid3IUNhZy1OehIfYfE
19,"Sola (Remix) [feat. Daddy Yankee, Wisin, Farruko, Zion & Lennox]","Anuel Aa",20733,https://open.spotify.com/track/5q2JbCNi4FcnglgPfxcV65
20,"Te Quiero Pa´Mi","Don Omar",19936,https://open.spotify.com/track/3BY2mafsbsoKGqS380Xnuz
21,"It Ain't Me (with Selena Gomez)",Kygo,19772,https://open.spotify.com/track/3eR23VReFzcdmS7TYCrhCe
22,"Hey DJ",CNCO,19290,https://open.spotify.com/track/209gZgcfLq2aUuu51vOWBl
23,"Something Just Like This","The Chainsmokers",19215,https://open.spotify.com/track/6RUKPb4LETWmmr3iAEQktW
24,Safari,"J Balvin",18672,https://open.spotify.com/track/6rQSrBHf7HlZjtcMZ4S4bO
25,"That's What I Like","Bruno Mars",18634,https://open.spotify.com/track/0KKkJNfGyhkQ5aFogxQAPU
26,Lumbra,"Cali Y El Dandee",18318,https://open.spotify.com/track/6VHdcVbiKLYYOcMbIqBcuK
27,"Let Me Love You","DJ Snake",17544,https://open.spotify.com/track/4pdPtRcBmOSQDlJ3Fk945m
28,"Vente Pa' Ca","Ricky Martin",16861,https://open.spotify.com/track/7DM4BPaS7uofFul3ywMe46
29,"Qué Gano Olvidándote - Versión Urbana",Reik,16531,https://open.spotify.com/track/3H179O48ynsu9q8LOnFQZY
30,Paris,"The Chainsmokers",16415,https://open.spotify.com/track/72jbDTw1piOOj770jWNeaG
31,"Scared to Be Lonely","Martin Garrix",16272,https://open.spotify.com/track/3ebXMykcMXOcLeJ9xZ17XH
32,"Ando buscando","Carlos Baute",15524,https://open.spotify.com/track/7BwJtE8KSbCQKOCTIAY3jX
33,"Rockabye (feat. Sean Paul & Anne-Marie)","Clean Bandit",15292,https://open.spotify.com/track/5knuzwU65gJK7IF5yJsuaW
34,"I Feel It Coming","The Weeknd",15048,https://open.spotify.com/track/5GXAXm5YOmYT0kL5jHvYBt
35,Cold,"Maroon 5",14489,https://open.spotify.com/track/5NNlUMcOEOdoOIwwaWXv0k
36,"Andas En Mi Cabeza","Chino & Nacho",13988,https://open.spotify.com/track/5mey7CLLuFToM2P68Qu1gF
37,"Bailame Despacio",Xantos,13979,https://open.spotify.com/track/4OaTpLJIa2harufGxfOPUu
38,"Dile Que Tu Me Quieres",Ozuna,13347,https://open.spotify.com/track/20ZAJdsKB5IGbGj4ilRt2o
39,Closer,"The Chainsmokers",13089,https://open.spotify.com/track/7BKLCZ1jbUBVqRi2FVlTVw
40,"Swalla (feat. Nicki Minaj & Ty Dolla $ign)","Jason Derulo",12958,https://open.spotify.com/track/6kex4EBAj0WHXDKZMEJaaF
41,"Stay (with Alessia Cara)",Zedd,12882,https://open.spotify.com/track/0dA2Mk56wEzDgegdC6R17g
42,"Sé Que Te Duele","Alejandro Fernandez",12814,https://open.spotify.com/track/5vZfgeDfNhlkKeJqjzSAmg
43,"I Don’t Wanna Live Forever (Fifty Shades Darker) - From ""Fifty Shades Darker (Original Motion Picture Soundtrack)""",ZAYN,12812,https://open.spotify.com/track/3NdDpSvN911VPGivFlV5d0
44,"Don't Wanna Know","Maroon 5",12668,https://open.spotify.com/track/5MFzQMkrl1FOOng9tq6R9r
45,Chillax,Farruko,12547,https://open.spotify.com/track/1lxswgIpzV6HhENRvkflES
46,"Sign of the Times","Harry Styles",12485,https://open.spotify.com/track/5Ohxk2dO5COHF1krpoPigN
47,"Deja vu","Prince Royce",12318,https://open.spotify.com/track/46HdsiK0uR26B2dY9QPzda
48,"Ahora Dice","Chris Jeday",12212,https://open.spotify.com/track/22eADXu8DfOAUEDw4vU8qy
49,"Gyal You A Party Animal - Remix","Charly Black",12059,https://open.spotify.com/track/1AkTW13ysu0AJrwuM6UY0I
50,Passionfruit,Drake,11889,https://open.spotify.com/track/7hDc8b7IXETo14hHIHdnhd
51,Báilame,Nacho,11519,https://open.spotify.com/track/7lRsNbdOGykkMAgsqs4R1C
52,"La Bicicleta","Carlos Vives",11454,https://open.spotify.com/track/0sXvAOmXgjR2QUqLK1MltU
53,Starboy,"The Weeknd",11209,https://open.spotify.com/track/5aAx2yezTd8zXrkmtKl66Z
54,Believer,"Imagine Dragons",10527,https://open.spotify.com/track/0CcQNd8CINkwQfe1RDtGV6
55,"Si Tú La Ves","Nicky Jam",10200,https://open.spotify.com/track/4yN6xPLopmTLvc27pO9LIE
56,"Ya Me Enteré (feat. Nicky Jam) - Urban Version",Reik,10009,https://open.spotify.com/track/2SSYqDX8KTgy01NlqtUo0F
57,"Chained To The Rhythm","Katy Perry",9678,https://open.spotify.com/track/6520aj0B4FSKGVuKNsOCOi
58,"Me Enamoré",Shakira,9598,https://open.spotify.com/track/4qknM1pQz53QOyfDVTjcM9
59,"Symphony (feat. Zara Larsson)","Clean Bandit",9581,https://open.spotify.com/track/1x5sYLZiu9r5E43kMlt9f8
60,"Borro Cassette",Maluma,9370,https://open.spotify.com/track/6DUdDIRgLqCGq1DwkNWQTN
61,"Shaky Shaky","Daddy Yankee",9328,https://open.spotify.com/track/58IL315gMSTD37DOZPJ2hf
62,"Shape of You (Latin Remix) [feat. Zion & Lennox]","Ed Sheeran",9212,https://open.spotify.com/track/5nCtCCB5i1OfbADvynNw0i
63,"My Way","Calvin Harris",9115,https://open.spotify.com/track/1vvNmPOiUuyCbgWmtc6yfm
64,"Si Tu Novio Te Deja Sola","J Balvin",8922,https://open.spotify.com/track/0RFFFGtPn6a58RHY3ccVYX
65,"One Dance",Drake,8897,https://open.spotify.com/track/1xznGGDReH1oQq0xzbwXa3
66,"We Don't Talk Anymore (feat. Selena Gomez)","Charlie Puth",8720,https://open.spotify.com/track/68EMU2RD1ECNeOeJ5qAXCV
67,"Hula Hoop","Daddy Yankee",8579,https://open.spotify.com/track/7BEI30TTNhwnkCyNUDmFrr
68,"I Took A Pill In Ibiza - Seeb Remix","Mike Posner",8566,https://open.spotify.com/track/17Fd6Yb7mSbinKG8LoWfFl
69,Carnavalintro,CHANO,8559,https://open.spotify.com/track/0tGAPnTFwRJA6FZgYZ0BAe
70,"In the Name of Love","Martin Garrix",8451,https://open.spotify.com/track/04DwTuZ2VBdJCCC5TROn7L
71,"Traicionera - Remix","Sebastian Yatra",8440,https://open.spotify.com/track/2webQDZmtGioeu3zUUi9We
72,"Diles (feat. Arcangel, Nengo Flow, Dj Luian & Mambo Kings)",Farruko,8428,https://open.spotify.com/track/2FrnTVSHjgnEylKGdHRUK1
73,"Cuatro Babys",Maluma,8383,https://open.spotify.com/track/0JoHqmlqE0W0i9prt6kcHR
74,"Soy Peor","Bad Bunny",8304,https://open.spotify.com/track/5MT96Zz0ymUJNm8obKZQr0
75,"Hear Me Now",Alok,8180,https://open.spotify.com/track/1a5Yu5L18qNxVhXx38njON
76,Slide,"Calvin Harris",8116,https://open.spotify.com/track/7tr2za8SQg2CI8EDgrdtNl
77,HUMBLE.,"Kendrick Lamar",8107,https://open.spotify.com/track/7KXjTSCq5nL1LoYtL7XAwS
78,Perfect,"Ed Sheeran",8038,https://open.spotify.com/track/0tgVpDi06FyKpA1z0VMD4v
79,"Encantadora - Remix",Yandel,8034,https://open.spotify.com/track/0EpFfFZpCuqYFzHvxOtrZS
80,"Treat You Better","Shawn Mendes",7916,https://open.spotify.com/track/4Hf7WnR761jpxPr5D46Bcd
81,"Cuando Se Pone a Bailar",Rombai,7603,https://open.spotify.com/track/1MpKZi1zTXpERKwxmOu1PH
82,"Cold Water (feat. Justin Bieber & MØ)","Major Lazer",7595,https://open.spotify.com/track/6DNtNfH8hXkqOX1sjqmI7p
83,Issues,"Julia Michaels",7520,https://open.spotify.com/track/1sXUWdKx03aP9Gmzft58rt
84,"The One","The Chainsmokers",7125,https://open.spotify.com/track/0wfbD5rAksdXUzRvMfM3x5
85,"Desde Esa Noche",Thalía,6979,https://open.spotify.com/track/1pWYnQIlqxTh5bxuPmTG4E
86,Faded,"Alan Walker",6939,https://open.spotify.com/track/7gHs73wELdeycvS48JfIos
87,"24K Magic","Bruno Mars",6852,https://open.spotify.com/track/6b8Be6ljOzmkOmFslEb23P
88,"Don't Let Me Down","The Chainsmokers",6804,https://open.spotify.com/track/0QsvXIfqM0zZoerQfsI9lm
89,"Al Filo de Tu Amor","Carlos Vives",6755,https://open.spotify.com/track/77a9893yxuz36cBUmBzA8E
90,"DUELE EL CORAZON","Enrique Iglesias",6754,https://open.spotify.com/track/6YZdkObH88npeKrrkb8Ggf
91,"Mi Tesoro (feat. Nicky Jam)","Zion & Lennox",6690,https://open.spotify.com/track/5HABnFSYvl6mTmg8nSdzHa
92,"El Chisme",Reykon,6631,https://open.spotify.com/track/4VXejnj5WgM6H72ct2fSgQ
93,"Hasta el Amanecer","Nicky Jam",6620,https://open.spotify.com/track/5Fim1gaXBgsiFfsQAfQSDS
94,"Me llamas","Piso 21",6588,https://open.spotify.com/track/3jpqMaJREkmVDYlRvW1qWC
95,"Olha a Explosão","MC Kevinho",6549,https://open.spotify.com/track/6m2LNopVJKsvBB9l7Z1rwn
96,"Side To Side","Ariana Grande",6498,https://open.spotify.com/track/4pLwZjInHj3SimIyN9SnOz
97,"Call On Me - Ryan Riback Extended Remix",Starley,6440,https://open.spotify.com/track/78rIJddV4X0HkNAInEcYde
98,Photograph,"Ed Sheeran",6386,https://open.spotify.com/track/6fxVffaTuwjgEk5h9QyRjy
99,"Amor y dolor","Carlos Baute",6386,https://open.spotify.com/track/4efQTJSX6Jca1hHZNi74Zd
100,"Galway Girl","Ed Sheeran",6294,https://open.spotify.com/track/0afhq8XCExXpqazXczTSve
101,"Noche Loca",Marama,6241,https://open.spotify.com/track/0gzcET27nREY6aD8LJU9wD
102,"Stressed Out","Twenty One Pilots",6204,https://open.spotify.com/track/3CRDbSIZ4r5MsZ0YwxuEkn
103,Ride,"Twenty One Pilots",6109,https://open.spotify.com/track/2Z8WuEywRWYTKe1NybPQEW
104,Amárrame,"Mon Laferte",6109,https://open.spotify.com/track/0u13src3QcditRU5VPduML
105,Fuego,Juanes,5984,https://open.spotify.com/track/0mwPE0lPOgnWf2bo14xedJ
106,"Por Fin Te Encontré","Cali Y El Dandee",5948,https://open.spotify.com/track/3GpvoKKWZyTwgbLEM9RmWM
107,"Run Up (feat. PARTYNEXTDOOR & Nicki Minaj)","Major Lazer",5909,https://open.spotify.com/track/0fg8CqpjdojMyXLNzM2PaJ
108,"Cheap Thrills",Sia,5817,https://open.spotify.com/track/27SdWb2rFzO6GWiYDBTD9j
109,Muchachita,"Bonny Lovy",5740,https://open.spotify.com/track/0B38YZydPDJz9N4uR9hULg
110,"Ganas Locas","Prince Royce",5713,https://open.spotify.com/track/7JpzzaCzljQdfnG7wPRqSe
111,"Thinking Out Loud","Ed Sheeran",5713,https://open.spotify.com/track/1Slwb6dOYkBlWal1PGtnNg
112,"Deu Onda","MC G15",5707,https://open.spotify.com/track/0EPxmvsG1BY5td4aTOkWBF
113,Middle,"DJ Snake",5706,https://open.spotify.com/track/4OZEu0Vwq0RB2LAq14v99n
114,"Si Me Dices Que Si (feat. Nicky Jam)",Cosculluela,5694,https://open.spotify.com/track/3noN1TxpjbjjmKqssghvg8
115,"Just Hold On","Steve Aoki",5636,https://open.spotify.com/track/3EmmCZoqpWOTY1g2GBwJoR
116,"Still Got Time",ZAYN,5599,https://open.spotify.com/track/000xQL6tZNLJzIrtIgxqSl
117,"Tan Fácil",CNCO,5580,https://open.spotify.com/track/1TxgZRcy3kZ7JaEp88MDbC
118,"Deja Que Te Bese","Alejandro Sanz",5539,https://open.spotify.com/track/0s6yB0ZFl1LvYHAnGhXFga
119,Heathens,"Twenty One Pilots",5451,https://open.spotify.com/track/6i0V12jOa3mr6uu4WYhUBr
120,"Solo Dance","Martin Jensen",5450,https://open.spotify.com/track/6HUnnBwYZqcED1eQztxMBN
121,Dueles,"Jesse & Joy",5397,https://open.spotify.com/track/1iRvhKiXRElIH2Uf4gd95P
122,"The Scientist",Coldplay,5335,https://open.spotify.com/track/75JFxkI2RXiU7L9VXzMkle
123,"Say You Won't Let Go","James Arthur",5254,https://open.spotify.com/track/5uCax9HTNlzGybIStD3vDh
124,"Hey DJ - Pop Version",CNCO,5243,https://open.spotify.com/track/2kAe8s00cKth2AfcLEbFi9
125,"Castle on the Hill","Ed Sheeran",5226,https://open.spotify.com/track/6PCUP3dWmTjcTtXY02oFdT
126,Encanto,"Don Omar",5045,https://open.spotify.com/track/0OEQGwBfL4b9KX0RwfOiW6
127,"Cake By The Ocean",DNCE,5021,https://open.spotify.com/track/2aFiaMXmWsM3Vj72F9ksBl
128,"Light It Up (feat. Nyla & Fuse ODG) - Remix","Major Lazer",4930,https://open.spotify.com/track/0L7loeTIg6akW84aEQZpCT
129,"Sexy Lady",Japiaguar,4909,https://open.spotify.com/track/1agufzwnjHgd8MMJzHM1Lz
130,"Shed a Light","Robin Schulz",4896,https://open.spotify.com/track/1cG0umU5TKStygKsPFZ9pY
131,"CAN'T STOP THE FEELING! (Original Song from DreamWorks Animation's ""TROLLS"")","Justin Timberlake",4884,https://open.spotify.com/track/6JV2JOEocMgcZxYSZelKcc
132,Alone,"Alan Walker",4657,https://open.spotify.com/track/0JiVRyTJcJnmlwCZ854K4p
133,"Mask Off",Future,4646,https://open.spotify.com/track/3rOSwuTsUlJp0Pu0MkN8r8
134,"De Pies a Cabeza",Maná,4633,https://open.spotify.com/track/2CkHE54EH44Qj945ynQRw7
135,"No Promises (feat. Demi Lovato)","Cheat Codes",4617,https://open.spotify.com/track/1louJpMmzEicAn7lzDalPW
136,"Cómo Te Atreves",Morat,4574,https://open.spotify.com/track/2z0EshEO4XptiepEb9j3Og
137,"Love Yourself","Justin Bieber",4534,https://open.spotify.com/track/3hB5DgAiMAQ4DzYbsMq1IT
138,"Green Light",Lorde,4522,https://open.spotify.com/track/0gbBzIqrECJOEPvQJIBFs5
139,"This Is What You Came For","Calvin Harris",4508,https://open.spotify.com/track/0azC730Exh71aQlOt9Zj3y
140,Bobo,"J Balvin",4476,https://open.spotify.com/track/7AtlMCIauSQZqiXSlbBPW6
141,"Tú Sí Sabes Quererme","Natalia Lafourcade",4450,https://open.spotify.com/track/6p3yxt0uJJshAS3CT0znQg
142,"Gyal You A Party Animal","Charly Black",4439,https://open.spotify.com/track/1mSzZKMIPZIkn3jFV7v62b
143,"Work from Home","Fifth Harmony",4417,https://open.spotify.com/track/4tCtwWceOPWzenK2HAIJSb
144,"The Night We Met","Lord Huron",4403,https://open.spotify.com/track/6mORGLOz79w6VsCRLWYYuK
145,"Me Gusta - Remix",Alkilados,4388,https://open.spotify.com/track/7pueb0FHOYlKAJPXhVhwml
146,"Nunca Me Olvides - Remix",Yandel,4374,https://open.spotify.com/track/7pyEd6g5y7SYdKNgRtleEB
147,"Sin Contrato",Maluma,4269,https://open.spotify.com/track/09S64DUkxIX9EwIaULu6yN
148,Caraluna,Bacilos,4238,https://open.spotify.com/track/7DhYjNLksXZhbRQeheAums
149,"La Gozadera","Gente De Zona",4231,https://open.spotify.com/track/0OMRAvrtLWE2TvcXorRiB9
150,Sugar,"Maroon 5",4206,https://open.spotify.com/track/494OU6M7NOf4ICYb4zWCf5
151,"La Ocasion (feat. Arcangel, Ozuna & Anuel Aa)","De La Ghetto",4180,https://open.spotify.com/track/498YWgZPJWIA4lphXtCNma
152,Mercy,"Shawn Mendes",4179,https://open.spotify.com/track/4TZy1wLyHec06pwgFYDh1a
153,"Reggaetón Lento (Bailemos) - Remix",CNCO,4168,https://open.spotify.com/track/1T45DsQ4HFLJgthyedAa8V
154,Quisiera,CNCO,4143,https://open.spotify.com/track/4iPV0gcc8keTFl6qxqP73M
155,Stitches,"Shawn Mendes",4107,https://open.spotify.com/track/1WP1r7fuvRqZRnUaTi2I1Q
156,"Pumped Up Kicks","Foster The People",4102,https://open.spotify.com/track/7w87IxuO7BDcJ3YUqCyMTT
157,Manicomio,Cosculluela,4076,https://open.spotify.com/track/3n58u3LOFw8mITLvfPvQBz
158,"Ya Me Enteré",Reik,4023,https://open.spotify.com/track/0lPXFrKyl8HkdQ2E6NmNja
159,"When I Was Your Man","Bruno Mars",4018,https://open.spotify.com/track/0B7wvvmu9EISAwZnOpjhNI
160,"Perfect Strangers","Jonas Blue",3990,https://open.spotify.com/track/1CUVN2kn7mW5FjkqXTR2W1
161,"You Don't Know Me - Radio Edit","Jax Jones",3979,https://open.spotify.com/track/00lNx0OcTJrS3MKHcB80HY
162,Dive,"Ed Sheeran",3962,https://open.spotify.com/track/51ChrwmUPDJvedPQnIU8Ls
163,Starving,"Hailee Steinfeld",3958,https://open.spotify.com/track/1qOLh0tI7trd1zdDKxYZTe
164,"No Quiere Enamorarse (Remix) [feat. Daddy Yankee]",Ozuna,3908,https://open.spotify.com/track/4vlbjBSMqycZk6t4HVRpnC
165,Happier,"Ed Sheeran",3883,https://open.spotify.com/track/2RttW7RAu5nOAfq6YFvApB
166,"All of Me","John Legend",3860,https://open.spotify.com/track/2q6tgiA9tpb6DMguABwCWE
167,"Tu Falta De Querer","Mon Laferte",3836,https://open.spotify.com/track/4skuEIloXWuxxgekKupkEH
168,"Lean On (feat. MØ & DJ Snake)","Major Lazer",3831,https://open.spotify.com/track/4WjH9Bzt3kx7z8kl0awxh4
169,"Quiero Que Vuelvas","Alejandro Fernandez",3801,https://open.spotify.com/track/2Zw7rSucHm0MIph9gmNiSn
170,Princesa,"Río Roma",3787,https://open.spotify.com/track/0N4jis8aNOjiIfkBl4mGje
171,"Déjame te explico",Reykon,3754,https://open.spotify.com/track/7jzpAD8q77nwEmSsqUeUjy
172,Malandramente,"Dennis DJ",3750,https://open.spotify.com/track/7DRP2VOMpy1rrk3iYFLCW9
173,"Good Life (with G-Eazy & Kehlani)",G-Eazy,3750,https://open.spotify.com/track/1Eck97uRMlprKOOJN9oO1E
174,"On My Way",Tiësto,3744,https://open.spotify.com/track/4hiUYb2nb6NlfTP9CD38Pe
175,"Caile (feat. Zion & De La Ghetto)",Revol,3742,https://open.spotify.com/track/626rYyBfeAeleh1F5t4B70
176,Trumpets,"Sak Noel & Salvi",3728,https://open.spotify.com/track/5dH7o4TP3HYLvCjo4QAhhv
177,"Para Enamorarte",CNCO,3717,https://open.spotify.com/track/3B21fRFqPLmTd9zAlK0I8A
178,Sorry,"Justin Bieber",3714,https://open.spotify.com/track/69bp2EbF7Q2rqc5N3ylezZ
179,"Locuras contigo",Rombai,3708,https://open.spotify.com/track/5jMvnSyOgGY8JpvHqeyVOg
180,"7 Years","Lukas Graham",3697,https://open.spotify.com/track/7129iqBafaphfc3WPCGC0L
181,Everyday,"Ariana Grande",3650,https://open.spotify.com/track/3FiE2d325mIOc4YjkSLVJR
182,"iSpy (feat. Lil Yachty)",KYLE,3649,https://open.spotify.com/track/2EEeOnHehOozLq4aS0n6SL
183,"Water Under the Bridge",Adele,3649,https://open.spotify.com/track/4vb4mFvYsr2h6enhjJsq9Y
184,"Quítate la Pena","Piso 21",3648,https://open.spotify.com/track/3c8h1GHA8u6F82ky6CE3LX
185,"Counting Stars",OneRepublic,3643,https://open.spotify.com/track/5edBgVtRD0fvWk140Sl21T
186,"Qué Gano Olvidándote",Reik,3641,https://open.spotify.com/track/7iXRsjttPa62GpOcqsx1aE
187,"Kill Em With Kindness","Selena Gomez",3628,https://open.spotify.com/track/7KxhSJOYiqCDclXDBNlFSZ
188,"El Perdón","Nicky Jam",3621,https://open.spotify.com/track/7qCAVkHWZkF44OzOUKf8Cr
189,"Bohemian Rhapsody - Remastered 2011",Queen,3606,https://open.spotify.com/track/1AhDOtG9vPSOmsWgNW0BEY
190,"A Thousand Years","Christina Perri",3573,https://open.spotify.com/track/6lanRgr6wXibZr8KgzXxBl
191,Loquita,Marama,3562,https://open.spotify.com/track/2xjcDF21U2ccgE2LEeiMbf
192,"Hymn For The Weekend - Seeb Remix",Coldplay,3559,https://open.spotify.com/track/1OAiWI2oPmglaOiv9fdioU
193,"The Cure","Lady Gaga",3525,https://open.spotify.com/track/51PIvodunv6NmX5250zxAh
194,"Todo Cambio","Becky G",3432,https://open.spotify.com/track/0V78U6QU3RJ8kjW41OBmRw
195,"LOYALTY. FEAT. RIHANNA.","Kendrick Lamar",3409,https://open.spotify.com/track/6SwRhMLwNqEi6alNPVG00n
196,"Una Cita - Remix",Alkilados,3390,https://open.spotify.com/track/6v3QCw4ca5cR4VkzpG0PHy
197,Touch,"Little Mix",3377,https://open.spotify.com/track/5Ua3GXyHwiSfpNTMjq6m2z
198,"Wonderwall - Remastered",Oasis,3368,https://open.spotify.com/track/5qqabIl2vWzo9ApSC317sa
199,"Vacaciones - Remix",Wisin,3328,https://open.spotify.com/track/42QpgFFhu8SIKFK2dp0kUj
200,"Bailando - Spanish Version","Enrique Iglesias",3327,https://open.spotify.com/track/32lm3769IRfcnrQV11LO4E
