Position,"Track Name",Artist,Streams,URL
1,"Despacito - Remix","Luis Fonsi",67361,https://open.spotify.com/track/5CtI0qwDJkDQGwXD1H1cLb
2,"Felices los 4",Maluma,58147,https://open.spotify.com/track/0qYTZCo5Bwh1nsUFGZP3zn
3,"Me Rehúso","Danny Ocean",52786,https://open.spotify.com/track/6De0lHrwBfPfrhorm9q1Xl
4,"Despacito (Featuring Daddy Yankee)","Luis Fonsi",49555,https://open.spotify.com/track/4aWmUDTfIPGksMNLV2rQP2
5,"Shape of You","Ed Sheeran",46742,https://open.spotify.com/track/7qiZfU4dY1lWllzX7mPBI3
6,"El Amante","Nicky Jam",36313,https://open.spotify.com/track/3umS4y3uQDkqekNjVpiRUs
7,"SUBEME LA RADIO","Enrique Iglesias",36013,https://open.spotify.com/track/7nKBxz47S9SD79N086fuhn
8,"Sigo Extrañándote","J Balvin",31895,https://open.spotify.com/track/6qDF4wWL49CAVbgT7yuHl8
9,"Otra Vez (feat. J Balvin)","Zion & Lennox",31649,https://open.spotify.com/track/3QwBODjSEzelZyVjxPOHdq
10,"Hey Ma (with Pitbull & J Balvin feat. Camila Cabello) - Spanish Version",Pitbull,29504,https://open.spotify.com/track/2Vdub5mY4lad7w64bFPUez
11,"Escápate Conmigo",Wisin,28812,https://open.spotify.com/track/2cnKEkpVUSV4wnjQiTWfH6
12,"Reggaetón Lento (Bailemos)",CNCO,28033,https://open.spotify.com/track/3AEZUABDXNtecAOSC1qTfo
13,"Hey DJ",CNCO,26632,https://open.spotify.com/track/209gZgcfLq2aUuu51vOWBl
14,"Alguien Robo","Sebastian Yatra",24963,https://open.spotify.com/track/5i50gKdLAjjIr7UxRT5IVy
15,"Me Llamas (feat. Maluma) - Remix","Piso 21",24498,https://open.spotify.com/track/5hEM0JchdVzQ5PwvSfITeX
16,"La Rompe Corazones","Daddy Yankee",23885,https://open.spotify.com/track/4okba5wu9mMLXx79DXLKi3
17,"Ay Mi Dios",IAmChino,22749,https://open.spotify.com/track/6stYbAJgTszHAHZMPxWWCY
18,Traicionera,"Sebastian Yatra",22635,https://open.spotify.com/track/5J1c3M4EldCfNxXwrwt8mT
19,"Sola (Remix) [feat. Daddy Yankee, Wisin, Farruko, Zion & Lennox]","Anuel Aa",22043,https://open.spotify.com/track/5q2JbCNi4FcnglgPfxcV65
20,Chantaje,Shakira,21770,https://open.spotify.com/track/6mICuAdrwEjh6Y6lroV2Kg
21,Vacaciones,Wisin,21294,https://open.spotify.com/track/3dQDid3IUNhZy1OehIfYfE
22,"Te Quiero Pa´Mi","Don Omar",20503,https://open.spotify.com/track/3BY2mafsbsoKGqS380Xnuz
23,Lumbra,"Cali Y El Dandee",20086,https://open.spotify.com/track/6VHdcVbiKLYYOcMbIqBcuK
24,"It Ain't Me (with Selena Gomez)",Kygo,19730,https://open.spotify.com/track/3eR23VReFzcdmS7TYCrhCe
25,"Something Just Like This","The Chainsmokers",19013,https://open.spotify.com/track/6RUKPb4LETWmmr3iAEQktW
26,"That's What I Like","Bruno Mars",18636,https://open.spotify.com/track/0KKkJNfGyhkQ5aFogxQAPU
27,Safari,"J Balvin",18174,https://open.spotify.com/track/6rQSrBHf7HlZjtcMZ4S4bO
28,Báilame,Nacho,17765,https://open.spotify.com/track/7lRsNbdOGykkMAgsqs4R1C
29,"Ahora Dice","Chris Jeday",17441,https://open.spotify.com/track/22eADXu8DfOAUEDw4vU8qy
30,"Let Me Love You","DJ Snake",17438,https://open.spotify.com/track/4pdPtRcBmOSQDlJ3Fk945m
31,"Vente Pa' Ca","Ricky Martin",17308,https://open.spotify.com/track/7DM4BPaS7uofFul3ywMe46
32,"Qué Gano Olvidándote - Versión Urbana",Reik,17097,https://open.spotify.com/track/3H179O48ynsu9q8LOnFQZY
33,"Scared to Be Lonely","Martin Garrix",16181,https://open.spotify.com/track/3ebXMykcMXOcLeJ9xZ17XH
34,"Ando buscando","Carlos Baute",15901,https://open.spotify.com/track/7BwJtE8KSbCQKOCTIAY3jX
35,"Rockabye (feat. Sean Paul & Anne-Marie)","Clean Bandit",15762,https://open.spotify.com/track/5knuzwU65gJK7IF5yJsuaW
36,"Swalla (feat. Nicki Minaj & Ty Dolla $ign)","Jason Derulo",15585,https://open.spotify.com/track/6kex4EBAj0WHXDKZMEJaaF
37,"I Feel It Coming","The Weeknd",15263,https://open.spotify.com/track/5GXAXm5YOmYT0kL5jHvYBt
38,"Bailame Despacio",Xantos,15222,https://open.spotify.com/track/4OaTpLJIa2harufGxfOPUu
39,Paris,"The Chainsmokers",14864,https://open.spotify.com/track/72jbDTw1piOOj770jWNeaG
40,Cold,"Maroon 5",14802,https://open.spotify.com/track/5NNlUMcOEOdoOIwwaWXv0k
41,Besándote,"Piso 21",14483,https://open.spotify.com/track/13X0XdLMOdtbXVtAj2ox4h
42,"Andas En Mi Cabeza","Chino & Nacho",13937,https://open.spotify.com/track/5mey7CLLuFToM2P68Qu1gF
43,"Si Tú La Ves","Nicky Jam",13879,https://open.spotify.com/track/4yN6xPLopmTLvc27pO9LIE
44,"Sé Que Te Duele","Alejandro Fernandez",13871,https://open.spotify.com/track/5vZfgeDfNhlkKeJqjzSAmg
45,"Stay (with Alessia Cara)",Zedd,13650,https://open.spotify.com/track/0dA2Mk56wEzDgegdC6R17g
46,"Dile Que Tu Me Quieres",Ozuna,13575,https://open.spotify.com/track/20ZAJdsKB5IGbGj4ilRt2o
47,"Deja vu","Prince Royce",13366,https://open.spotify.com/track/46HdsiK0uR26B2dY9QPzda
48,"Don't Wanna Know","Maroon 5",12854,https://open.spotify.com/track/5MFzQMkrl1FOOng9tq6R9r
49,Closer,"The Chainsmokers",12660,https://open.spotify.com/track/7BKLCZ1jbUBVqRi2FVlTVw
50,Chillax,Farruko,12636,https://open.spotify.com/track/1lxswgIpzV6HhENRvkflES
51,"I Don’t Wanna Live Forever (Fifty Shades Darker) - From ""Fifty Shades Darker (Original Motion Picture Soundtrack)""",ZAYN,12529,https://open.spotify.com/track/3NdDpSvN911VPGivFlV5d0
52,"Me Enamoré",Shakira,11178,https://open.spotify.com/track/4qknM1pQz53QOyfDVTjcM9
53,"Sign of the Times","Harry Styles",11081,https://open.spotify.com/track/5Ohxk2dO5COHF1krpoPigN
54,"Hear Me Now",Alok,11036,https://open.spotify.com/track/1a5Yu5L18qNxVhXx38njON
55,"Shape of You (Latin Remix) [feat. Zion & Lennox]","Ed Sheeran",10502,https://open.spotify.com/track/5nCtCCB5i1OfbADvynNw0i
56,"La Bicicleta","Carlos Vives",10490,https://open.spotify.com/track/0sXvAOmXgjR2QUqLK1MltU
57,"Gyal You A Party Animal - Remix","Charly Black",10399,https://open.spotify.com/track/1AkTW13ysu0AJrwuM6UY0I
58,"Chained To The Rhythm","Katy Perry",10323,https://open.spotify.com/track/6520aj0B4FSKGVuKNsOCOi
59,Passionfruit,Drake,10295,https://open.spotify.com/track/7hDc8b7IXETo14hHIHdnhd
60,"Ya Me Enteré (feat. Nicky Jam) - Urban Version",Reik,10265,https://open.spotify.com/track/2SSYqDX8KTgy01NlqtUo0F
61,"Borro Cassette",Maluma,10054,https://open.spotify.com/track/6DUdDIRgLqCGq1DwkNWQTN
62,"Symphony (feat. Zara Larsson)","Clean Bandit",10027,https://open.spotify.com/track/1x5sYLZiu9r5E43kMlt9f8
63,"Hula Hoop","Daddy Yankee",10021,https://open.spotify.com/track/7BEI30TTNhwnkCyNUDmFrr
64,Believer,"Imagine Dragons",9969,https://open.spotify.com/track/0CcQNd8CINkwQfe1RDtGV6
65,Starboy,"The Weeknd",9706,https://open.spotify.com/track/5aAx2yezTd8zXrkmtKl66Z
66,"Shaky Shaky","Daddy Yankee",9274,https://open.spotify.com/track/58IL315gMSTD37DOZPJ2hf
67,"I Took A Pill In Ibiza - Seeb Remix","Mike Posner",9175,https://open.spotify.com/track/17Fd6Yb7mSbinKG8LoWfFl
68,"We Don't Talk Anymore (feat. Selena Gomez)","Charlie Puth",9127,https://open.spotify.com/track/68EMU2RD1ECNeOeJ5qAXCV
69,"Cuatro Babys",Maluma,9048,https://open.spotify.com/track/0JoHqmlqE0W0i9prt6kcHR
70,"Si Tu Novio Te Deja Sola","J Balvin",8954,https://open.spotify.com/track/0RFFFGtPn6a58RHY3ccVYX
71,Carnavalintro,CHANO,8931,https://open.spotify.com/track/0tGAPnTFwRJA6FZgYZ0BAe
72,"One Dance",Drake,8916,https://open.spotify.com/track/1xznGGDReH1oQq0xzbwXa3
73,"My Way","Calvin Harris",8694,https://open.spotify.com/track/1vvNmPOiUuyCbgWmtc6yfm
74,Slide,"Calvin Harris",8641,https://open.spotify.com/track/7tr2za8SQg2CI8EDgrdtNl
75,"Traicionera - Remix","Sebastian Yatra",8590,https://open.spotify.com/track/2webQDZmtGioeu3zUUi9We
76,"Cuando Se Pone a Bailar",Rombai,8495,https://open.spotify.com/track/1MpKZi1zTXpERKwxmOu1PH
77,"Diles (feat. Arcangel, Nengo Flow, Dj Luian & Mambo Kings)",Farruko,8402,https://open.spotify.com/track/2FrnTVSHjgnEylKGdHRUK1
78,"Soy Peor","Bad Bunny",8252,https://open.spotify.com/track/5MT96Zz0ymUJNm8obKZQr0
79,"There's Nothing Holdin' Me Back","Shawn Mendes",8076,https://open.spotify.com/track/79cuOz3SPQTuFrp8WgftAu
80,"In the Name of Love","Martin Garrix",7996,https://open.spotify.com/track/04DwTuZ2VBdJCCC5TROn7L
81,HUMBLE.,"Kendrick Lamar",7958,https://open.spotify.com/track/7KXjTSCq5nL1LoYtL7XAwS
82,"Treat You Better","Shawn Mendes",7606,https://open.spotify.com/track/4Hf7WnR761jpxPr5D46Bcd
83,"Cold Water (feat. Justin Bieber & MØ)","Major Lazer",7574,https://open.spotify.com/track/6DNtNfH8hXkqOX1sjqmI7p
84,Perfect,"Ed Sheeran",7565,https://open.spotify.com/track/0tgVpDi06FyKpA1z0VMD4v
85,"Desde Esa Noche",Thalía,7559,https://open.spotify.com/track/1pWYnQIlqxTh5bxuPmTG4E
86,"Mi Tesoro (feat. Nicky Jam)","Zion & Lennox",7514,https://open.spotify.com/track/5HABnFSYvl6mTmg8nSdzHa
87,"Encantadora - Remix",Yandel,7404,https://open.spotify.com/track/0EpFfFZpCuqYFzHvxOtrZS
88,Issues,"Julia Michaels",7368,https://open.spotify.com/track/1sXUWdKx03aP9Gmzft58rt
89,"Hasta el Amanecer","Nicky Jam",7367,https://open.spotify.com/track/5Fim1gaXBgsiFfsQAfQSDS
90,"Al Filo de Tu Amor","Carlos Vives",7305,https://open.spotify.com/track/77a9893yxuz36cBUmBzA8E
91,"24K Magic","Bruno Mars",7125,https://open.spotify.com/track/6b8Be6ljOzmkOmFslEb23P
92,"DUELE EL CORAZON","Enrique Iglesias",7072,https://open.spotify.com/track/6YZdkObH88npeKrrkb8Ggf
93,Faded,"Alan Walker",6970,https://open.spotify.com/track/7gHs73wELdeycvS48JfIos
94,"The One","The Chainsmokers",6927,https://open.spotify.com/track/0wfbD5rAksdXUzRvMfM3x5
95,"Still Got Time",ZAYN,6862,https://open.spotify.com/track/000xQL6tZNLJzIrtIgxqSl
96,"Don't Let Me Down","The Chainsmokers",6857,https://open.spotify.com/track/0QsvXIfqM0zZoerQfsI9lm
97,"Side To Side","Ariana Grande",6768,https://open.spotify.com/track/4pLwZjInHj3SimIyN9SnOz
98,"Olha a Explosão","MC Kevinho",6741,https://open.spotify.com/track/6m2LNopVJKsvBB9l7Z1rwn
99,Fuego,Juanes,6560,https://open.spotify.com/track/0mwPE0lPOgnWf2bo14xedJ
100,"Si Me Dices Que Si (feat. Nicky Jam)",Cosculluela,6537,https://open.spotify.com/track/3noN1TxpjbjjmKqssghvg8
101,"Me llamas","Piso 21",6500,https://open.spotify.com/track/3jpqMaJREkmVDYlRvW1qWC
102,"Galway Girl","Ed Sheeran",6482,https://open.spotify.com/track/0afhq8XCExXpqazXczTSve
103,"Call On Me - Ryan Riback Extended Remix",Starley,6301,https://open.spotify.com/track/78rIJddV4X0HkNAInEcYde
104,"Amor y dolor","Carlos Baute",6281,https://open.spotify.com/track/4efQTJSX6Jca1hHZNi74Zd
105,"Noche Loca",Marama,6272,https://open.spotify.com/track/0gzcET27nREY6aD8LJU9wD
106,Attention,"Charlie Puth",6241,https://open.spotify.com/track/4iLqG9SeJSnt0cSPICSjxv
107,Photograph,"Ed Sheeran",6218,https://open.spotify.com/track/6fxVffaTuwjgEk5h9QyRjy
108,"El Chisme",Reykon,6208,https://open.spotify.com/track/4VXejnj5WgM6H72ct2fSgQ
109,"Por Fin Te Encontré","Cali Y El Dandee",6131,https://open.spotify.com/track/3GpvoKKWZyTwgbLEM9RmWM
110,"Tan Fácil",CNCO,6119,https://open.spotify.com/track/1TxgZRcy3kZ7JaEp88MDbC
111,"Stressed Out","Twenty One Pilots",6105,https://open.spotify.com/track/3CRDbSIZ4r5MsZ0YwxuEkn
112,Ride,"Twenty One Pilots",6078,https://open.spotify.com/track/2Z8WuEywRWYTKe1NybPQEW
113,"Run Up (feat. PARTYNEXTDOOR & Nicki Minaj)","Major Lazer",6071,https://open.spotify.com/track/0fg8CqpjdojMyXLNzM2PaJ
114,"Lust for Life (with The Weeknd)","Lana Del Rey",6062,https://open.spotify.com/track/5LYQSNHZxEA880URXFHg6h
115,"No Promises (feat. Demi Lovato)","Cheat Codes",5974,https://open.spotify.com/track/1louJpMmzEicAn7lzDalPW
116,Middle,"DJ Snake",5921,https://open.spotify.com/track/4OZEu0Vwq0RB2LAq14v99n
117,"Cake By The Ocean",DNCE,5837,https://open.spotify.com/track/2aFiaMXmWsM3Vj72F9ksBl
118,Amárrame,"Mon Laferte",5812,https://open.spotify.com/track/0u13src3QcditRU5VPduML
119,"Cheap Thrills",Sia,5803,https://open.spotify.com/track/27SdWb2rFzO6GWiYDBTD9j
120,Encanto,"Don Omar",5792,https://open.spotify.com/track/0OEQGwBfL4b9KX0RwfOiW6
121,"Thinking Out Loud","Ed Sheeran",5786,https://open.spotify.com/track/1Slwb6dOYkBlWal1PGtnNg
122,Muchachita,"Bonny Lovy",5750,https://open.spotify.com/track/0B38YZydPDJz9N4uR9hULg
123,"Deu Onda","MC G15",5714,https://open.spotify.com/track/0EPxmvsG1BY5td4aTOkWBF
124,"The Night We Met","Lord Huron",5684,https://open.spotify.com/track/6mORGLOz79w6VsCRLWYYuK
125,"Just Hold On","Steve Aoki",5545,https://open.spotify.com/track/3EmmCZoqpWOTY1g2GBwJoR
126,"Shed a Light","Robin Schulz",5510,https://open.spotify.com/track/1cG0umU5TKStygKsPFZ9pY
127,"Solo Dance","Martin Jensen",5439,https://open.spotify.com/track/6HUnnBwYZqcED1eQztxMBN
128,"Say You Won't Let Go","James Arthur",5435,https://open.spotify.com/track/5uCax9HTNlzGybIStD3vDh
129,Dueles,"Jesse & Joy",5325,https://open.spotify.com/track/1iRvhKiXRElIH2Uf4gd95P
130,"Ganas Locas","Prince Royce",5321,https://open.spotify.com/track/7JpzzaCzljQdfnG7wPRqSe
131,Heathens,"Twenty One Pilots",5302,https://open.spotify.com/track/6i0V12jOa3mr6uu4WYhUBr
132,"The Scientist",Coldplay,5283,https://open.spotify.com/track/75JFxkI2RXiU7L9VXzMkle
133,"Hey DJ - Pop Version",CNCO,5198,https://open.spotify.com/track/2kAe8s00cKth2AfcLEbFi9
134,"CAN'T STOP THE FEELING! (Original Song from DreamWorks Animation's ""TROLLS"")","Justin Timberlake",5114,https://open.spotify.com/track/6JV2JOEocMgcZxYSZelKcc
135,"Light It Up (feat. Nyla & Fuse ODG) - Remix","Major Lazer",5101,https://open.spotify.com/track/0L7loeTIg6akW84aEQZpCT
136,"Good Life (with G-Eazy & Kehlani)",G-Eazy,4927,https://open.spotify.com/track/1Eck97uRMlprKOOJN9oO1E
137,"Me Gusta - Remix",Alkilados,4897,https://open.spotify.com/track/7pueb0FHOYlKAJPXhVhwml
138,"Mask Off",Future,4881,https://open.spotify.com/track/3rOSwuTsUlJp0Pu0MkN8r8
139,"The Cure","Lady Gaga",4811,https://open.spotify.com/track/51PIvodunv6NmX5250zxAh
140,"Castle on the Hill","Ed Sheeran",4802,https://open.spotify.com/track/6PCUP3dWmTjcTtXY02oFdT
141,"Nunca Me Olvides - Remix",Yandel,4777,https://open.spotify.com/track/7pyEd6g5y7SYdKNgRtleEB
142,"Tú Sí Sabes Quererme","Natalia Lafourcade",4767,https://open.spotify.com/track/6p3yxt0uJJshAS3CT0znQg
143,"Sexy Lady",Japiaguar,4623,https://open.spotify.com/track/1agufzwnjHgd8MMJzHM1Lz
144,Quisiera,CNCO,4595,https://open.spotify.com/track/4iPV0gcc8keTFl6qxqP73M
145,Alone,"Alan Walker",4533,https://open.spotify.com/track/0JiVRyTJcJnmlwCZ854K4p
146,"De Pies a Cabeza",Maná,4494,https://open.spotify.com/track/2CkHE54EH44Qj945ynQRw7
147,"Sin Contrato",Maluma,4464,https://open.spotify.com/track/09S64DUkxIX9EwIaULu6yN
148,Caraluna,Bacilos,4439,https://open.spotify.com/track/7DhYjNLksXZhbRQeheAums
149,"Green Light",Lorde,4431,https://open.spotify.com/track/0gbBzIqrECJOEPvQJIBFs5
150,Bobo,"J Balvin",4405,https://open.spotify.com/track/7AtlMCIauSQZqiXSlbBPW6
151,"Gyal You A Party Animal","Charly Black",4399,https://open.spotify.com/track/1mSzZKMIPZIkn3jFV7v62b
152,Manicomio,Cosculluela,4371,https://open.spotify.com/track/3n58u3LOFw8mITLvfPvQBz
153,"Reggaetón Lento (Bailemos) - Remix",CNCO,4366,https://open.spotify.com/track/1T45DsQ4HFLJgthyedAa8V
154,"Ya Me Enteré",Reik,4362,https://open.spotify.com/track/0lPXFrKyl8HkdQ2E6NmNja
155,"Love Yourself","Justin Bieber",4358,https://open.spotify.com/track/3hB5DgAiMAQ4DzYbsMq1IT
156,"La Gozadera","Gente De Zona",4330,https://open.spotify.com/track/0OMRAvrtLWE2TvcXorRiB9
157,"Deja Que Te Bese","Alejandro Sanz",4301,https://open.spotify.com/track/0s6yB0ZFl1LvYHAnGhXFga
158,"This Is What You Came For","Calvin Harris",4299,https://open.spotify.com/track/0azC730Exh71aQlOt9Zj3y
159,"Déjame te explico",Reykon,4283,https://open.spotify.com/track/7jzpAD8q77nwEmSsqUeUjy
160,"Work from Home","Fifth Harmony",4205,https://open.spotify.com/track/4tCtwWceOPWzenK2HAIJSb
161,"La Ocasion (feat. Arcangel, Ozuna & Anuel Aa)","De La Ghetto",4187,https://open.spotify.com/track/498YWgZPJWIA4lphXtCNma
162,Sugar,"Maroon 5",4160,https://open.spotify.com/track/494OU6M7NOf4ICYb4zWCf5
163,"Pumped Up Kicks","Foster The People",4159,https://open.spotify.com/track/7w87IxuO7BDcJ3YUqCyMTT
164,Stitches,"Shawn Mendes",4146,https://open.spotify.com/track/1WP1r7fuvRqZRnUaTi2I1Q
165,"You Don't Know Me - Radio Edit","Jax Jones",4140,https://open.spotify.com/track/00lNx0OcTJrS3MKHcB80HY
166,"When I Was Your Man","Bruno Mars",4124,https://open.spotify.com/track/0B7wvvmu9EISAwZnOpjhNI
167,Mercy,"Shawn Mendes",4059,https://open.spotify.com/track/4TZy1wLyHec06pwgFYDh1a
168,"All of Me","John Legend",4016,https://open.spotify.com/track/2q6tgiA9tpb6DMguABwCWE
169,Starving,"Hailee Steinfeld",4007,https://open.spotify.com/track/1qOLh0tI7trd1zdDKxYZTe
170,Princesa,"Río Roma",3958,https://open.spotify.com/track/0N4jis8aNOjiIfkBl4mGje
171,"Perfect Strangers","Jonas Blue",3935,https://open.spotify.com/track/1CUVN2kn7mW5FjkqXTR2W1
172,"Counting Stars",OneRepublic,3929,https://open.spotify.com/track/5edBgVtRD0fvWk140Sl21T
173,"El Perdón","Nicky Jam",3926,https://open.spotify.com/track/7qCAVkHWZkF44OzOUKf8Cr
174,"Para Enamorarte",CNCO,3902,https://open.spotify.com/track/3B21fRFqPLmTd9zAlK0I8A
175,"Quítate la Pena","Piso 21",3851,https://open.spotify.com/track/3c8h1GHA8u6F82ky6CE3LX
176,"Locuras contigo",Rombai,3834,https://open.spotify.com/track/5jMvnSyOgGY8JpvHqeyVOg
177,"Quiero Que Vuelvas","Alejandro Fernandez",3772,https://open.spotify.com/track/2Zw7rSucHm0MIph9gmNiSn
178,"Wonderwall - Remastered",Oasis,3736,https://open.spotify.com/track/5qqabIl2vWzo9ApSC317sa
179,"Qué Gano Olvidándote",Reik,3736,https://open.spotify.com/track/7iXRsjttPa62GpOcqsx1aE
180,"7 Years","Lukas Graham",3728,https://open.spotify.com/track/7129iqBafaphfc3WPCGC0L
181,"Bohemian Rhapsody - Remastered 2011",Queen,3723,https://open.spotify.com/track/1AhDOtG9vPSOmsWgNW0BEY
182,"Tu Falta De Querer","Mon Laferte",3722,https://open.spotify.com/track/4skuEIloXWuxxgekKupkEH
183,Sorry,"Justin Bieber",3718,https://open.spotify.com/track/69bp2EbF7Q2rqc5N3ylezZ
184,"iSpy (feat. Lil Yachty)",KYLE,3714,https://open.spotify.com/track/2EEeOnHehOozLq4aS0n6SL
185,"Caile (feat. Zion & De La Ghetto)",Revol,3712,https://open.spotify.com/track/626rYyBfeAeleh1F5t4B70
186,"Lean On (feat. MØ & DJ Snake)","Major Lazer",3708,https://open.spotify.com/track/4WjH9Bzt3kx7z8kl0awxh4
187,"No Digas Nada","Mario Bautista",3700,https://open.spotify.com/track/1RwoXmQ3RvIdfG8bLeX65g
188,"No Quiere Enamorarse (Remix) [feat. Daddy Yankee]",Ozuna,3683,https://open.spotify.com/track/4vlbjBSMqycZk6t4HVRpnC
189,"Hymn For The Weekend - Seeb Remix",Coldplay,3681,https://open.spotify.com/track/1OAiWI2oPmglaOiv9fdioU
190,"El Chisme (feat. J Alvarez & Kevin Roldan) - Remix",Reykon,3671,https://open.spotify.com/track/58EQDn2K9Gyj68YIckOLrN
191,"Una Cita - Remix",Alkilados,3665,https://open.spotify.com/track/6v3QCw4ca5cR4VkzpG0PHy
192,"A Thousand Years","Christina Perri",3644,https://open.spotify.com/track/6lanRgr6wXibZr8KgzXxBl
193,"Te Vas",Ozuna,3617,https://open.spotify.com/track/2twUPIYOTqVivev47pf7bU
194,"Cómo Te Atreves",Morat,3606,https://open.spotify.com/track/2z0EshEO4XptiepEb9j3Og
195,Dive,"Ed Sheeran",3601,https://open.spotify.com/track/51ChrwmUPDJvedPQnIU8Ls
196,"Now Or Never",Halsey,3589,https://open.spotify.com/track/0Nhu3zSYbEz32IYiobV75e
197,Ella,"Ricardo Arjona",3571,https://open.spotify.com/track/7hydwXc3IVJIItIif6ZuLH
198,"On My Way",Tiësto,3549,https://open.spotify.com/track/4hiUYb2nb6NlfTP9CD38Pe
199,"Fuiste Tú","Ricardo Arjona",3544,https://open.spotify.com/track/29csiYMOfBmLmGwxmISrMy
200,Trumpets,"Sak Noel & Salvi",3541,https://open.spotify.com/track/5dH7o4TP3HYLvCjo4QAhhv
