Position,"Track Name",Artist,Streams,URL
1,"Mi Gente","J Balvin",61813,https://open.spotify.com/track/2rb5MvYT7ZIxbKW5hfcHx8
2,"Una Lady Como Tú","Manuel Turizo",50278,https://open.spotify.com/track/7MHN1aCFtLXjownGhvEQlF
3,"Me Rehúso","Danny Ocean",50166,https://open.spotify.com/track/6De0lHrwBfPfrhorm9q1Xl
4,"Felices los 4",Maluma,46028,https://open.spotify.com/track/0qYTZCo5Bwh1nsUFGZP3zn
5,"Escápate Conmigo",Wisin,43713,https://open.spotify.com/track/2cnKEkpVUSV4wnjQiTWfH6
6,"Robarte un Beso","Carlos Vives",41846,https://open.spotify.com/track/4z3GJkrtH97Bj6fRta983T
7,"Hey DJ",CNCO,35923,https://open.spotify.com/track/209gZgcfLq2aUuu51vOWBl
8,"Ahora Dice","Chris Jeday",35345,https://open.spotify.com/track/22eADXu8DfOAUEDw4vU8qy
9,Bonita,"J Balvin",34269,https://open.spotify.com/track/693iqPOQvhI7PobtR8CC8v
10,Besándote,"Piso 21",33184,https://open.spotify.com/track/13X0XdLMOdtbXVtAj2ox4h
11,Báilame,Nacho,32822,https://open.spotify.com/track/7lRsNbdOGykkMAgsqs4R1C
12,"Krippy Kush",Farruko,32009,https://open.spotify.com/track/3rgjBiAMVGnxmsTDmUy8vb
13,"Shape of You","Ed Sheeran",31325,https://open.spotify.com/track/7qiZfU4dY1lWllzX7mPBI3
14,Mayores,"Becky G",28999,https://open.spotify.com/track/7JNh1cfm0eXjqFVOzKLyau
15,"Sigo Extrañándote","J Balvin",26850,https://open.spotify.com/track/6qDF4wWL49CAVbgT7yuHl8
16,"Loco Enamorado","Abraham Mateo",26413,https://open.spotify.com/track/4N1c5rmWOzRmB9SMacr5wB
17,"Otra Vez (feat. J Balvin)","Zion & Lennox",25962,https://open.spotify.com/track/3QwBODjSEzelZyVjxPOHdq
18,"Si Tú La Ves","Nicky Jam",24755,https://open.spotify.com/track/4yN6xPLopmTLvc27pO9LIE
19,"Sola (Remix) [feat. Daddy Yankee, Wisin, Farruko, Zion & Lennox]","Anuel Aa",24309,https://open.spotify.com/track/5q2JbCNi4FcnglgPfxcV65
20,"La Rompe Corazones","Daddy Yankee",24059,https://open.spotify.com/track/4okba5wu9mMLXx79DXLKi3
21,"Tu Foto",Ozuna,23610,https://open.spotify.com/track/0Szp49tpFasIjX04Mcsydp
22,"Me Llamas (feat. Maluma) - Remix","Piso 21",23110,https://open.spotify.com/track/5hEM0JchdVzQ5PwvSfITeX
23,"Bella y Sensual","Romeo Santos",22759,https://open.spotify.com/track/0ERbK7qVqveCaBWIiYCrl3
24,"Loca (feat. Cali Y El Dandee)","Maite Perroni",22538,https://open.spotify.com/track/05ZXXyeZFhZtA6DAP3Aw7x
25,"Báilame - Remix",Nacho,22387,https://open.spotify.com/track/3VClLWqNn80Llv0PJOsKgr
26,Besame,Valentino,21697,https://open.spotify.com/track/7Ckhk1XW5NV2k4jpqtQNlz
27,Attention,"Charlie Puth",21107,https://open.spotify.com/track/4iLqG9SeJSnt0cSPICSjxv
28,"El Amante","Nicky Jam",21068,https://open.spotify.com/track/3umS4y3uQDkqekNjVpiRUs
29,"Me Enamoré",Shakira,20913,https://open.spotify.com/track/4qknM1pQz53QOyfDVTjcM9
30,Feels,"Calvin Harris",20208,https://open.spotify.com/track/5bcTCxgc7xVfSaMV3RuVke
31,"Alguien Robo","Sebastian Yatra",20029,https://open.spotify.com/track/5i50gKdLAjjIr7UxRT5IVy
32,"Friends (with BloodPop®)","Justin Bieber",19265,https://open.spotify.com/track/7nZmah2llfvLDiUjm0kiyz
33,"Despacito - Remix","Luis Fonsi",19160,https://open.spotify.com/track/5CtI0qwDJkDQGwXD1H1cLb
34,"Hey Ma (with Pitbull & J Balvin feat. Camila Cabello) - Spanish Version",Pitbull,19001,https://open.spotify.com/track/2Vdub5mY4lad7w64bFPUez
35,"Reggaetón Lento (Bailemos)",CNCO,18968,https://open.spotify.com/track/3AEZUABDXNtecAOSC1qTfo
36,"Swalla (feat. Nicki Minaj & Ty Dolla $ign)","Jason Derulo",18885,https://open.spotify.com/track/6kex4EBAj0WHXDKZMEJaaF
37,"2U (feat. Justin Bieber)","David Guetta",18830,https://open.spotify.com/track/3A7qX2QjDlPnazUsRk5y0M
38,"Despacito (Featuring Daddy Yankee)","Luis Fonsi",17997,https://open.spotify.com/track/4aWmUDTfIPGksMNLV2rQP2
39,Traicionera,"Sebastian Yatra",17792,https://open.spotify.com/track/5J1c3M4EldCfNxXwrwt8mT
40,"Back to You (feat. Bebe Rexha & Digital Farm Animals)","Louis Tomlinson",17660,https://open.spotify.com/track/7F9vK8hNFMml4GtHsaXui6
41,"SUBEME LA RADIO","Enrique Iglesias",17414,https://open.spotify.com/track/7nKBxz47S9SD79N086fuhn
42,Vacaciones,Wisin,17300,https://open.spotify.com/track/3dQDid3IUNhZy1OehIfYfE
43,"Noche en Hawaii","Bonny Lovy",17128,https://open.spotify.com/track/2nnsC44cFHGgIXvKLadXUK
44,"Una Lady Como Tú - Remix","Manuel Turizo",16769,https://open.spotify.com/track/7MMRoGvm7uhoUVhGvHJ3yW
45,"Te Quiero Pa´Mi","Don Omar",16647,https://open.spotify.com/track/3BY2mafsbsoKGqS380Xnuz
46,"Soy Peor Remix (feat. J Balvin, Ozuna & Arcangel)","Bad Bunny",16460,https://open.spotify.com/track/4UG962ViiLqoUyx0RjCcwP
47,"Si Tu Novio Te Deja Sola","J Balvin",16090,https://open.spotify.com/track/0RFFFGtPn6a58RHY3ccVYX
48,Safari,"J Balvin",15973,https://open.spotify.com/track/6rQSrBHf7HlZjtcMZ4S4bO
49,"There for You","Martin Garrix",15421,https://open.spotify.com/track/6jA8HL9i4QGzsj6fjoxp8Y
50,"There's Nothing Holdin' Me Back","Shawn Mendes",15397,https://open.spotify.com/track/79cuOz3SPQTuFrp8WgftAu
51,"Ahora Me Llama","Karol G",14508,https://open.spotify.com/track/61HHDBLqF3AmSvLfHKNGd2
52,"New Rules","Dua Lipa",14294,https://open.spotify.com/track/2ekn2ttSfGqwhhate0LSR0
53,Thunder,"Imagine Dragons",13478,https://open.spotify.com/track/0tKcYR2II1VCQWT79i5NrW
54,"Diles (feat. Arcangel, Nengo Flow, Dj Luian & Mambo Kings)",Farruko,13388,https://open.spotify.com/track/2FrnTVSHjgnEylKGdHRUK1
55,"Que Va","Alex Sensation",13337,https://open.spotify.com/track/7ofxPmTNMj2GP07g1VZa0O
56,Lumbra,"Cali Y El Dandee",12684,https://open.spotify.com/track/6VHdcVbiKLYYOcMbIqBcuK
57,"Soy Peor","Bad Bunny",12187,https://open.spotify.com/track/5MT96Zz0ymUJNm8obKZQr0
58,"Ni Tú Ni Yo","Jennifer Lopez",12130,https://open.spotify.com/track/5xMzazov0IHYllrc8U2K6F
59,"Ay Mi Dios",IAmChino,11900,https://open.spotify.com/track/6stYbAJgTszHAHZMPxWWCY
60,"Vivo Pensando En Ti","Felipe Peláez",11796,https://open.spotify.com/track/0H7cz1bR7w9PulJL7Na774
61,Imitadora,"Romeo Santos",11776,https://open.spotify.com/track/6r46lnXFbE9fr2d3KNaGbe
62,"Deja vu","Prince Royce",11455,https://open.spotify.com/track/46HdsiK0uR26B2dY9QPzda
63,"Fetish (feat. Gucci Mane)","Selena Gomez",11399,https://open.spotify.com/track/0XLOf9LhyazPX9Ld8jPiUq
64,"Sorry Not Sorry","Demi Lovato",11397,https://open.spotify.com/track/25C5CowdsfXld2jJanbiex
65,"Andas En Mi Cabeza","Chino & Nacho",11120,https://open.spotify.com/track/5mey7CLLuFToM2P68Qu1gF
66,"Bebe (feat. Anuel AA)",Ozuna,11010,https://open.spotify.com/track/6SIrNxmmdbv1KUbFBu1PaN
67,"Something Just Like This","The Chainsmokers",10997,https://open.spotify.com/track/6RUKPb4LETWmmr3iAEQktW
68,"More Than You Know","Axwell /\ Ingrosso",10988,https://open.spotify.com/track/3PEgB3fkiojxms35ntsTgs
69,Unforgettable,"French Montana",10962,https://open.spotify.com/track/3B54sVLJ402zGa6Xm4YGNe
70,Mama,"Jonas Blue",10782,https://open.spotify.com/track/0NiXXAI876aGImAd6rTj8w
71,"Without You (feat. Sandro Cavazza)",Avicii,10689,https://open.spotify.com/track/6WbADFqMvR8N5u0BvtsWQE
72,"That's What I Like","Bruno Mars",10628,https://open.spotify.com/track/0KKkJNfGyhkQ5aFogxQAPU
73,"Gyal You A Party Animal - Remix","Charly Black",10514,https://open.spotify.com/track/1AkTW13ysu0AJrwuM6UY0I
74,Chantaje,Shakira,10440,https://open.spotify.com/track/6mICuAdrwEjh6Y6lroV2Kg
75,"Wild Thoughts","DJ Khaled",10307,https://open.spotify.com/track/1OAh8uOEOvTDqkKFsKksCi
76,"Vente Pa' Ca","Ricky Martin",10237,https://open.spotify.com/track/7DM4BPaS7uofFul3ywMe46
77,Believer,"Imagine Dragons",10133,https://open.spotify.com/track/0CcQNd8CINkwQfe1RDtGV6
78,Explícale,Yandel,10130,https://open.spotify.com/track/48yAM9xWBwT4Ac9G1y20rw
79,"Déjame te explico",Reykon,10048,https://open.spotify.com/track/7jzpAD8q77nwEmSsqUeUjy
80,"I'm the One","DJ Khaled",9788,https://open.spotify.com/track/3DXncPQOG4VBw3QHh3S817
81,"Buscando Huellas (feat. J Balvin & Sean Paul)","Major Lazer",9726,https://open.spotify.com/track/6WMYFEd4MJDIjJARHnOxoN
82,"Strip That Down","Liam Payne",9676,https://open.spotify.com/track/6EpRaXYhGOB3fj4V2uDkMJ
83,"Know No Better (feat. Travis Scott & Quavo) - Bad Bunny Remix","Major Lazer",9652,https://open.spotify.com/track/0d9wwtTyMxYzIFJs8CKbiz
84,"Borro Cassette",Maluma,9649,https://open.spotify.com/track/6DUdDIRgLqCGq1DwkNWQTN
85,"Olha a Explosão","MC Kevinho",9257,https://open.spotify.com/track/6m2LNopVJKsvBB9l7Z1rwn
86,"Cuando Se Pone a Bailar",Rombai,9190,https://open.spotify.com/track/1MpKZi1zTXpERKwxmOu1PH
87,"Dile Que Tu Me Quieres",Ozuna,9170,https://open.spotify.com/track/20ZAJdsKB5IGbGj4ilRt2o
88,"Let Me Love You","DJ Snake",9012,https://open.spotify.com/track/4pdPtRcBmOSQDlJ3Fk945m
89,"We Don't Talk Anymore (feat. Selena Gomez)","Charlie Puth",8948,https://open.spotify.com/track/68EMU2RD1ECNeOeJ5qAXCV
90,"Quédate Conmigo","Chyno Miranda",8804,https://open.spotify.com/track/0a9b4sUavOWgyc9jeScv7Y
91,"Kung Fu",Dasoul,8587,https://open.spotify.com/track/0B6GRS3vGtzu6w5BQXqWMq
92,"Reggaetón Lento (Remix) [CNCO & Little Mix]",CNCO,8509,https://open.spotify.com/track/3zoYkqS4y2BsGVShPL2nTE
93,"Ando buscando","Carlos Baute",8485,https://open.spotify.com/track/7BwJtE8KSbCQKOCTIAY3jX
94,"Get Low (with Liam Payne)",Zedd,8396,https://open.spotify.com/track/1CKd1PnqfYx0H12V9MSaIY
95,"Si No Vuelves","Gente De Zona",8044,https://open.spotify.com/track/0PE1dlvMZeBqEbm4BtVVSZ
96,"Know No Better (feat. Quavo)","Major Lazer",7965,https://open.spotify.com/track/3Ytr1SUCUi6J3L9dRFx5iH
97,"I Feel It Coming","The Weeknd",7916,https://open.spotify.com/track/5GXAXm5YOmYT0kL5jHvYBt
98,"Escápate Conmigo - Remix",Wisin,7819,https://open.spotify.com/track/5P45f6HakSHDwdFj5dO5K5
99,"Sua Cara (feat. Anitta & Pabllo Vittar)","Major Lazer",7812,https://open.spotify.com/track/3ibRxEv4KkcU9e259eyNJA
100,Closer,"The Chainsmokers",7732,https://open.spotify.com/track/7BKLCZ1jbUBVqRi2FVlTVw
101,"Es Tarde",Juanes,7697,https://open.spotify.com/track/3ktSe2NHl8RO1Fjh7mcvam
102,"Dure Dure",Jencarlos,7671,https://open.spotify.com/track/42MoYJb42qprlpJU0OEhAT
103,"Rockabye (feat. Sean Paul & Anne-Marie)","Clean Bandit",7619,https://open.spotify.com/track/5knuzwU65gJK7IF5yJsuaW
104,"3 A.M.","Jesse & Joy",7609,https://open.spotify.com/track/0yyZN5ASdrYu0XYWFzfxUu
105,"Sólo Mía",Yandel,7572,https://open.spotify.com/track/3WM3XDNCzEsLvtp59D9oF7
106,"It Ain't Me (with Selena Gomez)",Kygo,7533,https://open.spotify.com/track/3eR23VReFzcdmS7TYCrhCe
107,"Bad Liar","Selena Gomez",7532,https://open.spotify.com/track/1sCxVKWImDZSZKvG0U9B23
108,"La Estrategia","Cali Y El Dandee",7400,https://open.spotify.com/track/5fqE4mcMADOX0qTuIlpLZL
109,Carnavalintro,CHANO,7392,https://open.spotify.com/track/0tGAPnTFwRJA6FZgYZ0BAe
110,Muchachita,"Bonny Lovy",7390,https://open.spotify.com/track/0B38YZydPDJz9N4uR9hULg
111,Havana,"Camila Cabello",7377,https://open.spotify.com/track/0ofbQMrRDsUaVKq2mGLEAb
112,"Glorious (feat. Skylar Grey)",Macklemore,7367,https://open.spotify.com/track/3HVr6jTVwBHBa2flM0eURR
113,"El Amante - Remix","Nicky Jam",7331,https://open.spotify.com/track/04f13iELcsYpY2yeLiAcfq
114,"Bailame Despacio",Xantos,7302,https://open.spotify.com/track/4OaTpLJIa2harufGxfOPUu
115,Photograph,"Ed Sheeran",7295,https://open.spotify.com/track/6fxVffaTuwjgEk5h9QyRjy
116,"Qué Gano Olvidándote - Versión Urbana",Reik,7249,https://open.spotify.com/track/3H179O48ynsu9q8LOnFQZY
117,"Would You Ever",Skrillex,7150,https://open.spotify.com/track/57p8CBvPOxrvyCbn6ttl5r
118,"Se Preparó",Ozuna,7131,https://open.spotify.com/track/3mxWDt0eKXfl4C1e4oIP0J
119,"Scared to Be Lonely","Martin Garrix",7130,https://open.spotify.com/track/3ebXMykcMXOcLeJ9xZ17XH
120,"El Farsante",Ozuna,7121,https://open.spotify.com/track/2LW4Zu7FcrwjWm3t5Rv3Oq
121,"I Took A Pill In Ibiza - Seeb Remix","Mike Posner",6963,https://open.spotify.com/track/17Fd6Yb7mSbinKG8LoWfFl
122,"Devuélveme El Corazón","Sebastian Yatra",6905,https://open.spotify.com/track/2uWg6P3lEsS1qQ2qg11TUx
123,"Don't Wanna Know","Maroon 5",6830,https://open.spotify.com/track/5MFzQMkrl1FOOng9tq6R9r
124,"Sé Que Te Duele","Alejandro Fernandez",6744,https://open.spotify.com/track/5vZfgeDfNhlkKeJqjzSAmg
125,Chillax,Farruko,6699,https://open.spotify.com/track/1lxswgIpzV6HhENRvkflES
126,"Bailame despacio - Piso 21 Remix",Xantos,6658,https://open.spotify.com/track/7LFLJWIQFHsaDw5FOltT5Z
127,"No Te Hagas","Jory Boy",6652,https://open.spotify.com/track/5hKjEpYrJIJs6uPl7zw6Y6
128,Faded,"Alan Walker",6643,https://open.spotify.com/track/7gHs73wELdeycvS48JfIos
129,Perfect,"Ed Sheeran",6532,https://open.spotify.com/track/0tgVpDi06FyKpA1z0VMD4v
130,"No Promises (feat. Demi Lovato)","Cheat Codes",6496,https://open.spotify.com/track/1louJpMmzEicAn7lzDalPW
131,"One Dance",Drake,6495,https://open.spotify.com/track/1xznGGDReH1oQq0xzbwXa3
132,"Ya Me Enteré (feat. Nicky Jam) - Urban Version",Reik,6461,https://open.spotify.com/track/2SSYqDX8KTgy01NlqtUo0F
133,"La Bicicleta","Carlos Vives",6391,https://open.spotify.com/track/0sXvAOmXgjR2QUqLK1MltU
134,"In the Name of Love","Martin Garrix",6341,https://open.spotify.com/track/04DwTuZ2VBdJCCC5TROn7L
135,Silence,Marshmello,6337,https://open.spotify.com/track/7vGuf3Y35N4wmASOKLUVVU
136,"No Vacancy (with Sebastián Yatra)",OneRepublic,6303,https://open.spotify.com/track/3Gqj86AgnD8EiIOFIGLubs
137,"The Scientist",Coldplay,6229,https://open.spotify.com/track/75JFxkI2RXiU7L9VXzMkle
138,"El Chisme",Reykon,6214,https://open.spotify.com/track/4VXejnj5WgM6H72ct2fSgQ
139,"A Ella","Karol G",6187,https://open.spotify.com/track/3nqrj9bM1clIkejk7BVPtX
140,HUMBLE.,"Kendrick Lamar",6178,https://open.spotify.com/track/7KXjTSCq5nL1LoYtL7XAwS
141,"Symphony (feat. Zara Larsson)","Clean Bandit",6150,https://open.spotify.com/track/1x5sYLZiu9r5E43kMlt9f8
142,"Sign of the Times","Harry Styles",6114,https://open.spotify.com/track/5Ohxk2dO5COHF1krpoPigN
143,"Stay (with Alessia Cara)",Zedd,6095,https://open.spotify.com/track/0dA2Mk56wEzDgegdC6R17g
144,"Thinking Out Loud","Ed Sheeran",5980,https://open.spotify.com/track/1Slwb6dOYkBlWal1PGtnNg
145,Amárrame,"Mon Laferte",5943,https://open.spotify.com/track/0u13src3QcditRU5VPduML
146,"No Le Hablen de Amor (Remix)",CD9,5926,https://open.spotify.com/track/6F35s1d7QRKjbjBbpccVQp
147,"Hear Me Now",Alok,5876,https://open.spotify.com/track/1a5Yu5L18qNxVhXx38njON
148,"Tan Fácil",CNCO,5871,https://open.spotify.com/track/1TxgZRcy3kZ7JaEp88MDbC
149,"I Like Me Better",Lauv,5828,https://open.spotify.com/track/1wjzFQodRWrPcQ0AnYnvQ9
150,"Por Fin Te Encontré","Cali Y El Dandee",5778,https://open.spotify.com/track/3GpvoKKWZyTwgbLEM9RmWM
151,"Baila Toma","Osmani Garcia ""La Voz""",5750,https://open.spotify.com/track/1VUm0rdXGDjAOApxFxGFJ4
152,"Treat You Better","Shawn Mendes",5749,https://open.spotify.com/track/4Hf7WnR761jpxPr5D46Bcd
153,"Tu No Metes Cabra","Bad Bunny",5621,https://open.spotify.com/track/10nQ3Pj0o1XotcikgJPVKD
154,"Cuatro Babys",Maluma,5607,https://open.spotify.com/track/0JoHqmlqE0W0i9prt6kcHR
155,Starboy,"The Weeknd",5554,https://open.spotify.com/track/5aAx2yezTd8zXrkmtKl66Z
156,"Si Tu Lo Dejas",Rvssian,5543,https://open.spotify.com/track/2naJy8SKJ27gj6ZhRPDKaz
157,"Qué Me Has Hecho",Chayanne,5526,https://open.spotify.com/track/3nUNwSYEUv9bmUc3de0Owv
158,"Stressed Out","Twenty One Pilots",5500,https://open.spotify.com/track/3CRDbSIZ4r5MsZ0YwxuEkn
159,"I Don’t Wanna Live Forever (Fifty Shades Darker) - From ""Fifty Shades Darker (Original Motion Picture Soundtrack)""",ZAYN,5479,https://open.spotify.com/track/3NdDpSvN911VPGivFlV5d0
160,Paris,"The Chainsmokers",5469,https://open.spotify.com/track/72jbDTw1piOOj770jWNeaG
161,"Mala Mujer","C. Tangana",5442,https://open.spotify.com/track/6puxHBNwu2Nmm7uD3Rd2MP
162,"24K Magic","Bruno Mars",5436,https://open.spotify.com/track/6b8Be6ljOzmkOmFslEb23P
163,"Mi Religión",Yandel,5417,https://open.spotify.com/track/2bdD0eYH8XirjVAXq68JAN
164,"Slow Hands","Niall Horan",5353,https://open.spotify.com/track/167NczpNbRF7oWakJaY3Hh
165,"Lonely Together (feat. Rita Ora)",Avicii,5349,https://open.spotify.com/track/2OALaHcDdKkjYEpAr0Qzab
166,"Esa Boquita","J Alvarez",5317,https://open.spotify.com/track/3tWeAH4IYIrxV2jrUk9Ab3
167,Ride,"Twenty One Pilots",5312,https://open.spotify.com/track/2Z8WuEywRWYTKe1NybPQEW
168,"When I Was Your Man","Bruno Mars",5307,https://open.spotify.com/track/0B7wvvmu9EISAwZnOpjhNI
169,"Cheap Thrills",Sia,5302,https://open.spotify.com/track/27SdWb2rFzO6GWiYDBTD9j
170,Malibu,"Miley Cyrus",5292,https://open.spotify.com/track/2habSXqcJGExM6JJyskY7O
171,"Caile (feat. Zion & De La Ghetto)",Revol,5268,https://open.spotify.com/track/626rYyBfeAeleh1F5t4B70
172,"Don't Let Me Down","The Chainsmokers",5261,https://open.spotify.com/track/0QsvXIfqM0zZoerQfsI9lm
173,"All of Me","John Legend",5255,https://open.spotify.com/track/2q6tgiA9tpb6DMguABwCWE
174,"Perro Fiel",Shakira,5239,https://open.spotify.com/track/70lnL3QaSOIIyMa2X9aVRL
175,"First Time",Kygo,5238,https://open.spotify.com/track/2Gl0FzuLxflY6nPifJp5Dr
176,"La Última Vez","Anuel Aa",5235,https://open.spotify.com/track/4J1e3hbf0e5YUZjkxyJWD3
177,"Me Acostumbre (feat. Bad Bunny)",Arcangel,5212,https://open.spotify.com/track/2FIm6YsSGL5acOqSuJDh5s
178,Cold,"Maroon 5",5192,https://open.spotify.com/track/5NNlUMcOEOdoOIwwaWXv0k
179,"Dimelo (feat. Wason Brazoban)","Don Miguelo",5178,https://open.spotify.com/track/5rBWtDMRu3sxei9aQBXaRJ
180,"Mi Tesoro (feat. Nicky Jam)","Zion & Lennox",5130,https://open.spotify.com/track/5HABnFSYvl6mTmg8nSdzHa
181,"My Way","Calvin Harris",5100,https://open.spotify.com/track/1vvNmPOiUuyCbgWmtc6yfm
182,"Ayer 2","Anuel Aa",5091,https://open.spotify.com/track/5ZF3889W92eTBOROe0lPNN
183,"Me Mata","Bad Bunny",5075,https://open.spotify.com/track/2wgDAPgBhFA7pnIbm0YOhP
184,Dueles,"Jesse & Joy",5058,https://open.spotify.com/track/1iRvhKiXRElIH2Uf4gd95P
185,"No Digas Nada","Mario Bautista",5045,https://open.spotify.com/track/1RwoXmQ3RvIdfG8bLeX65g
186,"In The End","Linkin Park",4993,https://open.spotify.com/track/60a0Rd6pjrkxjPbaKzXjfq
187,"Side To Side","Ariana Grande",4986,https://open.spotify.com/track/4pLwZjInHj3SimIyN9SnOz
188,"Tu No Vive Asi (feat. Mambo Kingz & DJ Luian)",Arcangel,4971,https://open.spotify.com/track/6NSMQFKgjpQb0KkjMDYIK0
189,"Noche Loca",Marama,4953,https://open.spotify.com/track/0gzcET27nREY6aD8LJU9wD
190,"Felices los 4 - Salsa Version",Maluma,4935,https://open.spotify.com/track/33F4IHQ2JcXWSDXNA9b4tK
191,Caraluna,Bacilos,4933,https://open.spotify.com/track/7DhYjNLksXZhbRQeheAums
192,"XO TOUR Llif3","Lil Uzi Vert",4921,https://open.spotify.com/track/2eMwDehkIC1j68U6FA3Eiq
193,911,Feid,4918,https://open.spotify.com/track/1denQBP7H6fh9BXaTIgvQy
194,"No Lie","Sean Paul",4881,https://open.spotify.com/track/3cFsmM51N5zMAuu1nNY4Tw
195,Quisiera,CNCO,4881,https://open.spotify.com/track/4iPV0gcc8keTFl6qxqP73M
196,"Say You Won't Let Go","James Arthur",4810,https://open.spotify.com/track/5uCax9HTNlzGybIStD3vDh
197,"Diabla - Official Remix",Farruko,4771,https://open.spotify.com/track/2OxUtaKYeahAGNaBiahXtR
198,"Shape of You (Latin Remix) [feat. Zion & Lennox]","Ed Sheeran",4739,https://open.spotify.com/track/5nCtCCB5i1OfbADvynNw0i
199,Middle,"DJ Snake",4727,https://open.spotify.com/track/4OZEu0Vwq0RB2LAq14v99n
200,Princesa,"Río Roma",4710,https://open.spotify.com/track/0N4jis8aNOjiIfkBl4mGje
