Position,"Track Name",Artist,Streams,URL
1,"Una Lady Como Tú","Manuel Turizo",166616,https://open.spotify.com/track/7MHN1aCFtLXjownGhvEQlF
2,"Mi Gente","J Balvin",151837,https://open.spotify.com/track/2rb5MvYT7ZIxbKW5hfcHx8
3,"Me Rehúso","Danny Ocean",136098,https://open.spotify.com/track/6De0lHrwBfPfrhorm9q1Xl
4,Mayores,"Becky G",116137,https://open.spotify.com/track/7JNh1cfm0eXjqFVOzKLyau
5,"Robarte un Beso","Carlos Vives",111213,https://open.spotify.com/track/4z3GJkrtH97Bj6fRta983T
6,"Escápate Conmigo",Wisin,110618,https://open.spotify.com/track/2cnKEkpVUSV4wnjQiTWfH6
7,"Ahora Dice","Chris Jeday",100150,https://open.spotify.com/track/22eADXu8DfOAUEDw4vU8qy
8,Bonita,"J Balvin",97962,https://open.spotify.com/track/693iqPOQvhI7PobtR8CC8v
9,"Tú Foto",Ozuna,96340,https://open.spotify.com/track/5zSOVwaY3sVjnmLhuEfsuf
10,"Felices los 4",Maluma,96000,https://open.spotify.com/track/0qYTZCo5Bwh1nsUFGZP3zn
11,"Shape of You","Ed Sheeran",90924,https://open.spotify.com/track/7qiZfU4dY1lWllzX7mPBI3
12,"New Rules","Dua Lipa",88473,https://open.spotify.com/track/2ekn2ttSfGqwhhate0LSR0
13,"Krippy Kush",Farruko,88065,https://open.spotify.com/track/7FfpP3YZ6fOWMdxkIAtud9
14,"Ahora Me Llama","Karol G",84431,https://open.spotify.com/track/61HHDBLqF3AmSvLfHKNGd2
15,"Se Preparó",Ozuna,81376,https://open.spotify.com/track/1m69ELEgE6k5ZWsap40ozt
16,"El Farsante",Ozuna,76055,https://open.spotify.com/track/5EId1m4DNwTf3at31w8bPJ
17,"Hey DJ",CNCO,68390,https://open.spotify.com/track/209gZgcfLq2aUuu51vOWBl
18,Feels,"Calvin Harris",68218,https://open.spotify.com/track/5bcTCxgc7xVfSaMV3RuVke
19,"Look What You Made Me Do","Taylor Swift",65899,https://open.spotify.com/track/6uFsE1JgZ20EXyU0JQZbUR
20,"Báilame - Remix",Nacho,65704,https://open.spotify.com/track/3VClLWqNn80Llv0PJOsKgr
21,"Otra Vez (feat. J Balvin)","Zion & Lennox",63855,https://open.spotify.com/track/3QwBODjSEzelZyVjxPOHdq
22,"Too Good At Goodbyes","Sam Smith",63837,https://open.spotify.com/track/0mel2N9Ws9r4yLQn5QE21Y
23,"Swalla (feat. Nicki Minaj & Ty Dolla $ign)","Jason Derulo",63456,https://open.spotify.com/track/6kex4EBAj0WHXDKZMEJaaF
24,"La Rompe Corazones","Daddy Yankee",62597,https://open.spotify.com/track/4okba5wu9mMLXx79DXLKi3
25,Unforgettable,"French Montana",61269,https://open.spotify.com/track/3B54sVLJ402zGa6Xm4YGNe
26,"Diles (feat. Arcangel, Nengo Flow, Dj Luian & Mambo Kings)",Farruko,61013,https://open.spotify.com/track/2FrnTVSHjgnEylKGdHRUK1
27,"Loco Enamorado","Abraham Mateo",57722,https://open.spotify.com/track/4N1c5rmWOzRmB9SMacr5wB
28,"Si Tú La Ves","Nicky Jam",56600,https://open.spotify.com/track/4yN6xPLopmTLvc27pO9LIE
29,"Sigo Extrañándote","J Balvin",52843,https://open.spotify.com/track/6qDF4wWL49CAVbgT7yuHl8
30,"Despacito (Featuring Daddy Yankee)","Luis Fonsi",52166,https://open.spotify.com/track/4aWmUDTfIPGksMNLV2rQP2
31,Attention,"Charlie Puth",51138,https://open.spotify.com/track/4iLqG9SeJSnt0cSPICSjxv
32,"Sola (Remix) [feat. Daddy Yankee, Wisin, Farruko, Zion & Lennox]","Anuel Aa",50267,https://open.spotify.com/track/5q2JbCNi4FcnglgPfxcV65
33,Báilame,Nacho,50063,https://open.spotify.com/track/7lRsNbdOGykkMAgsqs4R1C
34,"Wild Thoughts","DJ Khaled",49518,https://open.spotify.com/track/1OAh8uOEOvTDqkKFsKksCi
35,"Soy Peor","Bad Bunny",49343,https://open.spotify.com/track/5MT96Zz0ymUJNm8obKZQr0
36,"Dusk Till Dawn - Radio Edit",ZAYN,49282,https://open.spotify.com/track/1j4kHkkpqZRBwE0A4CN4Yv
37,Explícale,Yandel,49134,https://open.spotify.com/track/1LszjjoVwDDZcWUQbzeDLG
38,"Que Va","Alex Sensation",46708,https://open.spotify.com/track/7ofxPmTNMj2GP07g1VZa0O
39,"Sorry Not Sorry","Demi Lovato",46648,https://open.spotify.com/track/25C5CowdsfXld2jJanbiex
40,"Me Llamas (feat. Maluma) - Remix","Piso 21",46605,https://open.spotify.com/track/5hEM0JchdVzQ5PwvSfITeX
41,"There's Nothing Holdin' Me Back","Shawn Mendes",46013,https://open.spotify.com/track/79cuOz3SPQTuFrp8WgftAu
42,"El Amante","Nicky Jam",45985,https://open.spotify.com/track/3umS4y3uQDkqekNjVpiRUs
43,"Friends (with BloodPop®)","Justin Bieber",45772,https://open.spotify.com/track/7nZmah2llfvLDiUjm0kiyz
44,Besándote,"Piso 21",45716,https://open.spotify.com/track/13X0XdLMOdtbXVtAj2ox4h
45,"Si Tu Novio Te Deja Sola","J Balvin",44439,https://open.spotify.com/track/0RFFFGtPn6a58RHY3ccVYX
46,"Something Just Like This","The Chainsmokers",43183,https://open.spotify.com/track/6RUKPb4LETWmmr3iAEQktW
47,HUMBLE.,"Kendrick Lamar",42534,https://open.spotify.com/track/7KXjTSCq5nL1LoYtL7XAwS
48,"Dile Que Tu Me Quieres",Ozuna,42259,https://open.spotify.com/track/5u5MvmVtitax9R1Mxh3reC
49,"2U (feat. Justin Bieber)","David Guetta",40489,https://open.spotify.com/track/3A7qX2QjDlPnazUsRk5y0M
50,"Reggaetón Lento (Bailemos)",CNCO,39977,https://open.spotify.com/track/3AEZUABDXNtecAOSC1qTfo
51,Havana,"Camila Cabello",36618,https://open.spotify.com/track/0ofbQMrRDsUaVKq2mGLEAb
52,Perfect,"Ed Sheeran",35948,https://open.spotify.com/track/0tgVpDi06FyKpA1z0VMD4v
53,"I'm the One","DJ Khaled",35719,https://open.spotify.com/track/3DXncPQOG4VBw3QHh3S817
54,rockstar,"Post Malone",35036,https://open.spotify.com/track/1OmcAT5Y8eg5bUPv9qJT4R
55,"3 A.M.","Jesse & Joy",34346,https://open.spotify.com/track/0yyZN5ASdrYu0XYWFzfxUu
56,"Soy Peor Remix (feat. J Balvin, Ozuna & Arcangel)","Bad Bunny",34263,https://open.spotify.com/track/4UG962ViiLqoUyx0RjCcwP
57,"Bella y Sensual","Romeo Santos",34185,https://open.spotify.com/track/0ERbK7qVqveCaBWIiYCrl3
58,"Suena El Dembow","Joey Montana",33594,https://open.spotify.com/track/5TysCiZtv1HnSWcTcUFusI
59,"That's What I Like","Bruno Mars",33368,https://open.spotify.com/track/0KKkJNfGyhkQ5aFogxQAPU
60,Safari,"J Balvin",32867,https://open.spotify.com/track/6rQSrBHf7HlZjtcMZ4S4bO
61,"Thinking Out Loud","Ed Sheeran",32641,https://open.spotify.com/track/1Slwb6dOYkBlWal1PGtnNg
62,"XO TOUR Llif3","Lil Uzi Vert",32493,https://open.spotify.com/track/7GX5flRQZVHRAGd6B4TmDO
63,Believer,"Imagine Dragons",32411,https://open.spotify.com/track/0CcQNd8CINkwQfe1RDtGV6
64,1-800-273-8255,Logic,31725,https://open.spotify.com/track/5tz69p7tJuGPeMGwNTxYuV
65,Vacaciones,Wisin,31651,https://open.spotify.com/track/3dQDid3IUNhZy1OehIfYfE
66,Thunder,"Imagine Dragons",30943,https://open.spotify.com/track/0tKcYR2II1VCQWT79i5NrW
67,Chillax,Farruko,30850,https://open.spotify.com/track/1lxswgIpzV6HhENRvkflES
68,"What Lovers Do (feat. SZA)","Maroon 5",30844,https://open.spotify.com/track/4mxWSdf71VFO52qFeY0fZt
69,"Me Enamoré",Shakira,30562,https://open.spotify.com/track/4qknM1pQz53QOyfDVTjcM9
70,"Destino o Casualidad",Melendi,30472,https://open.spotify.com/track/02IJFWVjLSM811RsySQusA
71,"Rockabye (feat. Sean Paul & Anne-Marie)","Clean Bandit",30125,https://open.spotify.com/track/5knuzwU65gJK7IF5yJsuaW
72,Silence,Marshmello,29643,https://open.spotify.com/track/7vGuf3Y35N4wmASOKLUVVU
73,"Dure Dure",Jencarlos,29629,https://open.spotify.com/track/42MoYJb42qprlpJU0OEhAT
74,"Quiero Repetir",Ozuna,29423,https://open.spotify.com/track/0MIcPSq9n2z5H8TAfEstri
75,"Andas En Mi Cabeza","Chino & Nacho",29009,https://open.spotify.com/track/5mey7CLLuFToM2P68Qu1gF
76,"One Dance",Drake,28969,https://open.spotify.com/track/1xznGGDReH1oQq0xzbwXa3
77,"Loca (feat. Cali Y El Dandee)","Maite Perroni",28787,https://open.spotify.com/track/05ZXXyeZFhZtA6DAP3Aw7x
78,Lumbra,"Cali Y El Dandee",28713,https://open.spotify.com/track/6VHdcVbiKLYYOcMbIqBcuK
79,Traicionera,"Sebastian Yatra",28663,https://open.spotify.com/track/5J1c3M4EldCfNxXwrwt8mT
80,Mama,"Jonas Blue",28518,https://open.spotify.com/track/0NiXXAI876aGImAd6rTj8w
81,Photograph,"Ed Sheeran",28409,https://open.spotify.com/track/6fxVffaTuwjgEk5h9QyRjy
82,"Bebe (feat. Anuel AA)",Ozuna,28326,https://open.spotify.com/track/6SIrNxmmdbv1KUbFBu1PaN
83,Closer,"The Chainsmokers",28288,https://open.spotify.com/track/7BKLCZ1jbUBVqRi2FVlTVw
84,"Swish Swish","Katy Perry",28181,https://open.spotify.com/track/2kVHAQKVtczchKctctzbtK
85,Imitadora,"Romeo Santos",28096,https://open.spotify.com/track/6r46lnXFbE9fr2d3KNaGbe
86,"Te Quiero Pa´Mi","Don Omar",27365,https://open.spotify.com/track/3BY2mafsbsoKGqS380Xnuz
87,"Scared to Be Lonely","Martin Garrix",27157,https://open.spotify.com/track/3ebXMykcMXOcLeJ9xZ17XH
88,"Jocelyn Flores",XXXTENTACION,27042,https://open.spotify.com/track/7m9OqQk4RVRkw9JJdeAw96
89,"Sign of the Times","Harry Styles",26812,https://open.spotify.com/track/5Ohxk2dO5COHF1krpoPigN
90,"Me Mata","Bad Bunny",26687,https://open.spotify.com/track/2wgDAPgBhFA7pnIbm0YOhP
91,Chantaje,Shakira,26063,https://open.spotify.com/track/6mICuAdrwEjh6Y6lroV2Kg
92,Criminal,"Natti Natasha",26020,https://open.spotify.com/track/2SmgFAhQkQCQPyBiBxR6Te
93,"Alguien Robo","Sebastian Yatra",25835,https://open.spotify.com/track/5i50gKdLAjjIr7UxRT5IVy
94,"More Than You Know","Axwell /\ Ingrosso",25756,https://open.spotify.com/track/3PEgB3fkiojxms35ntsTgs
95,"Back to You (feat. Bebe Rexha & Digital Farm Animals)","Louis Tomlinson",25728,https://open.spotify.com/track/7F9vK8hNFMml4GtHsaXui6
96,"Tu No Metes Cabra","Bad Bunny",25609,https://open.spotify.com/track/10nQ3Pj0o1XotcikgJPVKD
97,"No Lie","Sean Paul",25524,https://open.spotify.com/track/3cFsmM51N5zMAuu1nNY4Tw
98,"24K Magic","Bruno Mars",25112,https://open.spotify.com/track/6b8Be6ljOzmkOmFslEb23P
99,"Without You (feat. Sandro Cavazza)",Avicii,25061,https://open.spotify.com/track/6WbADFqMvR8N5u0BvtsWQE
100,"Let Me Love You","DJ Snake",24801,https://open.spotify.com/track/4pdPtRcBmOSQDlJ3Fk945m
101,"Si Tu Lo Dejas",Rvssian,24636,https://open.spotify.com/track/2naJy8SKJ27gj6ZhRPDKaz
102,"La Ocasion (feat. Arcangel, Ozuna & Anuel Aa)","De La Ghetto",24459,https://open.spotify.com/track/498YWgZPJWIA4lphXtCNma
103,"Me Acostumbre (feat. Bad Bunny)",Arcangel,24447,https://open.spotify.com/track/2FIm6YsSGL5acOqSuJDh5s
104,"Hey Ma (with Pitbull & J Balvin feat. Camila Cabello) - Spanish Version",Pitbull,24219,https://open.spotify.com/track/2Vdub5mY4lad7w64bFPUez
105,"Vente Pa' Ca","Ricky Martin",24139,https://open.spotify.com/track/7DM4BPaS7uofFul3ywMe46
106,"Tu No Vive Asi (feat. Mambo Kingz & DJ Luian)",Arcangel,24099,https://open.spotify.com/track/6NSMQFKgjpQb0KkjMDYIK0
107,Fever,"Vybz Kartel",23775,https://open.spotify.com/track/4C1Smq2t3MVOPzsUPWW0oX
108,"Devuélveme El Corazón","Sebastian Yatra",23455,https://open.spotify.com/track/2uWg6P3lEsS1qQ2qg11TUx
109,"It Ain't Me (with Selena Gomez)",Kygo,23313,https://open.spotify.com/track/3eR23VReFzcdmS7TYCrhCe
110,Congratulations,"Post Malone",23233,https://open.spotify.com/track/3a1lNhkSLSkpJE4MSHpDu9
111,"0 Sentimientos (Remix) [feat. Noriel, Darkiel, Lyan, Messiah & Baby Rasta]",Jonz,23161,https://open.spotify.com/track/4COGASZEbAxmH6k5gYMo6G
112,"Despacito - Remix","Luis Fonsi",23025,https://open.spotify.com/track/5CtI0qwDJkDQGwXD1H1cLb
113,"Reggaetón Lento (Remix) [CNCO & Little Mix]",CNCO,22984,https://open.spotify.com/track/3zoYkqS4y2BsGVShPL2nTE
114,"SUBEME LA RADIO","Enrique Iglesias",22964,https://open.spotify.com/track/7nKBxz47S9SD79N086fuhn
115,"We Don't Talk Anymore (feat. Selena Gomez)","Charlie Puth",22948,https://open.spotify.com/track/68EMU2RD1ECNeOeJ5qAXCV
116,"All of Me","John Legend",22776,https://open.spotify.com/track/2q6tgiA9tpb6DMguABwCWE
117,"Qué Me Has Hecho",Chayanne,22726,https://open.spotify.com/track/3nUNwSYEUv9bmUc3de0Owv
118,Faded,"Alan Walker",22633,https://open.spotify.com/track/7gHs73wELdeycvS48JfIos
119,"No Te Hagas","Jory Boy",22605,https://open.spotify.com/track/5hKjEpYrJIJs6uPl7zw6Y6
120,"Como Antes",Yandel,22487,https://open.spotify.com/track/5YzA563GXTuwQaRq24z1k5
121,"Strip That Down","Liam Payne",22360,https://open.spotify.com/track/6EpRaXYhGOB3fj4V2uDkMJ
122,"Deja vu","Prince Royce",22169,https://open.spotify.com/track/46HdsiK0uR26B2dY9QPzda
123,"Treat You Better","Shawn Mendes",22058,https://open.spotify.com/track/4Hf7WnR761jpxPr5D46Bcd
124,"Side To Side","Ariana Grande",22018,https://open.spotify.com/track/4pLwZjInHj3SimIyN9SnOz
125,"I Took A Pill In Ibiza - Seeb Remix","Mike Posner",22011,https://open.spotify.com/track/17Fd6Yb7mSbinKG8LoWfFl
126,Ride,"Twenty One Pilots",21933,https://open.spotify.com/track/2Z8WuEywRWYTKe1NybPQEW
127,"Borro Cassette",Maluma,21839,https://open.spotify.com/track/6DUdDIRgLqCGq1DwkNWQTN
128,"Me Ama Me Odia",Ozuna,21759,https://open.spotify.com/track/6041gM9Th1ViQcnzkIxnuv
129,"La Bicicleta","Carlos Vives",21695,https://open.spotify.com/track/0sXvAOmXgjR2QUqLK1MltU
130,"The Scientist",Coldplay,21641,https://open.spotify.com/track/75JFxkI2RXiU7L9VXzMkle
131,"When I Was Your Man","Bruno Mars",21514,https://open.spotify.com/track/0B7wvvmu9EISAwZnOpjhNI
132,"There for You","Martin Garrix",21291,https://open.spotify.com/track/6jA8HL9i4QGzsj6fjoxp8Y
133,"I Don’t Wanna Live Forever (Fifty Shades Darker) - From ""Fifty Shades Darker (Original Motion Picture Soundtrack)""",ZAYN,21056,https://open.spotify.com/track/3NdDpSvN911VPGivFlV5d0
134,"Déjame te explico",Reykon,20768,https://open.spotify.com/track/7jzpAD8q77nwEmSsqUeUjy
135,"Escápate Conmigo - Remix",Wisin,20762,https://open.spotify.com/track/5P45f6HakSHDwdFj5dO5K5
136,"I Feel It Coming","The Weeknd",20494,https://open.spotify.com/track/5GXAXm5YOmYT0kL5jHvYBt
137,"Diabla - Official Remix",Farruko,20414,https://open.spotify.com/track/2OxUtaKYeahAGNaBiahXtR
138,"Fetish (feat. Gucci Mane)","Selena Gomez",20350,https://open.spotify.com/track/0XLOf9LhyazPX9Ld8jPiUq
139,"La Estrategia","Cali Y El Dandee",20271,https://open.spotify.com/track/5fqE4mcMADOX0qTuIlpLZL
140,"Bruk It Dung",Eshconinco,20206,https://open.spotify.com/track/7dxGZfWqbwSMxfNuNZR6TD
141,"...Ready For It?","Taylor Swift",20171,https://open.spotify.com/track/19WjVVgXjdKXfLXoaDPwTM
142,"Cuatro Babys",Maluma,20115,https://open.spotify.com/track/0JoHqmlqE0W0i9prt6kcHR
143,Malibu,"Miley Cyrus",20096,https://open.spotify.com/track/2habSXqcJGExM6JJyskY7O
144,"Stressed Out","Twenty One Pilots",20027,https://open.spotify.com/track/3CRDbSIZ4r5MsZ0YwxuEkn
145,Privado,Rvssian,19815,https://open.spotify.com/track/11zRKpjEZwmcBBBGzB4pMn
146,"Una Lady Como Tú - Remix","Manuel Turizo",19554,https://open.spotify.com/track/7MMRoGvm7uhoUVhGvHJ3yW
147,"La Última Vez","Anuel Aa",19523,https://open.spotify.com/track/4J1e3hbf0e5YUZjkxyJWD3
148,"Too Much To Ask","Niall Horan",19346,https://open.spotify.com/track/3hRZsdTF5uyGA2uhNqEuhm
149,"In the Name of Love","Martin Garrix",19240,https://open.spotify.com/track/04DwTuZ2VBdJCCC5TROn7L
150,"Ay Mi Dios",IAmChino,19158,https://open.spotify.com/track/6stYbAJgTszHAHZMPxWWCY
151,"Don't Let Me Down","The Chainsmokers",19030,https://open.spotify.com/track/0QsvXIfqM0zZoerQfsI9lm
152,Netflixxx,Brytiago,18965,https://open.spotify.com/track/5gFAT2DbEt4TOMXyAMEixG
153,"Gyal You A Party Animal","Charly Black",18917,https://open.spotify.com/track/1mSzZKMIPZIkn3jFV7v62b
154,"Say You Won't Let Go","James Arthur",18804,https://open.spotify.com/track/5uCax9HTNlzGybIStD3vDh
155,"Young Dumb & Broke",Khalid,18590,https://open.spotify.com/track/5Z3GHaZ6ec9bsiI5BenrbY
156,"A Ella","Karol G",18537,https://open.spotify.com/track/3nqrj9bM1clIkejk7BVPtX
157,"Let Her Go",Passenger,18326,https://open.spotify.com/track/2jyjhRf6DVbMPU5zxagN2h
158,Ilegal,"Cultura Profética",18255,https://open.spotify.com/track/2K2YkSn2utzsRntEClbyB8
159,Starboy,"The Weeknd",18234,https://open.spotify.com/track/5aAx2yezTd8zXrkmtKl66Z
160,"Vivo Pensando En Ti","Felipe Peláez",18046,https://open.spotify.com/track/0H7cz1bR7w9PulJL7Na774
161,Passionfruit,Drake,17953,https://open.spotify.com/track/7hDc8b7IXETo14hHIHdnhd
162,"Glorious (feat. Skylar Grey)",Macklemore,17930,https://open.spotify.com/track/3HVr6jTVwBHBa2flM0eURR
163,"Sexto Sentido (feat. Bad Bunny)","Gigolo Y La Exce",17881,https://open.spotify.com/track/3iDPALl8BoUbuXZgy6EOWY
164,DNA,BTS,17840,https://open.spotify.com/track/5SE57ljOIUJ1ybL9U6CuBH
165,"Bank Account","21 Savage",17681,https://open.spotify.com/track/5eqK0tbzUPo2SoeZsov04s
166,"Drop It",Eshconinco,17664,https://open.spotify.com/track/5oiI4g2TR6RrynKbyVqV8w
167,"Just the Way You Are","Bruno Mars",17618,https://open.spotify.com/track/7BqBn9nzAq8spo5e7cZ0dJ
168,"Caile (feat. Zion & De La Ghetto)",Revol,17611,https://open.spotify.com/track/626rYyBfeAeleh1F5t4B70
169,"Cheap Thrills",Sia,17538,https://open.spotify.com/track/27SdWb2rFzO6GWiYDBTD9j
170,"Stay With Me","Sam Smith",17387,https://open.spotify.com/track/5Db9VIdDsN5yu3Eu7CT0i4
171,"A Thousand Years","Christina Perri",17365,https://open.spotify.com/track/6lanRgr6wXibZr8KgzXxBl
172,Dive,"Ed Sheeran",17354,https://open.spotify.com/track/51ChrwmUPDJvedPQnIU8Ls
173,"Don't Wanna Know","Maroon 5",17332,https://open.spotify.com/track/5MFzQMkrl1FOOng9tq6R9r
174,"La Gozadera","Gente De Zona",17256,https://open.spotify.com/track/0OMRAvrtLWE2TvcXorRiB9
175,Mercy,"Shawn Mendes",16973,https://open.spotify.com/track/4TZy1wLyHec06pwgFYDh1a
176,"Counting Stars",OneRepublic,16930,https://open.spotify.com/track/5edBgVtRD0fvWk140Sl21T
177,"Sweet Child O' Mine","Guns N' Roses",16847,https://open.spotify.com/track/7o2CTH4ctstm8TNelqjb51
178,"Ni Tú Ni Yo","Jennifer Lopez",16791,https://open.spotify.com/track/5xMzazov0IHYllrc8U2K6F
179,"What About Us",P!nk,16572,https://open.spotify.com/track/31MkGwj0SWgZaTvEt5Hgxv
180,"Bohemian Rhapsody - Remastered 2011",Queen,16487,https://open.spotify.com/track/1AhDOtG9vPSOmsWgNW0BEY
181,"Bruk Off Yuh Back",Konshens,16475,https://open.spotify.com/track/30mNHDOw7qD5SF8tBeuPpu
182,"Cake By The Ocean",DNCE,16431,https://open.spotify.com/track/2aFiaMXmWsM3Vj72F9ksBl
183,"Stay (with Alessia Cara)",Zedd,16402,https://open.spotify.com/track/0dA2Mk56wEzDgegdC6R17g
184,Sugar,"Maroon 5",16337,https://open.spotify.com/track/494OU6M7NOf4ICYb4zWCf5
185,"Gyal You A Party Animal - Remix","Charly Black",16318,https://open.spotify.com/track/1AkTW13ysu0AJrwuM6UY0I
186,"Por Fin Te Encontré","Cali Y El Dandee",16253,https://open.spotify.com/track/3GpvoKKWZyTwgbLEM9RmWM
187,"Locked Out Of Heaven","Bruno Mars",16086,https://open.spotify.com/track/5g7sDjBhZ4I3gcFIpkrLuI
188,"I'm Not The Only One","Sam Smith",16041,https://open.spotify.com/track/0fioLzGM8ngbD1w6fMmm45
189,"Qué Gano Olvidándote - Versión Urbana",Reik,16030,https://open.spotify.com/track/3H179O48ynsu9q8LOnFQZY
190,Caraluna,Bacilos,15998,https://open.spotify.com/track/7DhYjNLksXZhbRQeheAums
191,"Cold Water (feat. Justin Bieber & MØ)","Major Lazer",15978,https://open.spotify.com/track/6DNtNfH8hXkqOX1sjqmI7p
192,"Bad Liar","Selena Gomez",15974,https://open.spotify.com/track/1sCxVKWImDZSZKvG0U9B23
193,"Flor Pálida","Marc Anthony",15886,https://open.spotify.com/track/47TyfLrGhYHHyyQWk64d0M
194,"7 Years","Lukas Graham",15874,https://open.spotify.com/track/7129iqBafaphfc3WPCGC0L
195,"Love Yourself","Justin Bieber",15792,https://open.spotify.com/track/3hB5DgAiMAQ4DzYbsMq1IT
196,"Bodak Yellow","Cardi B",15689,https://open.spotify.com/track/2771LMNxwf62FTAdpJMQfM
197,"Sé Que Te Duele","Alejandro Fernandez",15685,https://open.spotify.com/track/5vZfgeDfNhlkKeJqjzSAmg
198,"Mask Off",Future,15604,https://open.spotify.com/track/3rOSwuTsUlJp0Pu0MkN8r8
199,"Hasta el Amanecer","Nicky Jam",15595,https://open.spotify.com/track/5Fim1gaXBgsiFfsQAfQSDS
200,Heathens,"Twenty One Pilots",15499,https://open.spotify.com/track/6i0V12jOa3mr6uu4WYhUBr
