Position,"Track Name",Artist,Streams,URL
1,"Me Rehúso","Danny Ocean",169872,https://open.spotify.com/track/6De0lHrwBfPfrhorm9q1Xl
2,"Mi Gente","J Balvin",165145,https://open.spotify.com/track/2rb5MvYT7ZIxbKW5hfcHx8
3,"Felices los 4",Maluma,155462,https://open.spotify.com/track/0qYTZCo5Bwh1nsUFGZP3zn
4,"Ahora Dice","Chris Jeday",140478,https://open.spotify.com/track/22eADXu8DfOAUEDw4vU8qy
5,"Shape of You","Ed Sheeran",136550,https://open.spotify.com/track/7qiZfU4dY1lWllzX7mPBI3
6,"Escápate Conmigo",Wisin,129082,https://open.spotify.com/track/2cnKEkpVUSV4wnjQiTWfH6
7,"Hey DJ",CNCO,110998,https://open.spotify.com/track/209gZgcfLq2aUuu51vOWBl
8,"Swalla (feat. Nicki Minaj & Ty Dolla $ign)","Jason Derulo",99566,https://open.spotify.com/track/6kex4EBAj0WHXDKZMEJaaF
9,"Despacito (Featuring Daddy Yankee)","Luis Fonsi",89055,https://open.spotify.com/track/4aWmUDTfIPGksMNLV2rQP2
10,"Otra Vez (feat. J Balvin)","Zion & Lennox",79914,https://open.spotify.com/track/3QwBODjSEzelZyVjxPOHdq
11,Báilame,Nacho,77950,https://open.spotify.com/track/7lRsNbdOGykkMAgsqs4R1C
12,"Sigo Extrañándote","J Balvin",75793,https://open.spotify.com/track/6qDF4wWL49CAVbgT7yuHl8
13,"I'm the One","DJ Khaled",74823,https://open.spotify.com/track/3DXncPQOG4VBw3QHh3S817
14,"La Rompe Corazones","Daddy Yankee",72832,https://open.spotify.com/track/4okba5wu9mMLXx79DXLKi3
15,"Tu Foto",Ozuna,69184,https://open.spotify.com/track/0Szp49tpFasIjX04Mcsydp
16,"Despacito - Remix","Luis Fonsi",69030,https://open.spotify.com/track/5CtI0qwDJkDQGwXD1H1cLb
17,"Reggaetón Lento (Bailemos)",CNCO,67401,https://open.spotify.com/track/3AEZUABDXNtecAOSC1qTfo
18,"El Amante","Nicky Jam",65911,https://open.spotify.com/track/3umS4y3uQDkqekNjVpiRUs
19,"Something Just Like This","The Chainsmokers",64633,https://open.spotify.com/track/6RUKPb4LETWmmr3iAEQktW
20,"Diles (feat. Arcangel, Nengo Flow, Dj Luian & Mambo Kings)",Farruko,63727,https://open.spotify.com/track/2FrnTVSHjgnEylKGdHRUK1
21,"SUBEME LA RADIO","Enrique Iglesias",62105,https://open.spotify.com/track/7nKBxz47S9SD79N086fuhn
22,"2U (feat. Justin Bieber)","David Guetta",57876,https://open.spotify.com/track/3A7qX2QjDlPnazUsRk5y0M
23,"Me Enamoré",Shakira,57073,https://open.spotify.com/track/4qknM1pQz53QOyfDVTjcM9
24,"Wild Thoughts","DJ Khaled",56767,https://open.spotify.com/track/1OAh8uOEOvTDqkKFsKksCi
25,Bonita,"J Balvin",56572,https://open.spotify.com/track/693iqPOQvhI7PobtR8CC8v
26,"Si Tu Novio Te Deja Sola","J Balvin",55992,https://open.spotify.com/track/0RFFFGtPn6a58RHY3ccVYX
27,"Sola (Remix) [feat. Daddy Yankee, Wisin, Farruko, Zion & Lennox]","Anuel Aa",55198,https://open.spotify.com/track/5q2JbCNi4FcnglgPfxcV65
28,"Rockabye (feat. Sean Paul & Anne-Marie)","Clean Bandit",54127,https://open.spotify.com/track/5knuzwU65gJK7IF5yJsuaW
29,Feels,"Calvin Harris",54028,https://open.spotify.com/track/5bcTCxgc7xVfSaMV3RuVke
30,"Soy Peor","Bad Bunny",53569,https://open.spotify.com/track/5MT96Zz0ymUJNm8obKZQr0
31,"There's Nothing Holdin' Me Back","Shawn Mendes",53269,https://open.spotify.com/track/79cuOz3SPQTuFrp8WgftAu
32,"That's What I Like","Bruno Mars",52282,https://open.spotify.com/track/0KKkJNfGyhkQ5aFogxQAPU
33,Perfect,"Ed Sheeran",51417,https://open.spotify.com/track/0tgVpDi06FyKpA1z0VMD4v
34,Attention,"Charlie Puth",50296,https://open.spotify.com/track/4iLqG9SeJSnt0cSPICSjxv
35,"Una Lady Como Tú","Manuel Turizo",50165,https://open.spotify.com/track/7MHN1aCFtLXjownGhvEQlF
36,Chillax,Farruko,49304,https://open.spotify.com/track/1lxswgIpzV6HhENRvkflES
37,Lumbra,"Cali Y El Dandee",49297,https://open.spotify.com/track/6VHdcVbiKLYYOcMbIqBcuK
38,Safari,"J Balvin",48934,https://open.spotify.com/track/6rQSrBHf7HlZjtcMZ4S4bO
39,"Hey Ma (with Pitbull & J Balvin feat. Camila Cabello) - Spanish Version",Pitbull,48522,https://open.spotify.com/track/2Vdub5mY4lad7w64bFPUez
40,Believer,"Imagine Dragons",47355,https://open.spotify.com/track/0CcQNd8CINkwQfe1RDtGV6
41,"Side To Side","Ariana Grande",45725,https://open.spotify.com/track/4pLwZjInHj3SimIyN9SnOz
42,Vacaciones,Wisin,45604,https://open.spotify.com/track/3dQDid3IUNhZy1OehIfYfE
43,"Sign of the Times","Harry Styles",45238,https://open.spotify.com/track/5Ohxk2dO5COHF1krpoPigN
44,"Alguien Robo","Sebastian Yatra",45204,https://open.spotify.com/track/5i50gKdLAjjIr7UxRT5IVy
45,"It Ain't Me (with Selena Gomez)",Kygo,44840,https://open.spotify.com/track/3eR23VReFzcdmS7TYCrhCe
46,"Deja vu","Prince Royce",44057,https://open.spotify.com/track/46HdsiK0uR26B2dY9QPzda
47,Traicionera,"Sebastian Yatra",43984,https://open.spotify.com/track/5J1c3M4EldCfNxXwrwt8mT
48,"Let Me Love You","DJ Snake",43120,https://open.spotify.com/track/4pdPtRcBmOSQDlJ3Fk945m
49,HUMBLE.,"Kendrick Lamar",42765,https://open.spotify.com/track/7KXjTSCq5nL1LoYtL7XAwS
50,Closer,"The Chainsmokers",42103,https://open.spotify.com/track/7BKLCZ1jbUBVqRi2FVlTVw
51,"Thinking Out Loud","Ed Sheeran",39929,https://open.spotify.com/track/1Slwb6dOYkBlWal1PGtnNg
52,"One Dance",Drake,39174,https://open.spotify.com/track/1xznGGDReH1oQq0xzbwXa3
53,"Me Llamas (feat. Maluma) - Remix","Piso 21",37498,https://open.spotify.com/track/5hEM0JchdVzQ5PwvSfITeX
54,"Dile Que Tu Me Quieres",Ozuna,36582,https://open.spotify.com/track/20ZAJdsKB5IGbGj4ilRt2o
55,"Si Tú La Ves","Nicky Jam",36039,https://open.spotify.com/track/4yN6xPLopmTLvc27pO9LIE
56,Photograph,"Ed Sheeran",35998,https://open.spotify.com/track/6fxVffaTuwjgEk5h9QyRjy
57,Chantaje,Shakira,35798,https://open.spotify.com/track/6mICuAdrwEjh6Y6lroV2Kg
58,"Te Quiero Pa´Mi","Don Omar",35681,https://open.spotify.com/track/3BY2mafsbsoKGqS380Xnuz
59,Besándote,"Piso 21",35268,https://open.spotify.com/track/13X0XdLMOdtbXVtAj2ox4h
60,Unforgettable,"French Montana",34663,https://open.spotify.com/track/3B54sVLJ402zGa6Xm4YGNe
61,"Andas En Mi Cabeza","Chino & Nacho",33680,https://open.spotify.com/track/5mey7CLLuFToM2P68Qu1gF
62,Malibu,"Miley Cyrus",33324,https://open.spotify.com/track/2habSXqcJGExM6JJyskY7O
63,"There for You","Martin Garrix",32163,https://open.spotify.com/track/6jA8HL9i4QGzsj6fjoxp8Y
64,"Ay Mi Dios",IAmChino,31880,https://open.spotify.com/track/6stYbAJgTszHAHZMPxWWCY
65,Thunder,"Imagine Dragons",31288,https://open.spotify.com/track/0tKcYR2II1VCQWT79i5NrW
66,"Scared to Be Lonely","Martin Garrix",31056,https://open.spotify.com/track/3ebXMykcMXOcLeJ9xZ17XH
67,"Soy Peor Remix (feat. J Balvin, Ozuna & Arcangel)","Bad Bunny",30720,https://open.spotify.com/track/4UG962ViiLqoUyx0RjCcwP
68,"Vente Pa' Ca","Ricky Martin",29736,https://open.spotify.com/track/7DM4BPaS7uofFul3ywMe46
69,"Bad Liar","Selena Gomez",29695,https://open.spotify.com/track/1sCxVKWImDZSZKvG0U9B23
70,Slide,"Calvin Harris",29478,https://open.spotify.com/track/7tr2za8SQg2CI8EDgrdtNl
71,"Into You","Ariana Grande",29413,https://open.spotify.com/track/7yHEDfrJNd0zWOfXwydNH0
72,"Stay (with Alessia Cara)",Zedd,29055,https://open.spotify.com/track/0dA2Mk56wEzDgegdC6R17g
73,"XO TOUR Llif3","Lil Uzi Vert",28652,https://open.spotify.com/track/2eMwDehkIC1j68U6FA3Eiq
74,"Crying in the Club","Camila Cabello",28449,https://open.spotify.com/track/1SJtlNRJDeYHioymcvsqev
75,"No Lie","Sean Paul",28405,https://open.spotify.com/track/3cFsmM51N5zMAuu1nNY4Tw
76,"We Don't Talk Anymore (feat. Selena Gomez)","Charlie Puth",28223,https://open.spotify.com/track/68EMU2RD1ECNeOeJ5qAXCV
77,"Qué Gano Olvidándote - Versión Urbana",Reik,28122,https://open.spotify.com/track/3H179O48ynsu9q8LOnFQZY
78,"Borro Cassette",Maluma,27888,https://open.spotify.com/track/6DUdDIRgLqCGq1DwkNWQTN
79,"Strip That Down","Liam Payne",27686,https://open.spotify.com/track/6EpRaXYhGOB3fj4V2uDkMJ
80,Fever,"Vybz Kartel",27541,https://open.spotify.com/track/4C1Smq2t3MVOPzsUPWW0oX
81,Passionfruit,Drake,27352,https://open.spotify.com/track/7hDc8b7IXETo14hHIHdnhd
82,"I Feel It Coming","The Weeknd",26936,https://open.spotify.com/track/5GXAXm5YOmYT0kL5jHvYBt
83,"Déjame te explico",Reykon,26886,https://open.spotify.com/track/7jzpAD8q77nwEmSsqUeUjy
84,"La Ocasion (feat. Arcangel, Ozuna & Anuel Aa)","De La Ghetto",26584,https://open.spotify.com/track/498YWgZPJWIA4lphXtCNma
85,"I Took A Pill In Ibiza - Seeb Remix","Mike Posner",26515,https://open.spotify.com/track/17Fd6Yb7mSbinKG8LoWfFl
86,"La Bicicleta","Carlos Vives",25997,https://open.spotify.com/track/0sXvAOmXgjR2QUqLK1MltU
87,"Treat You Better","Shawn Mendes",25899,https://open.spotify.com/track/4Hf7WnR761jpxPr5D46Bcd
88,Ride,"Twenty One Pilots",25694,https://open.spotify.com/track/2Z8WuEywRWYTKe1NybPQEW
89,"Sé Que Te Duele","Alejandro Fernandez",25548,https://open.spotify.com/track/5vZfgeDfNhlkKeJqjzSAmg
90,"Ahora Me Llama","Karol G",25479,https://open.spotify.com/track/61HHDBLqF3AmSvLfHKNGd2
91,"Cuatro Babys",Maluma,25003,https://open.spotify.com/track/0JoHqmlqE0W0i9prt6kcHR
92,"One Last Time","Ariana Grande",24871,https://open.spotify.com/track/7bJwvubZZaoGE1AGEfu8Fi
93,"Galway Girl","Ed Sheeran",24785,https://open.spotify.com/track/0afhq8XCExXpqazXczTSve
94,"I Don’t Wanna Live Forever (Fifty Shades Darker) - From ""Fifty Shades Darker (Original Motion Picture Soundtrack)""",ZAYN,24762,https://open.spotify.com/track/3NdDpSvN911VPGivFlV5d0
95,"In the Name of Love","Martin Garrix",24594,https://open.spotify.com/track/04DwTuZ2VBdJCCC5TROn7L
96,"Don't Let Me Down","The Chainsmokers",24372,https://open.spotify.com/track/0QsvXIfqM0zZoerQfsI9lm
97,"Swish Swish","Katy Perry",24085,https://open.spotify.com/track/2kVHAQKVtczchKctctzbtK
98,Mama,"Jonas Blue",24081,https://open.spotify.com/track/0NiXXAI876aGImAd6rTj8w
99,"Tu No Vive Asi (feat. Mambo Kingz & DJ Luian)",Arcangel,24072,https://open.spotify.com/track/6NSMQFKgjpQb0KkjMDYIK0
100,Faded,"Alan Walker",24052,https://open.spotify.com/track/7gHs73wELdeycvS48JfIos
101,"Symphony (feat. Zara Larsson)","Clean Bandit",23891,https://open.spotify.com/track/1x5sYLZiu9r5E43kMlt9f8
102,Congratulations,"Post Malone",23870,https://open.spotify.com/track/3a1lNhkSLSkpJE4MSHpDu9
103,"Qué Me Has Hecho",Chayanne,23778,https://open.spotify.com/track/3nUNwSYEUv9bmUc3de0Owv
104,"The Scientist",Coldplay,23339,https://open.spotify.com/track/75JFxkI2RXiU7L9VXzMkle
105,"Ya Me Enteré (feat. Nicky Jam) - Urban Version",Reik,23333,https://open.spotify.com/track/2SSYqDX8KTgy01NlqtUo0F
106,Signs,Drake,23310,https://open.spotify.com/track/5EnYT6F7wEcdege6mDHEfO
107,"Dangerous Woman","Ariana Grande",23122,https://open.spotify.com/track/2h1IPjP471JJRSShTHRUhi
108,"Drop It",Eshconinco,23029,https://open.spotify.com/track/5oiI4g2TR6RrynKbyVqV8w
109,Everyday,"Ariana Grande",22812,https://open.spotify.com/track/3FiE2d325mIOc4YjkSLVJR
110,"Me Mata","Bad Bunny",22723,https://open.spotify.com/track/2wgDAPgBhFA7pnIbm0YOhP
111,"Me Acostumbre (feat. Bad Bunny)",Arcangel,22718,https://open.spotify.com/track/2FIm6YsSGL5acOqSuJDh5s
112,"24K Magic","Bruno Mars",22628,https://open.spotify.com/track/6b8Be6ljOzmkOmFslEb23P
113,"Bruk It Dung",Eshconinco,22583,https://open.spotify.com/track/7dxGZfWqbwSMxfNuNZR6TD
114,"Bon appétit","Katy Perry",22421,https://open.spotify.com/track/61WbtB6ujkpNAsAf5LjF4b
115,"Me Ama Me Odia",Ozuna,22401,https://open.spotify.com/track/6041gM9Th1ViQcnzkIxnuv
116,"All of Me","John Legend",22232,https://open.spotify.com/track/2q6tgiA9tpb6DMguABwCWE
117,"Mask Off",Future,22207,https://open.spotify.com/track/3rOSwuTsUlJp0Pu0MkN8r8
118,"Stressed Out","Twenty One Pilots",22180,https://open.spotify.com/track/3CRDbSIZ4r5MsZ0YwxuEkn
119,"0 Sentimientos (Remix) [feat. Noriel, Darkiel, Lyan, Messiah & Baby Rasta]",Jonz,22068,https://open.spotify.com/track/4COGASZEbAxmH6k5gYMo6G
120,"Cold Water (feat. Justin Bieber & MØ)","Major Lazer",21910,https://open.spotify.com/track/6DNtNfH8hXkqOX1sjqmI7p
121,Imitadora,"Romeo Santos",21560,https://open.spotify.com/track/19CAKZdXVNyZrfmF60RAj3
122,"Don't Wanna Know","Maroon 5",21550,https://open.spotify.com/track/5MFzQMkrl1FOOng9tq6R9r
123,"Say You Won't Let Go","James Arthur",21468,https://open.spotify.com/track/5uCax9HTNlzGybIStD3vDh
124,"Ando buscando","Carlos Baute",21379,https://open.spotify.com/track/7BwJtE8KSbCQKOCTIAY3jX
125,"Love Yourself","Justin Bieber",21230,https://open.spotify.com/track/3hB5DgAiMAQ4DzYbsMq1IT
126,"Bailame Despacio",Xantos,21204,https://open.spotify.com/track/4OaTpLJIa2harufGxfOPUu
127,Starboy,"The Weeknd",21158,https://open.spotify.com/track/5aAx2yezTd8zXrkmtKl66Z
128,Dive,"Ed Sheeran",21008,https://open.spotify.com/track/51ChrwmUPDJvedPQnIU8Ls
129,Happier,"Ed Sheeran",20983,https://open.spotify.com/track/2RttW7RAu5nOAfq6YFvApB
130,"La Última Vez","Anuel Aa",20945,https://open.spotify.com/track/4J1e3hbf0e5YUZjkxyJWD3
131,"Destino o Casualidad",Melendi,20770,https://open.spotify.com/track/02IJFWVjLSM811RsySQusA
132,"First Time",Kygo,20470,https://open.spotify.com/track/2Gl0FzuLxflY6nPifJp5Dr
133,"No Promises (feat. Demi Lovato)","Cheat Codes",20457,https://open.spotify.com/track/1louJpMmzEicAn7lzDalPW
134,"Gyal You A Party Animal","Charly Black",20450,https://open.spotify.com/track/1mSzZKMIPZIkn3jFV7v62b
135,Cold,"Maroon 5",20445,https://open.spotify.com/track/5NNlUMcOEOdoOIwwaWXv0k
136,"Loca (feat. Cali Y El Dandee)","Maite Perroni",20366,https://open.spotify.com/track/05ZXXyeZFhZtA6DAP3Aw7x
137,Paris,"The Chainsmokers",20304,https://open.spotify.com/track/72jbDTw1piOOj770jWNeaG
138,"Cheap Thrills",Sia,20260,https://open.spotify.com/track/27SdWb2rFzO6GWiYDBTD9j
139,"Know No Better (feat. Quavo)","Major Lazer",20211,https://open.spotify.com/track/3Ytr1SUCUi6J3L9dRFx5iH
140,"Castle on the Hill","Ed Sheeran",20166,https://open.spotify.com/track/6PCUP3dWmTjcTtXY02oFdT
141,"Bruk Off Yuh Back",Konshens,19442,https://open.spotify.com/track/30mNHDOw7qD5SF8tBeuPpu
142,"No Te Hagas","Jory Boy",19348,https://open.spotify.com/track/5hKjEpYrJIJs6uPl7zw6Y6
143,"Caile (feat. Zion & De La Ghetto)",Revol,19305,https://open.spotify.com/track/626rYyBfeAeleh1F5t4B70
144,"More Than You Know","Axwell /\ Ingrosso",19302,https://open.spotify.com/track/4q8PHoRsPUB52LFylX8Ulz
145,"Tan Fácil",CNCO,19009,https://open.spotify.com/track/1TxgZRcy3kZ7JaEp88MDbC
146,"Hasta el Amanecer","Nicky Jam",18981,https://open.spotify.com/track/5Fim1gaXBgsiFfsQAfQSDS
147,"La Gozadera","Gente De Zona",18536,https://open.spotify.com/track/0OMRAvrtLWE2TvcXorRiB9
148,"Let Her Go",Passenger,18372,https://open.spotify.com/track/2jyjhRf6DVbMPU5zxagN2h
149,Privado,Rvssian,18363,https://open.spotify.com/track/11zRKpjEZwmcBBBGzB4pMn
150,"My Way","Calvin Harris",18301,https://open.spotify.com/track/1vvNmPOiUuyCbgWmtc6yfm
151,Quisiera,CNCO,18096,https://open.spotify.com/track/4iPV0gcc8keTFl6qxqP73M
152,"Por Fin Te Encontré","Cali Y El Dandee",17930,https://open.spotify.com/track/3GpvoKKWZyTwgbLEM9RmWM
153,"Counting Stars",OneRepublic,17904,https://open.spotify.com/track/5edBgVtRD0fvWk140Sl21T
154,Mercy,"Shawn Mendes",17853,https://open.spotify.com/track/4TZy1wLyHec06pwgFYDh1a
155,"7 Years","Lukas Graham",17851,https://open.spotify.com/track/7129iqBafaphfc3WPCGC0L
156,Princesa,"Río Roma",17677,https://open.spotify.com/track/0N4jis8aNOjiIfkBl4mGje
157,"A Thousand Years","Christina Perri",17505,https://open.spotify.com/track/6lanRgr6wXibZr8KgzXxBl
158,"Cake By The Ocean",DNCE,17488,https://open.spotify.com/track/2aFiaMXmWsM3Vj72F9ksBl
159,"Ni Tú Ni Yo","Jennifer Lopez",17401,https://open.spotify.com/track/5xMzazov0IHYllrc8U2K6F
160,Sugar,"Maroon 5",17269,https://open.spotify.com/track/494OU6M7NOf4ICYb4zWCf5
161,"This Is What You Came For","Calvin Harris",17256,https://open.spotify.com/track/0azC730Exh71aQlOt9Zj3y
162,"El Amante - Remix","Nicky Jam",17162,https://open.spotify.com/track/04f13iELcsYpY2yeLiAcfq
163,Heathens,"Twenty One Pilots",17113,https://open.spotify.com/track/6i0V12jOa3mr6uu4WYhUBr
164,"Chained To The Rhythm","Katy Perry",17054,https://open.spotify.com/track/6520aj0B4FSKGVuKNsOCOi
165,"Sorry Not Sorry","Demi Lovato",17020,https://open.spotify.com/track/25C5CowdsfXld2jJanbiex
166,Sorry,"Justin Bieber",17016,https://open.spotify.com/track/69bp2EbF7Q2rqc5N3ylezZ
167,Ilegal,"Cultura Profética",16895,https://open.spotify.com/track/2om3P5fecPpTjUJZfbFmZF
168,"Sweet Child O' Mine","Guns N' Roses",16893,https://open.spotify.com/track/7o2CTH4ctstm8TNelqjb51
169,Praying,Kesha,16870,https://open.spotify.com/track/79NlESqzFSW0hdBWgls4FX
170,"Slow Hands","Niall Horan",16751,https://open.spotify.com/track/167NczpNbRF7oWakJaY3Hh
171,DNA.,"Kendrick Lamar",16733,https://open.spotify.com/track/6HZILIRieu8S0iqY8kIKhj
172,"Lean On (feat. MØ & DJ Snake)","Major Lazer",16639,https://open.spotify.com/track/4WjH9Bzt3kx7z8kl0awxh4
173,"Mi Tesoro (feat. Nicky Jam)","Zion & Lennox",16603,https://open.spotify.com/track/5HABnFSYvl6mTmg8nSdzHa
174,"Be Alright","Ariana Grande",16554,https://open.spotify.com/track/3tRFqxTYOjeTmCiVaGDCsq
175,"Million Reasons","Lady Gaga",16448,https://open.spotify.com/track/50PWlIBU7PlGGwzgN8TiFJ
176,"Ya Me Enteré",Reik,16373,https://open.spotify.com/track/0lPXFrKyl8HkdQ2E6NmNja
177,Work,Rihanna,16324,https://open.spotify.com/track/14WWzenpaEgQZlqPq2nk4v
178,"Flor Pálida","Marc Anthony",16285,https://open.spotify.com/track/47TyfLrGhYHHyyQWk64d0M
179,Stitches,"Shawn Mendes",16263,https://open.spotify.com/track/1WP1r7fuvRqZRnUaTi2I1Q
180,"Shaky Shaky","Daddy Yankee",16194,https://open.spotify.com/track/58IL315gMSTD37DOZPJ2hf
181,"Bohemian Rhapsody - Remastered 2011",Queen,16174,https://open.spotify.com/track/1AhDOtG9vPSOmsWgNW0BEY
182,"Kung Fu",Dasoul,16172,https://open.spotify.com/track/0B6GRS3vGtzu6w5BQXqWMq
183,"When I Was Your Man","Bruno Mars",16160,https://open.spotify.com/track/0B7wvvmu9EISAwZnOpjhNI
184,Caraluna,Bacilos,16149,https://open.spotify.com/track/7DhYjNLksXZhbRQeheAums
185,"Cheap Thrills",Sia,16130,https://open.spotify.com/track/378iszndTZAR4dH8kwsLC6
186,"Al Filo de Tu Amor","Carlos Vives",16096,https://open.spotify.com/track/77a9893yxuz36cBUmBzA8E
187,"Bebe (feat. Anuel AA)",Ozuna,16028,https://open.spotify.com/track/6SIrNxmmdbv1KUbFBu1PaN
188,"Feel Something","Fátima Pinto",15881,https://open.spotify.com/track/0BIHTu5MBTa73q5MsTwfIQ
189,Rollin,"Calvin Harris",15830,https://open.spotify.com/track/0lMbuWUpfTWhEmOKxppEau
190,"Diabla - Official Remix",Farruko,15788,https://open.spotify.com/track/2OxUtaKYeahAGNaBiahXtR
191,"Gyal You A Party Animal - Remix","Charly Black",15685,https://open.spotify.com/track/1AkTW13ysu0AJrwuM6UY0I
192,"Perfect Strangers","Jonas Blue",15641,https://open.spotify.com/track/5bZtRlMBU76vHuDOb1GM5u
193,"En La Intimidad",Ozuna,15514,https://open.spotify.com/track/0QetVR4wwvyiTezQeFNdeZ
194,"Héroe Favorito","Romeo Santos",15456,https://open.spotify.com/track/6RFJxVj9tL0Xrd3Jve4Vo4
195,"Stay With Me","Sam Smith",15420,https://open.spotify.com/track/5Db9VIdDsN5yu3Eu7CT0i4
196,"Caminar de Tu Mano","Río Roma",15318,https://open.spotify.com/track/7cCRlUf8ayOJtTlWN7g8Ni
197,"A Ella","Karol G",15129,https://open.spotify.com/track/3nqrj9bM1clIkejk7BVPtX
198,Hello,Adele,15058,https://open.spotify.com/track/4sPmO7WMQUAf45kwMOtONw
199,"Pa Ti","Bad Bunny",15056,https://open.spotify.com/track/17nOaHsTn06jxuU9NpHuFU
200,"Un Polvo",Maluma,14969,https://open.spotify.com/track/01vHGJRvJ6EZW9KO8NtZpi
