Position,"Track Name",Artist,Streams,URL
1,"Reggaetón Lento (Bailemos)",CNCO,124525,https://open.spotify.com/track/3AEZUABDXNtecAOSC1qTfo
2,"Otra Vez (feat. J Balvin)","Zion & Lennox",120396,https://open.spotify.com/track/3QwBODjSEzelZyVjxPOHdq
3,Chantaje,Shakira,109266,https://open.spotify.com/track/6mICuAdrwEjh6Y6lroV2Kg
4,Safari,"J Balvin",104336,https://open.spotify.com/track/6rQSrBHf7HlZjtcMZ4S4bO
5,"Let Me Love You","DJ Snake",98634,https://open.spotify.com/track/4pdPtRcBmOSQDlJ3Fk945m
6,Closer,"The Chainsmokers",95043,https://open.spotify.com/track/7BKLCZ1jbUBVqRi2FVlTVw
7,"One Dance",Drake,82867,https://open.spotify.com/track/1xznGGDReH1oQq0xzbwXa3
8,Chillax,Farruko,77422,https://open.spotify.com/track/1lxswgIpzV6HhENRvkflES
9,"Vente Pa' Ca","Ricky Martin",76208,https://open.spotify.com/track/7DM4BPaS7uofFul3ywMe46
10,Starboy,"The Weeknd",74311,https://open.spotify.com/track/5aAx2yezTd8zXrkmtKl66Z
11,"La Bicicleta","Carlos Vives",72637,https://open.spotify.com/track/0sXvAOmXgjR2QUqLK1MltU
12,"24K Magic","Bruno Mars",68045,https://open.spotify.com/track/6b8Be6ljOzmkOmFslEb23P
13,Traicionera,"Sebastian Yatra",66689,https://open.spotify.com/track/5J1c3M4EldCfNxXwrwt8mT
14,"Cold Water (feat. Justin Bieber & MØ)","Major Lazer",65505,https://open.spotify.com/track/6DNtNfH8hXkqOX1sjqmI7p
15,"In the Name of Love","Martin Garrix",61376,https://open.spotify.com/track/04DwTuZ2VBdJCCC5TROn7L
16,"The Greatest",Sia,61261,https://open.spotify.com/track/6bLopGnirdrilrpdVB6Um1
17,"Don't Wanna Know","Maroon 5",60958,https://open.spotify.com/track/5MFzQMkrl1FOOng9tq6R9r
18,"Don't Let Me Down","The Chainsmokers",59124,https://open.spotify.com/track/0QsvXIfqM0zZoerQfsI9lm
19,"Shaky Shaky","Daddy Yankee",54982,https://open.spotify.com/track/58IL315gMSTD37DOZPJ2hf
20,"Side To Side","Ariana Grande",54515,https://open.spotify.com/track/4pLwZjInHj3SimIyN9SnOz
21,"Treat You Better","Shawn Mendes",54465,https://open.spotify.com/track/4Hf7WnR761jpxPr5D46Bcd
22,Fever,"Vybz Kartel",53711,https://open.spotify.com/track/4C1Smq2t3MVOPzsUPWW0oX
23,"I Took A Pill In Ibiza - Seeb Remix","Mike Posner",53447,https://open.spotify.com/track/17Fd6Yb7mSbinKG8LoWfFl
24,"My Way","Calvin Harris",53431,https://open.spotify.com/track/1vvNmPOiUuyCbgWmtc6yfm
25,"Andas En Mi Cabeza","Chino & Nacho",50523,https://open.spotify.com/track/5mey7CLLuFToM2P68Qu1gF
26,Ride,"Twenty One Pilots",50279,https://open.spotify.com/track/2Z8WuEywRWYTKe1NybPQEW
27,"Ay Mi Dios",IAmChino,49127,https://open.spotify.com/track/6stYbAJgTszHAHZMPxWWCY
28,"Borro Cassette",Maluma,48399,https://open.spotify.com/track/6DUdDIRgLqCGq1DwkNWQTN
29,Heathens,"Twenty One Pilots",48144,https://open.spotify.com/track/6i0V12jOa3mr6uu4WYhUBr
30,"Cheap Thrills",Sia,47721,https://open.spotify.com/track/27SdWb2rFzO6GWiYDBTD9j
31,"Pa Que Me Invitan - Spanglish Version",Jencarlos,47253,https://open.spotify.com/track/2VRssqds7rRNb4eaG9FaY8
32,"Cuatro Babys",Maluma,46523,https://open.spotify.com/track/0JoHqmlqE0W0i9prt6kcHR
33,"Rockabye (feat. Sean Paul & Anne-Marie)","Clean Bandit",46500,https://open.spotify.com/track/5knuzwU65gJK7IF5yJsuaW
34,"Black Beatles","Rae Sremmurd",45019,https://open.spotify.com/track/6fujklziTHa8uoM5OQSfIo
35,"Gyal You A Party Animal","Charly Black",44261,https://open.spotify.com/track/1mSzZKMIPZIkn3jFV7v62b
36,"Ya Me Enteré (feat. Nicky Jam) - Urban Version",Reik,42235,https://open.spotify.com/track/2SSYqDX8KTgy01NlqtUo0F
37,"Cake By The Ocean",DNCE,41700,https://open.spotify.com/track/2aFiaMXmWsM3Vj72F9ksBl
38,"DUELE EL CORAZON","Enrique Iglesias",40927,https://open.spotify.com/track/6YZdkObH88npeKrrkb8Ggf
39,"Stressed Out","Twenty One Pilots",40758,https://open.spotify.com/track/3CRDbSIZ4r5MsZ0YwxuEkn
40,"We Don't Talk Anymore (feat. Selena Gomez)","Charlie Puth",40185,https://open.spotify.com/track/68EMU2RD1ECNeOeJ5qAXCV
41,"This Is What You Came For","Calvin Harris",39341,https://open.spotify.com/track/0azC730Exh71aQlOt9Zj3y
42,Work,Rihanna,38916,https://open.spotify.com/track/14WWzenpaEgQZlqPq2nk4v
43,"Cheap Thrills",Sia,38586,https://open.spotify.com/track/378iszndTZAR4dH8kwsLC6
44,Bobo,"J Balvin",38283,https://open.spotify.com/track/7AtlMCIauSQZqiXSlbBPW6
45,"CAN'T STOP THE FEELING! (Original Song from DreamWorks Animation's ""TROLLS"")","Justin Timberlake",37426,https://open.spotify.com/track/6JV2JOEocMgcZxYSZelKcc
46,"La Gozadera","Gente De Zona",35211,https://open.spotify.com/track/0OMRAvrtLWE2TvcXorRiB9
47,Panda,Desiigner,33970,https://open.spotify.com/track/5OOkp4U9P9oL23maHFHL1h
48,"Desde Esa Noche",Thalía,33298,https://open.spotify.com/track/1pWYnQIlqxTh5bxuPmTG4E
49,"Hasta el Amanecer","Nicky Jam",32830,https://open.spotify.com/track/5Fim1gaXBgsiFfsQAfQSDS
50,Vacaciones,Wisin,32683,https://open.spotify.com/track/3dQDid3IUNhZy1OehIfYfE
51,LUV,"Tory Lanez",28696,https://open.spotify.com/track/16Ah4QqH4mgYVXqfC4mdSd
52,"Thinking Out Loud","Ed Sheeran",28279,https://open.spotify.com/track/1Slwb6dOYkBlWal1PGtnNg
53,"I Don’t Wanna Live Forever (Fifty Shades Darker) - From ""Fifty Shades Darker (Original Motion Picture Soundtrack)""",ZAYN,27727,https://open.spotify.com/track/3NdDpSvN911VPGivFlV5d0
54,"I Feel It Coming","The Weeknd",27400,https://open.spotify.com/track/5GXAXm5YOmYT0kL5jHvYBt
55,Sorry,"Justin Bieber",26749,https://open.spotify.com/track/69bp2EbF7Q2rqc5N3ylezZ
56,Faded,"Alan Walker",26238,https://open.spotify.com/track/7gHs73wELdeycvS48JfIos
57,Mercy,"Shawn Mendes",25259,https://open.spotify.com/track/4TZy1wLyHec06pwgFYDh1a
58,"Love Yourself","Justin Bieber",25013,https://open.spotify.com/track/3hB5DgAiMAQ4DzYbsMq1IT
59,"Work from Home","Fifth Harmony",24932,https://open.spotify.com/track/4tCtwWceOPWzenK2HAIJSb
60,"All We Know","The Chainsmokers",24267,https://open.spotify.com/track/2rizacJSyD9S1IQUxUxnsK
61,"Just Hold On","Steve Aoki",23970,https://open.spotify.com/track/3EmmCZoqpWOTY1g2GBwJoR
62,"Fake Love",Drake,23897,https://open.spotify.com/track/343YBumqHu19cGoGARUTsd
63,"Lean On (feat. MØ & DJ Snake)","Major Lazer",23521,https://open.spotify.com/track/4WjH9Bzt3kx7z8kl0awxh4
64,"La Ocasion (feat. Arcangel, Ozuna & Anuel Aa)","De La Ghetto",23477,https://open.spotify.com/track/498YWgZPJWIA4lphXtCNma
65,"Bailame Despacio",Xantos,23295,https://open.spotify.com/track/4OaTpLJIa2harufGxfOPUu
66,Middle,"DJ Snake",23177,https://open.spotify.com/track/4OZEu0Vwq0RB2LAq14v99n
67,Fuego,Juanes,22661,https://open.spotify.com/track/0mwPE0lPOgnWf2bo14xedJ
68,"Too Good",Drake,22393,https://open.spotify.com/track/11KJSRSgaDxqydKYiD2Jew
69,"Gyal You A Party Animal - Remix","Charly Black",22336,https://open.spotify.com/track/1AkTW13ysu0AJrwuM6UY0I
70,"7 Years","Lukas Graham",22318,https://open.spotify.com/track/7129iqBafaphfc3WPCGC0L
71,"Perfect Strangers","Jonas Blue",22276,https://open.spotify.com/track/5bZtRlMBU76vHuDOb1GM5u
72,"Bruk Off Yuh Back",Konshens,22079,https://open.spotify.com/track/30mNHDOw7qD5SF8tBeuPpu
73,"El Chisme",Reykon,21832,https://open.spotify.com/track/4VXejnj5WgM6H72ct2fSgQ
74,Photograph,"Ed Sheeran",21798,https://open.spotify.com/track/6fxVffaTuwjgEk5h9QyRjy
75,"Deja Que Te Bese","Alejandro Sanz",21763,https://open.spotify.com/track/0s6yB0ZFl1LvYHAnGhXFga
76,"Hymn For The Weekend - Seeb Remix",Coldplay,21717,https://open.spotify.com/track/1OAiWI2oPmglaOiv9fdioU
77,Sugar,"Maroon 5",21527,https://open.spotify.com/track/494OU6M7NOf4ICYb4zWCf5
78,Bajito,Jencarlos,21419,https://open.spotify.com/track/2q5VkfuJpCHJiFkMqNsenl
79,"Love Yuh Everything",Alkaline,20967,https://open.spotify.com/track/1HXM2hwghFTsbOA54isSP2
80,"Ya Me Enteré",Reik,20962,https://open.spotify.com/track/0lPXFrKyl8HkdQ2E6NmNja
81,"Send My Love (To Your New Lover)",Adele,20802,https://open.spotify.com/track/4BHzQ9C00ceJxfG16AlNWb
82,"Por Fin Te Encontré","Cali Y El Dandee",20717,https://open.spotify.com/track/3GpvoKKWZyTwgbLEM9RmWM
83,"Me Llamas (feat. Maluma) - Remix","Piso 21",20699,https://open.spotify.com/track/5hEM0JchdVzQ5PwvSfITeX
84,Starving,"Hailee Steinfeld",20591,https://open.spotify.com/track/1qOLh0tI7trd1zdDKxYZTe
85,"All I Want for Christmas Is You","Mariah Carey",20247,https://open.spotify.com/track/0bYg9bo50gSsH3LtXe2SQn
86,Ginza,"J Balvin",20110,https://open.spotify.com/track/5N8nNuTmIzkZOfcxXlygUw
87,"Bicycle Ride","Vybz Kartel",20031,https://open.spotify.com/track/5ITqNeFxofIOAzCYoc1xQq
88,Controlla,Drake,20005,https://open.spotify.com/track/6F609ICg9Spjrw1epsAnpa
89,Stitches,"Shawn Mendes",19891,https://open.spotify.com/track/1WP1r7fuvRqZRnUaTi2I1Q
90,"Flor Pálida","Marc Anthony",19889,https://open.spotify.com/track/47TyfLrGhYHHyyQWk64d0M
91,"This Girl (Kungs Vs. Cookin' On 3 Burners) - Kungs Vs. Cookin' On 3 Burners",Kungs,19881,https://open.spotify.com/track/0tICYNayWWhH9GPeFrfjfD
92,"Baila Conmigo","Juan Magán",19757,https://open.spotify.com/track/772io14jrMTxGJbijtDccQ
93,"Sucker For Pain (with Wiz Khalifa, Imagine Dragons, Logic & Ty Dolla $ign feat. X Ambassadors)","Lil Wayne",19627,https://open.spotify.com/track/4dASQiO1Eoo3RJvt74FtXB
94,"Bruk It Dung",Eshconinco,19343,https://open.spotify.com/track/7dxGZfWqbwSMxfNuNZR6TD
95,"Say You Won't Let Go","James Arthur",19239,https://open.spotify.com/track/5uCax9HTNlzGybIStD3vDh
96,"Into You","Ariana Grande",19012,https://open.spotify.com/track/7yHEDfrJNd0zWOfXwydNH0
97,"De Pies a Cabeza",Maná,18949,https://open.spotify.com/track/2CkHE54EH44Qj945ynQRw7
98,Hello,Adele,18942,https://open.spotify.com/track/4sPmO7WMQUAf45kwMOtONw
99,Trumpets,"Sak Noel & Salvi",18661,https://open.spotify.com/track/5dH7o4TP3HYLvCjo4QAhhv
100,"Dile Que Tu Me Quieres",Ozuna,18581,https://open.spotify.com/track/20ZAJdsKB5IGbGj4ilRt2o
101,"Te Quiero Pa´Mi","Don Omar",18473,https://open.spotify.com/track/3BY2mafsbsoKGqS380Xnuz
102,"Hotline Bling",Drake,18241,https://open.spotify.com/track/2FBUoWkIuQXwayw2RNo5l6
103,Obsesionado,Farruko,18237,https://open.spotify.com/track/5Jt4zdXTd9y1zxihiNYQI1
104,"What Do You Mean?","Justin Bieber",18196,https://open.spotify.com/track/3pzjHKrQSvXGHQ98dx18HI
105,Chandelier,Sia,18164,https://open.spotify.com/track/4VrWlk8IQxevMvERoX08iC
106,"El Perdedor",Maluma,18076,https://open.spotify.com/track/1iEwyiSLAunPR6uouANE0O
107,"Vivir Mi Vida","Marc Anthony",18069,https://open.spotify.com/track/3QHMxEOAGD51PDlbFPHLyJ
108,"Fast Car","Jonas Blue",18008,https://open.spotify.com/track/6OZh916QF8XNunWaP97WEZ
109,"Adventure Of A Lifetime",Coldplay,17516,https://open.spotify.com/track/69uxyAqqPIsUyTO8txoP2M
110,"No Money",Galantis,17382,https://open.spotify.com/track/0gb1J5UrTpzaU1s3nupgCd
111,"Bailando - Spanish Version","Enrique Iglesias",16931,https://open.spotify.com/track/32lm3769IRfcnrQV11LO4E
112,"The Scientist",Coldplay,16850,https://open.spotify.com/track/75JFxkI2RXiU7L9VXzMkle
113,"Call On Me - Ryan Riback Extended Remix",Starley,16843,https://open.spotify.com/track/78rIJddV4X0HkNAInEcYde
114,"Sweet Child O' Mine","Guns N' Roses",16839,https://open.spotify.com/track/7o2CTH4ctstm8TNelqjb51
115,Encantadora,Yandel,16756,https://open.spotify.com/track/7LABrQFfRYcZUqUwng0Heb
116,Unapologetic,"Tanya Stephens",16674,https://open.spotify.com/track/4PymlxptfDiofHNvixDiRj
117,"El Perdón","Nicky Jam",16567,https://open.spotify.com/track/7qCAVkHWZkF44OzOUKf8Cr
118,Dueles,"Jesse & Joy",16521,https://open.spotify.com/track/1iRvhKiXRElIH2Uf4gd95P
119,"Quiero Que Vuelvas","Alejandro Fernandez",16492,https://open.spotify.com/track/2Zw7rSucHm0MIph9gmNiSn
120,"My Dream",Nesbeth,16216,https://open.spotify.com/track/2E9WGQ8JcVF3FMHlqCuzLa
121,"Encantadora - Remix",Yandel,16070,https://open.spotify.com/track/0EpFfFZpCuqYFzHvxOtrZS
122,"Hymn For The Weekend",Coldplay,16042,https://open.spotify.com/track/3RiPr603aXAoi4GHyXx0uy
123,"Counting Stars",OneRepublic,15887,https://open.spotify.com/track/5edBgVtRD0fvWk140Sl21T
124,Guapa,MAYKEL,15788,https://open.spotify.com/track/2TFk6az4XvctrRVDHKlhE1
125,"Time of Our Lives",Pitbull,15655,https://open.spotify.com/track/2bJvI42r8EF3wxjOuDav4r
126,"6 AM (Remix)","Enzo Ortiz",15655,https://open.spotify.com/track/3WHqVVRvPDWz033iPs04md
127,"Propuesta Indecente","Romeo Santos",15453,https://open.spotify.com/track/5PycBIeabfvX3n9ILG7Vrv
128,"Million Reasons","Lady Gaga",15268,https://open.spotify.com/track/50PWlIBU7PlGGwzgN8TiFJ
129,"Hasta Que Se Seque el Malecón - Remix","Jacob Forever",15239,https://open.spotify.com/track/6sMPwcpYtxm1mlgYbp1B0t
130,"El Perdedor - The Remix",Maluma,15106,https://open.spotify.com/track/4QsPTKvdpgkA7mBAvclZTa
131,"Tu Amor Me Hace Bien - Salsa Version","Marc Anthony",15096,https://open.spotify.com/track/12H7K15h3aC5vRCaca65el
132,Sofia,"Alvaro Soler",15081,https://open.spotify.com/track/1VoHrSS3QQ6TbpabLrFiYb
133,"Let Her Go",Passenger,15077,https://open.spotify.com/track/2jyjhRf6DVbMPU5zxagN2h
134,"Can't Feel My Face","The Weeknd",15042,https://open.spotify.com/track/6RsWqX8zABZLhZydXxEFOm
135,"Sin Contrato",Maluma,14993,https://open.spotify.com/track/09S64DUkxIX9EwIaULu6yN
136,"Tan Fácil",CNCO,14983,https://open.spotify.com/track/1TxgZRcy3kZ7JaEp88MDbC
137,"Cheerleader - Felix Jaehn Remix Radio Edit",OMI,14925,https://open.spotify.com/track/7vFoFDWqTX0mHzLfrF1Cfy
138,"All of Me","John Legend",14756,https://open.spotify.com/track/2q6tgiA9tpb6DMguABwCWE
139,Ilegal,"Cultura Profética",14637,https://open.spotify.com/track/2K2YkSn2utzsRntEClbyB8
140,"By Your Side","Jonas Blue",14498,https://open.spotify.com/track/1D3ODoXHBLpdxolZRHWV1j
141,"Bohemian Rhapsody - Remastered 2011",Queen,14413,https://open.spotify.com/track/1AhDOtG9vPSOmsWgNW0BEY
142,"Lush Life","Zara Larsson",14413,https://open.spotify.com/track/1rIKgCH4H52lrvDcz50hS8
143,"Juju On That Beat (TZ Anthem)","Zay Hilfigerrr",14392,https://open.spotify.com/track/1lItf5ZXJc1by9SbPeljFd
144,Rude,MAGIC!,14236,https://open.spotify.com/track/6RtPijgfPKROxEzTHNRiDp
145,"Bad Things (with Camila Cabello)","Machine Gun Kelly",14225,https://open.spotify.com/track/1PSBzsahR2AKwLJgx8ehBj
146,Quisiera,CNCO,13928,https://open.spotify.com/track/4iPV0gcc8keTFl6qxqP73M
147,Sex,"Cheat Codes",13922,https://open.spotify.com/track/5DA77EqppDmCTWGovd4oTP
148,Roses,"The Chainsmokers",13814,https://open.spotify.com/track/6O6M7pJLABmfBRoGZMu76Y
149,"Let Me Hold You (Turn Me On)","Dante Klein",13628,https://open.spotify.com/track/0lmdsH1MIoLsMymnNpd6HU
150,PILLOWTALK,ZAYN,13529,https://open.spotify.com/track/0PDUDa38GO8lMxLCRc4lL1
151,"Uptown Funk","Mark Ronson",13520,https://open.spotify.com/track/32OlwWuMpZ6b0aN2RZOeMS
152,"Final Song",MØ,13412,https://open.spotify.com/track/4qqArAiTPueDxIp7cf87h7
153,Picky,"Joey Montana",13343,https://open.spotify.com/track/4tPL9PeVZY4c0jUPtSD5nx
154,"Me, Myself & I",G-Eazy,13293,https://open.spotify.com/track/40YcuQysJ0KlGQTeGUosTC
155,"La Carretera","Prince Royce",13192,https://open.spotify.com/track/2yvjjJrWzVzA2zg4VsoEmo
156,"Broccoli (feat. Lil Yachty)",DRAM,13175,https://open.spotify.com/track/7yyRTcZmCiyzzJlNzGC9Ol
157,"Que Raro",Feid,13174,https://open.spotify.com/track/3kg9JvQe6QJFKUQCN1oIQz
158,"Stay With Me","Sam Smith",13063,https://open.spotify.com/track/5Db9VIdDsN5yu3Eu7CT0i4
159,Sunset,Farruko,13045,https://open.spotify.com/track/2yDaWqECegHdiFOuez5gdO
160,"The Mack",Nevada,12995,https://open.spotify.com/track/7aV2mflaASUmGhCErm7kBO
161,"Needed Me",Rihanna,12934,https://open.spotify.com/track/1Tt4sE4pXi57mTD1GCzsqm
162,Alone,"Alan Walker",12901,https://open.spotify.com/track/0JiVRyTJcJnmlwCZ854K4p
163,"Valió la Pena - Salsa Version","Marc Anthony",12898,https://open.spotify.com/track/0ueJesXdxikucezsJr2ejB
164,"Feliz Navidad","José Feliciano",12889,https://open.spotify.com/track/7taXf5odg9xCAZERYfyOkS
165,"Locked Away","R. City",12781,https://open.spotify.com/track/7x5xYW5W42OGPAdHUyyguy
166,"Caminar de Tu Mano","Río Roma",12723,https://open.spotify.com/track/7cCRlUf8ayOJtTlWN7g8Ni
167,Traidora,"Gente De Zona",12699,https://open.spotify.com/track/7Fl3wSxRqBljyQH8dJSz9c
168,"When I Was Your Man","Bruno Mars",12614,https://open.spotify.com/track/0B7wvvmu9EISAwZnOpjhNI
169,"Where Are Ü Now (with Justin Bieber)",Skrillex,12600,https://open.spotify.com/track/66hayvUbTotekKU3H4ta1f
170,"Stole the Show",Kygo,12586,https://open.spotify.com/track/5masKPHeAOVNgxdLebIcK7
171,Firestone,Kygo,12577,https://open.spotify.com/track/1I8tHoNBFTuoJAlh4hfVVE
172,"Danza Kuduro","Don Omar",12548,https://open.spotify.com/track/2a1o6ZejUi8U3wzzOtCOYw
173,"Te Busco (feat. Nicky Jam)",Cosculluela,12507,https://open.spotify.com/track/6wHm04cn5HxK6pE2ITEdUS
174,"Scars To Your Beautiful","Alessia Cara",12444,https://open.spotify.com/track/0prNGof3XqfTvNDxHonvdK
175,"Pumped Up Kicks","Foster The People",12411,https://open.spotify.com/track/7w87IxuO7BDcJ3YUqCyMTT
176,"This One's For You (feat. Zara Larsson) - Official Song UEFA EURO 2016","David Guetta",12361,https://open.spotify.com/track/46NBoIAHrmR7qcUGCIFEjR
177,Radioactive,"Imagine Dragons",12341,https://open.spotify.com/track/6Ep6BzIOB9tz3P4sWqiiAB
178,"Locked Out Of Heaven","Bruno Mars",12340,https://open.spotify.com/track/5g7sDjBhZ4I3gcFIpkrLuI
179,"How Deep Is Your Love","Calvin Harris",12255,https://open.spotify.com/track/22mek4IiqubGD9ctzxc69s
180,"November Rain","Guns N' Roses",12191,https://open.spotify.com/track/53968oKecrFxkErocab2Al
181,"When We Were Young",Adele,12109,https://open.spotify.com/track/7IWkJwX9C0J7tHurTD7ViL
182,Hola,"Joey Montana",12094,https://open.spotify.com/track/03h8eaVgdJJ14cCKiO4ONX
183,"i hate u, i love u (feat. olivia o'brien)",gnash,12094,https://open.spotify.com/track/7vRriwrloYVaoAe3a9wJHe
184,"Tu y Yo (feat. Daddy Yankee)","Tommy Torres",12066,https://open.spotify.com/track/5Hiu520lWG4YPrMugnNnkP
185,"Ruleta Rusa","Kevin Roldan",11934,https://open.spotify.com/track/77KHmKnBmVGTjRCeMVXpWH
186,"Lejos De Aquí",Farruko,11927,https://open.spotify.com/track/2QBlGKAp4PquIGtA6iNAuJ
187,"La Mordidita","Ricky Martin",11798,https://open.spotify.com/track/00i0O74dXdaKKdCrqHnfXm
188,"Love Me Now","John Legend",11751,https://open.spotify.com/track/6nxQdXa1uAL0rY72wPZu89
189,"Sé Que Te Vas",Ha*Ash,11732,https://open.spotify.com/track/07T5sZOqViC15F9XBNre4L
190,"Someone Like You",Adele,11711,https://open.spotify.com/track/4kflIGfjdZJW4ot2ioixTB
191,"I'm Yours","Jason Mraz",11697,https://open.spotify.com/track/3S0OXQeoh0w6AY8WQVckRW
192,"Mi Tesoro (feat. Nicky Jam)","Zion & Lennox",11632,https://open.spotify.com/track/5HABnFSYvl6mTmg8nSdzHa
193,"Passion Whine - Remastered Version",Farruko,11630,https://open.spotify.com/track/5OgzsE0POkXqoOACuVgLKA
194,"A Sky Full of Stars",Coldplay,11533,https://open.spotify.com/track/0FDzzruyVECATHXKHFs9eJ
195,"Welcome To The Jungle","Guns N' Roses",11494,https://open.spotify.com/track/0bVtevEgtDIeRjCJbK3Lmv
196,"See You Again (feat. Charlie Puth) - From ""Furious 7""","Wiz Khalifa",11434,https://open.spotify.com/track/6IcrwGdIvRsrImOnoYfG9Z
197,"Take Me To Church",Hozier,11423,https://open.spotify.com/track/0IqKeD8ZSP72KbGYyzEcAs
198,"Rolling In The Deep",Adele,11385,https://open.spotify.com/track/1eq1wUnLVLg4pdEfx9kajC
199,"Sugar (feat. Francesco Yates)","Robin Schulz",11381,https://open.spotify.com/track/5tf1VVWniHgryyumXyJM7w
200,"Don't Mind","Kent Jones",11376,https://open.spotify.com/track/27PmvZoffODNFW2p7ehZTQ
