Position,"Track Name",Artist,Streams,URL
1,"Shape of You","Ed Sheeran",331555,https://open.spotify.com/track/7qiZfU4dY1lWllzX7mPBI3
2,"Despacito (Featuring Daddy Yankee)","Luis Fonsi",215920,https://open.spotify.com/track/4aWmUDTfIPGksMNLV2rQP2
3,"It Ain't Me (with Selena Gomez)",Kygo,207669,https://open.spotify.com/track/3eR23VReFzcdmS7TYCrhCe
4,"Galway Girl","Ed Sheeran",180405,https://open.spotify.com/track/0afhq8XCExXpqazXczTSve
5,"Something Just Like This","The Chainsmokers",173883,https://open.spotify.com/track/6RUKPb4LETWmmr3iAEQktW
6,Passionfruit,Drake,167480,https://open.spotify.com/track/7hDc8b7IXETo14hHIHdnhd
7,"Mask Off",Future,161509,https://open.spotify.com/track/3rOSwuTsUlJp0Pu0MkN8r8
8,"Stay (with Alessia Cara)",Zedd,140444,https://open.spotify.com/track/0dA2Mk56wEzDgegdC6R17g
9,"You Don't Know Me - Radio Edit","Jax Jones",134765,https://open.spotify.com/track/00lNx0OcTJrS3MKHcB80HY
10,"I Don’t Wanna Live Forever (Fifty Shades Darker) - From ""Fifty Shades Darker (Original Motion Picture Soundtrack)""",ZAYN,130279,https://open.spotify.com/track/3NdDpSvN911VPGivFlV5d0
11,Paris,"The Chainsmokers",128941,https://open.spotify.com/track/72jbDTw1piOOj770jWNeaG
12,"Scared to Be Lonely","Martin Garrix",127047,https://open.spotify.com/track/3ebXMykcMXOcLeJ9xZ17XH
13,"Solo Dance","Martin Jensen",122466,https://open.spotify.com/track/6HUnnBwYZqcED1eQztxMBN
14,"Castle on the Hill","Ed Sheeran",121206,https://open.spotify.com/track/6PCUP3dWmTjcTtXY02oFdT
15,"Call On Me - Ryan Riback Extended Remix",Starley,116791,https://open.spotify.com/track/78rIJddV4X0HkNAInEcYde
16,"Symphony (feat. Zara Larsson)","Clean Bandit",114542,https://open.spotify.com/track/1x5sYLZiu9r5E43kMlt9f8
17,Issues,"Julia Michaels",110789,https://open.spotify.com/track/1sXUWdKx03aP9Gmzft58rt
18,Believer,"Imagine Dragons",107968,https://open.spotify.com/track/0CcQNd8CINkwQfe1RDtGV6
19,"Rockabye (feat. Sean Paul & Anne-Marie)","Clean Bandit",103716,https://open.spotify.com/track/5knuzwU65gJK7IF5yJsuaW
20,Slide,"Calvin Harris",97323,https://open.spotify.com/track/7tr2za8SQg2CI8EDgrdtNl
21,"SUBEME LA RADIO","Enrique Iglesias",96382,https://open.spotify.com/track/7nKBxz47S9SD79N086fuhn
22,"Chained To The Rhythm","Katy Perry",95516,https://open.spotify.com/track/6520aj0B4FSKGVuKNsOCOi
23,"Run Up (feat. PARTYNEXTDOOR & Nicki Minaj)","Major Lazer",93690,https://open.spotify.com/track/0fg8CqpjdojMyXLNzM2PaJ
24,"That's What I Like","Bruno Mars",90732,https://open.spotify.com/track/0KKkJNfGyhkQ5aFogxQAPU
25,Happier,"Ed Sheeran",90086,https://open.spotify.com/track/2RttW7RAu5nOAfq6YFvApB
26,Cold,"Maroon 5",88968,https://open.spotify.com/track/5NNlUMcOEOdoOIwwaWXv0k
27,Perfect,"Ed Sheeran",86155,https://open.spotify.com/track/0tgVpDi06FyKpA1z0VMD4v
28,"September Song","JP Cooper",84456,https://open.spotify.com/track/0FuTx2s3YH1ppmtiM6l0zI
29,"Swalla (feat. Nicki Minaj & Ty Dolla $ign)","Jason Derulo",84334,https://open.spotify.com/track/6kex4EBAj0WHXDKZMEJaaF
30,Portland,Drake,78158,https://open.spotify.com/track/2bjwRfXMk4uRgOD9IBYl9h
31,Chantaje,Shakira,78129,https://open.spotify.com/track/6mICuAdrwEjh6Y6lroV2Kg
32,Blem,Drake,77372,https://open.spotify.com/track/2XlHu0HcujBCkWMdIAvrqt
33,"How Far I'll Go - From ""Moana""","Alessia Cara",76867,https://open.spotify.com/track/5hYTyyh2odQKphUbMqc5gN
34,"Say You Won't Let Go","James Arthur",76761,https://open.spotify.com/track/5uCax9HTNlzGybIStD3vDh
35,"I Feel It Coming","The Weeknd",75651,https://open.spotify.com/track/5GXAXm5YOmYT0kL5jHvYBt
36,Selfish,Future,74931,https://open.spotify.com/track/2Ce5IyMlVRVvN997ZJjJJA
37,Tuesday,"Burak Yeter",74369,https://open.spotify.com/track/7abpmGpF7PGep2rDU68GBR
38,"Green Light",Lorde,73481,https://open.spotify.com/track/0gbBzIqrECJOEPvQJIBFs5
39,"All Night","The Vamps",73196,https://open.spotify.com/track/1yNyoWWWikbLhwIGWjZuDW
40,"Sunset Lover","Petit Biscuit",67160,https://open.spotify.com/track/0hNduWmlWmEmuwEFcYvRu1
41,Weak,AJR,66046,https://open.spotify.com/track/3E2Zh20GDCR9B1EYjfXWyv
42,Dive,"Ed Sheeran",61623,https://open.spotify.com/track/51ChrwmUPDJvedPQnIU8Ls
43,Alone,"Alan Walker",60012,https://open.spotify.com/track/0JiVRyTJcJnmlwCZ854K4p
44,"iSpy (feat. Lil Yachty)",KYLE,59512,https://open.spotify.com/track/2EEeOnHehOozLq4aS0n6SL
45,"Fake Love",Drake,59333,https://open.spotify.com/track/343YBumqHu19cGoGARUTsd
46,Starboy,"The Weeknd",58428,https://open.spotify.com/track/5aAx2yezTd8zXrkmtKl66Z
47,History,"Olivia Holt",58330,https://open.spotify.com/track/0WCEaydwN65cvwaW8aqptF
48,"Get It Together",Drake,57145,https://open.spotify.com/track/7y6c07pgjZvtHI9kuMVqk1
49,"Still Got Time",ZAYN,55144,https://open.spotify.com/track/000xQL6tZNLJzIrtIgxqSl
50,"El Amante","Nicky Jam",51628,https://open.spotify.com/track/3umS4y3uQDkqekNjVpiRUs
51,"Free Smoke",Drake,51011,https://open.spotify.com/track/05KOgYg8PGeJyyWBPi5ja8
52,Closer,"The Chainsmokers",50902,https://open.spotify.com/track/7BKLCZ1jbUBVqRi2FVlTVw
53,"New Man","Ed Sheeran",50818,https://open.spotify.com/track/5HDPtsnyb3maFmPL8LLUTG
54,Gyalchester,Drake,49931,https://open.spotify.com/track/6UjfByV1lDLW0SOVQA4NAi
55,Location,Khalid,47978,https://open.spotify.com/track/152lZdxL1OR0ZMW6KquMif
56,"Love On The Brain",Rihanna,47966,https://open.spotify.com/track/2aksifNn5ph8igDOkPBA02
57,Skin,"Rag'n'Bone Man",47248,https://open.spotify.com/track/6y2Kaz9QI01XBKJ8mTb7Pf
58,"Madiba Riddim",Drake,46852,https://open.spotify.com/track/76gUmNLXGQVOsGhfcshkFP
59,Congratulations,"Post Malone",46707,https://open.spotify.com/track/3a1lNhkSLSkpJE4MSHpDu9
60,"I Got You","Bebe Rexha",46517,https://open.spotify.com/track/1FUViuNSldssMIawrOXF2i
61,"The Heart Part 4","Kendrick Lamar",46507,https://open.spotify.com/track/1zayuwd1YLZsYDArkruHdL
62,"Sooner Or Later","Aaron Carter",46373,https://open.spotify.com/track/6wV12xIUb8oFY7lBy4KuQe
63,"What Do I Know?","Ed Sheeran",46298,https://open.spotify.com/track/2pJZ1v8HezrAoZ0Fhzby92
64,"Way Down We Go",Kaleo,46197,https://open.spotify.com/track/0y1QJc3SJVPKJ1OvFmFqe6
65,"Nummer 1",Zuna,44940,https://open.spotify.com/track/3sgGmPQD2J6aQduN36RDBO
66,"Don't Leave",Snakehips,43666,https://open.spotify.com/track/0Zx8khUcEfCFK2AEoIhC92
67,"Supermarket Flowers","Ed Sheeran",43512,https://open.spotify.com/track/4VuS959DSpr82t3qBqCrWG
68,Human,"Rag'n'Bone Man",42059,https://open.spotify.com/track/58zsLZPvfflaiIbNWoA22O
69,"All Time Low","Jon Bellion",41279,https://open.spotify.com/track/1CnPYaKxTVb4LWOtiGOm0m
70,"No Long Talk",Drake,41222,https://open.spotify.com/track/6CfrYuD3YRDYdYvH9jNtXY
71,"One Dance",Drake,40944,https://open.spotify.com/track/1xznGGDReH1oQq0xzbwXa3
72,Cake,"Flo Rida",40087,https://open.spotify.com/track/6t2ubAB4iSYOuIpRAOGd4t
73,"Teenage Fever",Drake,39723,https://open.spotify.com/track/6n3HGiq4v35D6eFOSwqYuo
74,"Let Me Love You","DJ Snake",39665,https://open.spotify.com/track/4pdPtRcBmOSQDlJ3Fk945m
75,"Bad and Boujee (feat. Lil Uzi Vert)",Migos,38958,https://open.spotify.com/track/4Km5HrUvYTaSUfiSGPJeQR
76,Barcelona,"Ed Sheeran",38926,https://open.spotify.com/track/3Lfiu5sZ4M4B6JaKMBc0FU
77,Thumbs,"Sabrina Carpenter",38618,https://open.spotify.com/track/3UjJP4ludb74a29P5EHEIo
78,"Nancy Mulligan","Ed Sheeran",38439,https://open.spotify.com/track/35QZaWQRkmnAVqBF1TLCxQ
79,"The Other",Lauv,38342,https://open.spotify.com/track/1lntL1cI2UIWlxjL5QiN8g
80,"At My Best (feat. Hailee Steinfeld)","Machine Gun Kelly",36821,https://open.spotify.com/track/77lGafvlU68CeHgB2pkHC9
81,"Hear Me Now",Alok,35414,https://open.spotify.com/track/1a5Yu5L18qNxVhXx38njON
82,4422,Drake,35332,https://open.spotify.com/track/2fkeWbM6iqTw7oGHTYm2lw
83,"How Would You Feel (Paean)","Ed Sheeran",34793,https://open.spotify.com/track/6PJ8FF6UR8FZXfEvpHkIVN
84,Everyday,"Ariana Grande",34502,https://open.spotify.com/track/3FiE2d325mIOc4YjkSLVJR
85,Eraser,"Ed Sheeran",34380,https://open.spotify.com/track/7oolFzHipTMg2nL7shhdz2
86,"Oceans Away","A R I Z O N A",34197,https://open.spotify.com/track/6A8dnC0xkiuWN4BshmTB2I
87,"Shed a Light","Robin Schulz",33674,https://open.spotify.com/track/1cG0umU5TKStygKsPFZ9pY
88,"Lot to Learn","Luke Christopher",33516,https://open.spotify.com/track/3TRFq09DUgYj1mug6RRqJW
89,KMT,Drake,33414,https://open.spotify.com/track/2jTujnt0y344ai1rNOywgr
90,Faded,"Alan Walker",33119,https://open.spotify.com/track/7gHs73wELdeycvS48JfIos
91,"Ohne mein Team","Bonez MC",32948,https://open.spotify.com/track/05Mp2UJulSttxQ4E6hQPH3
92,"Lights Down Low",MAX,32012,https://open.spotify.com/track/1sYSP7gKa5kdKIfhANfori
93,"The Ocean","Mike Perry",31994,https://open.spotify.com/track/2CPqh63wRVscbceKcPxwvv
94,"Just Hold On","Steve Aoki",31827,https://open.spotify.com/track/3EmmCZoqpWOTY1g2GBwJoR
95,"Hearts Don't Break Around Here","Ed Sheeran",31505,https://open.spotify.com/track/2dfHh7ECGxfNqZTQno09Vk
96,"Be The One","Dua Lipa",30345,https://open.spotify.com/track/7FCfMXYTIiQ9b4hDYs4Iol
97,"Reggaetón Lento (Bailemos)",CNCO,30311,https://open.spotify.com/track/3AEZUABDXNtecAOSC1qTfo
98,"Jorja Interlude",Drake,30309,https://open.spotify.com/track/13e6f8t7RKXuxZ0JdaaJRG
99,"Romantic - NOTD Remix",Stanaj,30259,https://open.spotify.com/track/3SGWp9fJCzgK0WcpcKSQdy
100,Sacrifices,Drake,30086,https://open.spotify.com/track/0xl1w2q4VLojeXp4JfazPL
101,"Body Like A Back Road","Sam Hunt",29790,https://open.spotify.com/track/7mldq42yDuxiUNn08nvzHO
102,"In the Name of Love","Martin Garrix",29751,https://open.spotify.com/track/04DwTuZ2VBdJCCC5TROn7L
103,Photograph,"Ed Sheeran",29711,https://open.spotify.com/track/6fxVffaTuwjgEk5h9QyRjy
104,"No Lie","Sean Paul",29688,https://open.spotify.com/track/3cFsmM51N5zMAuu1nNY4Tw
105,Safari,"J Balvin",29637,https://open.spotify.com/track/6rQSrBHf7HlZjtcMZ4S4bO
106,"Don't Let Me Down","The Chainsmokers",29603,https://open.spotify.com/track/0QsvXIfqM0zZoerQfsI9lm
107,"My Way","Calvin Harris",29440,https://open.spotify.com/track/1vvNmPOiUuyCbgWmtc6yfm
108,Starving,"Hailee Steinfeld",29313,https://open.spotify.com/track/1qOLh0tI7trd1zdDKxYZTe
109,"Cheap Thrills",Sia,29251,https://open.spotify.com/track/27SdWb2rFzO6GWiYDBTD9j
110,"Bibia Be Ye Ye","Ed Sheeran",28949,https://open.spotify.com/track/6SznMYPQJHzr3IwsAHLId2
111,"Be Mine",Ofenbach,28868,https://open.spotify.com/track/2KklXplRtxMsBYo474Es0w
112,"All Night (feat. Knox Fortune)","Chance The Rapper",28842,https://open.spotify.com/track/60xaS8mYBKUW4VQQ666N0T
113,Heathens,"Twenty One Pilots",28715,https://open.spotify.com/track/6i0V12jOa3mr6uu4WYhUBr
114,"Love On Me",Galantis,28272,https://open.spotify.com/track/2MHCiOohBZEQuLgDTPvSzF
115,"Save Myself","Ed Sheeran",28173,https://open.spotify.com/track/6TIU9Ehmi6dMzZK73Ym4yj
116,"I Took A Pill In Ibiza - Seeb Remix","Mike Posner",28051,https://open.spotify.com/track/17Fd6Yb7mSbinKG8LoWfFl
117,T-Shirt,Migos,27958,https://open.spotify.com/track/7KOlJ92bu51cltsD9KU5I7
118,"Lighthouse - Andrelli Remix","Hearts & Colors",27833,https://open.spotify.com/track/04CttTezSnv71USiiG9mIo
119,"Scars To Your Beautiful","Alessia Cara",27450,https://open.spotify.com/track/0prNGof3XqfTvNDxHonvdK
120,"I Love You","Axwell /\ Ingrosso",27331,https://open.spotify.com/track/11Fo4dAH31K7UZHGqCkCmE
121,"Bounce Back","Big Sean",27120,https://open.spotify.com/track/0SGkqnVQo9KPytSri1H6cF
122,Mercy,"Shawn Mendes",26845,https://open.spotify.com/track/4TZy1wLyHec06pwgFYDh1a
123,Touch,"Little Mix",26794,https://open.spotify.com/track/5Ua3GXyHwiSfpNTMjq6m2z
124,"CAN'T STOP THE FEELING! (Original Song from DreamWorks Animation's ""TROLLS"")","Justin Timberlake",26663,https://open.spotify.com/track/6JV2JOEocMgcZxYSZelKcc
125,"Dynamite (feat. Pretty Sister)",Nause,26336,https://open.spotify.com/track/2Ae5awwKvQpTBKQHr1TYCg
126,"Don't Wanna Know","Maroon 5",26299,https://open.spotify.com/track/5MFzQMkrl1FOOng9tq6R9r
127,"Skepta Interlude",Drake,26271,https://open.spotify.com/track/2dfqS3MRtbLZSZA1IL8xY5
128,"This Girl (Kungs Vs. Cookin' On 3 Burners) - Kungs Vs. Cookin' On 3 Burners",Kungs,26194,https://open.spotify.com/track/0tICYNayWWhH9GPeFrfjfD
129,"Treat You Better","Shawn Mendes",25807,https://open.spotify.com/track/4Hf7WnR761jpxPr5D46Bcd
130,"Hey Ma (with Pitbull & J Balvin feat. Camila Cabello) - Spanish Version",Pitbull,25793,https://open.spotify.com/track/2Vdub5mY4lad7w64bFPUez
131,"Cold Water (feat. Justin Bieber & MØ)","Major Lazer",25633,https://open.spotify.com/track/6DNtNfH8hXkqOX1sjqmI7p
132,Down,"Marian Hill",25459,https://open.spotify.com/track/2dqLk7ezV15LEJEwUmEbXB
133,"Feel Good (feat. Daya)",Gryffin,25376,https://open.spotify.com/track/0NyOeqzqjVM9j7IuWp2oJ6
134,"Otra Vez (feat. J Balvin)","Zion & Lennox",25304,https://open.spotify.com/track/3QwBODjSEzelZyVjxPOHdq
135,"Me Rehúso","Danny Ocean",25054,https://open.spotify.com/track/6De0lHrwBfPfrhorm9q1Xl
136,"Love Me Now","John Legend",24879,https://open.spotify.com/track/6nxQdXa1uAL0rY72wPZu89
137,"Loin - Pilule Violette","Maître Gims",24773,https://open.spotify.com/track/3up1uPuvL5vkfJ6aOeSRtD
138,"Light My Body Up (feat. Nicki Minaj & Lil Wayne)","David Guetta",24739,https://open.spotify.com/track/3vgNmjuRDnGLxUFGCLkwpm
139,"Afro Trap Pt. 8 (Never)",MHD,24407,https://open.spotify.com/track/1MUxJxub6ovS0rzTHRgyoF
140,"Do Not Disturb",Drake,24398,https://open.spotify.com/track/2KvHC9z14GSl4YpkNMX384
141,"DUELE EL CORAZON","Enrique Iglesias",24083,https://open.spotify.com/track/6YZdkObH88npeKrrkb8Ggf
142,"Afro Trap Pt. 7 (La puissance)",MHD,24026,https://open.spotify.com/track/6x8j5V85ZJHtvOSjSamcVc
143,"Bad Ideas","Alle Farben",24025,https://open.spotify.com/track/76gwG061wqdatYhicO2hG4
144,"24K Magic","Bruno Mars",23978,https://open.spotify.com/track/6b8Be6ljOzmkOmFslEb23P
145,"Tunnel Vision","Kodak Black",23838,https://open.spotify.com/track/4Q3N4Ct4zCuIHuZ65E3BD4
146,"Stressed Out","Twenty One Pilots",23609,https://open.spotify.com/track/3CRDbSIZ4r5MsZ0YwxuEkn
147,"Thinking Out Loud","Ed Sheeran",23413,https://open.spotify.com/track/1Slwb6dOYkBlWal1PGtnNg
148,"Good Life (with G-Eazy & Kehlani)",G-Eazy,23348,https://open.spotify.com/track/1Eck97uRMlprKOOJN9oO1E
149,"Lose Yourself - Soundtrack Version",Eminem,23233,https://open.spotify.com/track/5Z01UMMf7V1o0MzF86s6WJ
150,Chöre,"Mark Forster",23220,https://open.spotify.com/track/2nYpbaLykC2cjU8Yt5KF1v
151,"Helium - From ""Fifty Shades Darker (Original Motion Picture Soundtrack)""",Sia,23045,https://open.spotify.com/track/5fc6rQgAKiLutfUYWQ6QnJ
152,"Side To Side","Ariana Grande",22686,https://open.spotify.com/track/4pLwZjInHj3SimIyN9SnOz
153,"Now and Later","Sage The Gemini",22528,https://open.spotify.com/track/43jBqV3j3Xi1g6wO0bhIMd
154,Panda,Desiigner,22272,https://open.spotify.com/track/5OOkp4U9P9oL23maHFHL1h
155,"Lush Life","Zara Larsson",22178,https://open.spotify.com/track/1rIKgCH4H52lrvDcz50hS8
156,Capsize,FRENSHIP,22112,https://open.spotify.com/track/2XMTqoHHSH0lvuXrvIEdco
157,"Fast Car","Jonas Blue",21983,https://open.spotify.com/track/6OZh916QF8XNunWaP97WEZ
158,"Let Me Love You",SJUR,21961,https://open.spotify.com/track/2jfCy43LsFbCQoB6HyetlY
159,"Work from Home","Fifth Harmony",21902,https://open.spotify.com/track/4tCtwWceOPWzenK2HAIJSb
160,"Sucker For Pain (with Wiz Khalifa, Imagine Dragons, Logic & Ty Dolla $ign feat. X Ambassadors)","Lil Wayne",21735,https://open.spotify.com/track/4dASQiO1Eoo3RJvt74FtXB
161,"All We Know","The Chainsmokers",21701,https://open.spotify.com/track/2rizacJSyD9S1IQUxUxnsK
162,"Perfect Strangers","Jonas Blue",21621,https://open.spotify.com/track/1CUVN2kn7mW5FjkqXTR2W1
163,"Light It Up (feat. Nyla & Fuse ODG) - Remix","Major Lazer",21592,https://open.spotify.com/track/0L7loeTIg6akW84aEQZpCT
164,"Lean On (feat. MØ & DJ Snake)","Major Lazer",21472,https://open.spotify.com/track/4WjH9Bzt3kx7z8kl0awxh4
165,"Hasta el Amanecer","Nicky Jam",21411,https://open.spotify.com/track/5Fim1gaXBgsiFfsQAfQSDS
166,"7 Years","Lukas Graham",21211,https://open.spotify.com/track/7129iqBafaphfc3WPCGC0L
167,"We Don't Talk Anymore (feat. Selena Gomez)","Charlie Puth",21204,https://open.spotify.com/track/68EMU2RD1ECNeOeJ5qAXCV
168,Cocoon,"Milky Chance",21074,https://open.spotify.com/track/0L87MffumRNWrY2SNUFcvs
169,"By Your Side","Jonas Blue",21016,https://open.spotify.com/track/1D3ODoXHBLpdxolZRHWV1j
170,"That´s Me",HEDEGAARD,20997,https://open.spotify.com/track/3Cc3ssgsvdSaEbFT6KHBAv
171,"Please Don't Go","Joel Adams",20997,https://open.spotify.com/track/3cNjgVBKTJ1SvKhunrCdVy
172,"Sugar (feat. Francesco Yates)","Robin Schulz",20929,https://open.spotify.com/track/5tf1VVWniHgryyumXyJM7w
173,"Love Yourself","Justin Bieber",20849,https://open.spotify.com/track/3hB5DgAiMAQ4DzYbsMq1IT
174,"It's Gotta Be You",Isaiah,20714,https://open.spotify.com/track/6cAKeFFYW2aClZSUyvqAEW
175,"Black Beatles","Rae Sremmurd",20676,https://open.spotify.com/track/6fujklziTHa8uoM5OQSfIo
176,"Colonel Carrillo",Lacrim,20292,https://open.spotify.com/track/4ksAbWG96D1yaQ0onQNlb5
177,"Mis Huus dis Huus","Lo & Leduc",20196,https://open.spotify.com/track/62OfM84eZaGWst4otpbqaS
178,"The Mack",Nevada,20186,https://open.spotify.com/track/7aV2mflaASUmGhCErm7kBO
179,"Vente Pa' Ca","Ricky Martin",20157,https://open.spotify.com/track/7DM4BPaS7uofFul3ywMe46
180,Swang,"Rae Sremmurd",20136,https://open.spotify.com/track/6mapJIPnQ23RTAevUoE0DL
181,"Shape of You (Latin Remix) [feat. Zion & Lennox]","Ed Sheeran",20103,https://open.spotify.com/track/5nCtCCB5i1OfbADvynNw0i
182,"Million Reasons","Lady Gaga",20031,https://open.spotify.com/track/50PWlIBU7PlGGwzgN8TiFJ
183,"The Greatest",Sia,19847,https://open.spotify.com/track/7xHWNBFm6ObGEQPaUxHuKO
184,"Let It Go","James Bay",19749,https://open.spotify.com/track/13HVjjWUZFaWilh2QUJKsP
185,"Can't Have Everything",Drake,19672,https://open.spotify.com/track/5f5r2N4Lp9WoULWPH9zp2W
186,"'Till I Collapse",Eminem,19667,https://open.spotify.com/track/6yr8GiTHWvFfi4o6Q5ebdT
187,Rolex,"Ayo & Teo",19610,https://open.spotify.com/track/0pSBuHjILhNEo55xK1zrRt
188,"This Is What You Came For","Calvin Harris",19580,https://open.spotify.com/track/0azC730Exh71aQlOt9Zj3y
189,Ride,"Twenty One Pilots",19561,https://open.spotify.com/track/2Z8WuEywRWYTKe1NybPQEW
190,"La Bicicleta","Carlos Vives",19497,https://open.spotify.com/track/0sXvAOmXgjR2QUqLK1MltU
191,"La Rompe Corazones","Daddy Yankee",19457,https://open.spotify.com/track/4okba5wu9mMLXx79DXLKi3
192,"Ice Melts",Drake,19143,https://open.spotify.com/track/7bJ4mu7MHa3rHiNyKjOoSl
193,"Heavy (feat. Kiiara)","Linkin Park",19008,https://open.spotify.com/track/104buTcnP2AsxqB7U1FIZ4
194,"I Was Wrong - Robin Schulz Remix","A R I Z O N A",18974,https://open.spotify.com/track/3TZ3MiMILR5wrQbbWiFUwI
195,"Take Me To Church",Hozier,18941,https://open.spotify.com/track/0IqKeD8ZSP72KbGYyzEcAs
196,"I See Fire","Ed Sheeran",18920,https://open.spotify.com/track/3B7udSGy2PfgoCniMSb523
197,"Steady 1234 (feat. Jasmine Thompson & Skizzy Mars)",Vice,18899,https://open.spotify.com/track/40UroIGvsMPLPBYwH8rMNA
198,"Talk About It","Mike Perry",18847,https://open.spotify.com/track/1XRTXNP8eLpWXfso8Q4dC5
199,"Hymn For The Weekend - Seeb Remix",Coldplay,18658,https://open.spotify.com/track/1OAiWI2oPmglaOiv9fdioU
200,"Shooting Stars","Bag Raiders",18616,https://open.spotify.com/track/0UeYCHOETPfai02uskjJ3x
