Position,"Track Name",Artist,Streams,URL
1,"Wild Thoughts","DJ Khaled",226913,https://open.spotify.com/track/1OAh8uOEOvTDqkKFsKksCi
2,"Despacito - Remix","Luis Fonsi",203857,https://open.spotify.com/track/5CtI0qwDJkDQGwXD1H1cLb
3,"2U (feat. Justin Bieber)","David Guetta",184727,https://open.spotify.com/track/3A7qX2QjDlPnazUsRk5y0M
4,Unforgettable,"French Montana",172782,https://open.spotify.com/track/1F2HXIJrE2Xn81OzT2zZvW
5,Thunder,"Imagine Dragons",164045,https://open.spotify.com/track/0tKcYR2II1VCQWT79i5NrW
6,"I'm the One","DJ Khaled",161249,https://open.spotify.com/track/3DXncPQOG4VBw3QHh3S817
7,"Despacito (Featuring Daddy Yankee)","Luis Fonsi",155141,https://open.spotify.com/track/4aWmUDTfIPGksMNLV2rQP2
8,"Shape of You","Ed Sheeran",152168,https://open.spotify.com/track/7qiZfU4dY1lWllzX7mPBI3
9,OK,"Robin Schulz",150260,https://open.spotify.com/track/3bWAqKDWg6u1davspr5IkS
10,Mama,"Jonas Blue",146061,https://open.spotify.com/track/4xlrALxuaCf9yZBHJeTSG6
11,Believer,"Imagine Dragons",136891,https://open.spotify.com/track/0CcQNd8CINkwQfe1RDtGV6
12,"More Than You Know","Axwell /\ Ingrosso",135173,https://open.spotify.com/track/4q8PHoRsPUB52LFylX8Ulz
13,"There for You","Martin Garrix",125646,https://open.spotify.com/track/6jA8HL9i4QGzsj6fjoxp8Y
14,Attention,"Charlie Puth",125478,https://open.spotify.com/track/4iLqG9SeJSnt0cSPICSjxv
15,"There's Nothing Holdin' Me Back","Shawn Mendes",123876,https://open.spotify.com/track/79cuOz3SPQTuFrp8WgftAu
16,"SUBEME LA RADIO","Enrique Iglesias",118112,https://open.spotify.com/track/7nKBxz47S9SD79N086fuhn
17,"Symphony (feat. Zara Larsson)","Clean Bandit",113708,https://open.spotify.com/track/1x5sYLZiu9r5E43kMlt9f8
18,"Your Song","Rita Ora",111533,https://open.spotify.com/track/4c2W3VKsOFoIg2SFaO6DY5
19,"Something Just Like This","The Chainsmokers",108621,https://open.spotify.com/track/6RUKPb4LETWmmr3iAEQktW
20,"Strip That Down","Liam Payne",105647,https://open.spotify.com/track/6EpRaXYhGOB3fj4V2uDkMJ
21,"Swalla (feat. Nicki Minaj & Ty Dolla $ign)","Jason Derulo",105394,https://open.spotify.com/track/6kex4EBAj0WHXDKZMEJaaF
22,Signs,Drake,103593,https://open.spotify.com/track/6Na5uKk5SsqZimk0hAWo8y
23,"Pretty Girl - Cheat Codes X CADE Remix","Maggie Lindemann",100980,https://open.spotify.com/track/1NDxZ7cFAo481dtYWdrUnR
24,"Know No Better (feat. Quavo)","Major Lazer",100273,https://open.spotify.com/track/3Ytr1SUCUi6J3L9dRFx5iH
25,"It Ain't Me (with Selena Gomez)",Kygo,92240,https://open.spotify.com/track/3eR23VReFzcdmS7TYCrhCe
26,"XO TOUR Llif3","Lil Uzi Vert",90967,https://open.spotify.com/track/2eMwDehkIC1j68U6FA3Eiq
27,"Galway Girl","Ed Sheeran",89911,https://open.spotify.com/track/0afhq8XCExXpqazXczTSve
28,"Mask Off",Future,89372,https://open.spotify.com/track/3rOSwuTsUlJp0Pu0MkN8r8
29,"Stay (with Alessia Cara)",Zedd,87491,https://open.spotify.com/track/0dA2Mk56wEzDgegdC6R17g
30,"No Vacancy",OneRepublic,86900,https://open.spotify.com/track/6XOYVSmNDjKUNMXooU4s4z
31,Feels,"Calvin Harris",84111,https://open.spotify.com/track/5bcTCxgc7xVfSaMV3RuVke
32,"First Time",Kygo,83830,https://open.spotify.com/track/2Gl0FzuLxflY6nPifJp5Dr
33,"Whatever It Takes","Imagine Dragons",82737,https://open.spotify.com/track/4IWAyPf1KMq7JCyGeCjTeH
34,"Crying in the Club","Camila Cabello",78374,https://open.spotify.com/track/1SJtlNRJDeYHioymcvsqev
35,Malibu,"Miley Cyrus",77775,https://open.spotify.com/track/2habSXqcJGExM6JJyskY7O
36,HUMBLE.,"Kendrick Lamar",76940,https://open.spotify.com/track/7KXjTSCq5nL1LoYtL7XAwS
37,"Bad Liar","Selena Gomez",76421,https://open.spotify.com/track/1sCxVKWImDZSZKvG0U9B23
38,"No Promises (feat. Demi Lovato)","Cheat Codes",74422,https://open.spotify.com/track/1louJpMmzEicAn7lzDalPW
39,"You Don't Know Me - Radio Edit","Jax Jones",71262,https://open.spotify.com/track/7M16mAuWuFA5rC9HvkXaGx
40,"Slow Hands","Niall Horan",67726,https://open.spotify.com/track/167NczpNbRF7oWakJaY3Hh
41,"Now Or Never",Halsey,67107,https://open.spotify.com/track/0Nhu3zSYbEz32IYiobV75e
42,Congratulations,"Post Malone",66520,https://open.spotify.com/track/3a1lNhkSLSkpJE4MSHpDu9
43,"Felices los 4",Maluma,63184,https://open.spotify.com/track/0qYTZCo5Bwh1nsUFGZP3zn
44,"Solo Dance","Martin Jensen",62809,https://open.spotify.com/track/6HUnnBwYZqcED1eQztxMBN
45,Slide,"Calvin Harris",62023,https://open.spotify.com/track/7tr2za8SQg2CI8EDgrdtNl
46,"Don't Quit","DJ Khaled",60219,https://open.spotify.com/track/6LOCAhFzZiavHcLJucLuDy
47,"Me Rehúso","Danny Ocean",59391,https://open.spotify.com/track/6De0lHrwBfPfrhorm9q1Xl
48,"Call On Me - Ryan Riback Extended Remix",Starley,56892,https://open.spotify.com/track/78rIJddV4X0HkNAInEcYde
49,Issues,"Julia Michaels",55440,https://open.spotify.com/track/1sXUWdKx03aP9Gmzft58rt
50,"Summer Air",ItaloBrothers,54548,https://open.spotify.com/track/3GPI7hYiqD6enLRobhkBm8
51,1-800-273-8255,Logic,52449,https://open.spotify.com/track/5tz69p7tJuGPeMGwNTxYuV
52,"I Like Me Better",Lauv,51145,https://open.spotify.com/track/1wjzFQodRWrPcQ0AnYnvQ9
53,"Sign of the Times","Harry Styles",50535,https://open.spotify.com/track/5Ohxk2dO5COHF1krpoPigN
54,Redbone,"Childish Gambino",50503,https://open.spotify.com/track/3kxfsdsCpFgN412fpnW85Y
55,Down,"Fifth Harmony",49471,https://open.spotify.com/track/7LEydI5NfjY6mZfKwYIptZ
56,"I Don’t Know Why","Imagine Dragons",49066,https://open.spotify.com/track/15dnkAHcHC0vrIUlbiPiqU
57,Hunter,Galantis,47842,https://open.spotify.com/track/3caMfJGFp53NAH2TuigdNj
58,"Swish Swish","Katy Perry",45470,https://open.spotify.com/track/2kVHAQKVtczchKctctzbtK
59,Hot2Touch,"Felix Jaehn",45269,https://open.spotify.com/track/1sBhJGPUKrdRycgKxve70v
60,"Came Here for Love",Sigala,45221,https://open.spotify.com/track/3kGfazcbVvVkuZunzlLgTD
61,"Two High","Moon Taxi",44915,https://open.spotify.com/track/3sJHkcxojoJD2Ytbo1yLLF
62,"Walking The Wire","Imagine Dragons",44567,https://open.spotify.com/track/6jmngk8Fwup05JZ6kgXEGX
63,"Heute mit mir",Nimo,44255,https://open.spotify.com/track/7fUWZUNj5qbEuoL6K9947g
64,Passionfruit,Drake,43848,https://open.spotify.com/track/7hDc8b7IXETo14hHIHdnhd
65,"Rockabye (feat. Sean Paul & Anne-Marie)","Clean Bandit",43797,https://open.spotify.com/track/5knuzwU65gJK7IF5yJsuaW
66,"Be Mine",Ofenbach,43700,https://open.spotify.com/track/2KklXplRtxMsBYo474Es0w
67,"Scared to Be Lonely","Martin Garrix",43413,https://open.spotify.com/track/3ebXMykcMXOcLeJ9xZ17XH
68,"Butterfly Effect","Travis Scott",43230,https://open.spotify.com/track/1yxgsra98r3qAtxqiGZPiX
69,"That's What I Like","Bruno Mars",42231,https://open.spotify.com/track/0KKkJNfGyhkQ5aFogxQAPU
70,"Escápate Conmigo",Wisin,41853,https://open.spotify.com/track/2cnKEkpVUSV4wnjQiTWfH6
71,"Θ. Macarena",Damso,41704,https://open.spotify.com/track/2UZW9WOPXdxw9YMG1bebS8
72,"Nights With You",MØ,41647,https://open.spotify.com/track/5q5gzmbBS5yQzos2BvVr1t
73,Rollin,"Calvin Harris",41609,https://open.spotify.com/track/0lMbuWUpfTWhEmOKxppEau
74,Location,Khalid,41556,https://open.spotify.com/track/152lZdxL1OR0ZMW6KquMif
75,"El Amante","Nicky Jam",40059,https://open.spotify.com/track/3umS4y3uQDkqekNjVpiRUs
76,"Reminding Me","Shawn Hook",39521,https://open.spotify.com/track/4gqMQftUs22F8pOGVn5Acr
77,Chantaje,Shakira,38009,https://open.spotify.com/track/6mICuAdrwEjh6Y6lroV2Kg
78,Tired,"Alan Walker",37987,https://open.spotify.com/track/3b5Li4QKDVBx1x7fQuu54a
79,"I Don’t Wanna Live Forever (Fifty Shades Darker) - From ""Fifty Shades Darker (Original Motion Picture Soundtrack)""",ZAYN,37199,https://open.spotify.com/track/3NdDpSvN911VPGivFlV5d0
80,"Whippin (feat. Felix Snow)",Kiiara,36142,https://open.spotify.com/track/3QWjljChcOMkRDYSzF33Qr
81,Tuesday,"Burak Yeter",35824,https://open.spotify.com/track/7abpmGpF7PGep2rDU68GBR
82,"Me Enamoré",Shakira,34831,https://open.spotify.com/track/4qknM1pQz53QOyfDVTjcM9
83,"I’ll Make It Up To You","Imagine Dragons",34746,https://open.spotify.com/track/54h8xHewdRPnYzmbEHBhOO
84,"Rise Up","Imagine Dragons",34576,https://open.spotify.com/track/7vAXN57IQ0sj049wZGIboE
85,"Most Girls","Hailee Steinfeld",34286,https://open.spotify.com/track/2mfUa8bLs2s5N4VaqJZ4lZ
86,DNA.,"Kendrick Lamar",34229,https://open.spotify.com/track/6HZILIRieu8S0iqY8kIKhj
87,"Shed a Light","Robin Schulz",33957,https://open.spotify.com/track/1cG0umU5TKStygKsPFZ9pY
88,"September Song","JP Cooper",33461,https://open.spotify.com/track/0FuTx2s3YH1ppmtiM6l0zI
89,Paris,"The Chainsmokers",33396,https://open.spotify.com/track/72jbDTw1piOOj770jWNeaG
90,"High Without Your Love",Loote,33233,https://open.spotify.com/track/7qs2GAglLWfxEfmO8u2u0A
91,"Hey Ma (with Pitbull & J Balvin feat. Camila Cabello) - Spanish Version",Pitbull,33127,https://open.spotify.com/track/2Vdub5mY4lad7w64bFPUez
92,"Vente Pa' Ca","Ricky Martin",32424,https://open.spotify.com/track/7DM4BPaS7uofFul3ywMe46
93,Papa,Bushido,32194,https://open.spotify.com/track/3EB28IRRCjgvEpeOkdixlA
94,"Party On The West Coast (feat. Snoop Dogg)",Matoma,32188,https://open.spotify.com/track/45OfR7ugJMgbFDuNOVpIq3
95,"Nice Girl 2.0",Ufo361,32153,https://open.spotify.com/track/607TgBgbTvP8CTgIHN0R6q
96,Skin,"Rag'n'Bone Man",31527,https://open.spotify.com/track/6y2Kaz9QI01XBKJ8mTb7Pf
97,"Can I Be Him","James Arthur",31287,https://open.spotify.com/track/0VhgEqMTNZwYL1ARDLLNCX
98,goosebumps,"Travis Scott",31127,https://open.spotify.com/track/6gBFPUFcJLzWGx4lenP6h2
99,"Ohne mein Team","Bonez MC",30303,https://open.spotify.com/track/05Mp2UJulSttxQ4E6hQPH3
100,"Good Life (with G-Eazy & Kehlani)",G-Eazy,30161,https://open.spotify.com/track/1Eck97uRMlprKOOJN9oO1E
101,"Castle on the Hill","Ed Sheeran",29700,https://open.spotify.com/track/6PCUP3dWmTjcTtXY02oFdT
102,"Say You Won't Let Go","James Arthur",29643,https://open.spotify.com/track/5uCax9HTNlzGybIStD3vDh
103,Murcielago,"KC Rebell",29290,https://open.spotify.com/track/39qlqpwVzRkQP6WsILfIB5
104,"Mouth Of The River","Imagine Dragons",29267,https://open.spotify.com/track/6dSKDp21S6I5UOhDqjw4kB
105,"One Dance",Drake,28698,https://open.spotify.com/track/1xznGGDReH1oQq0xzbwXa3
106,"The Ocean","Mike Perry",28640,https://open.spotify.com/track/2CPqh63wRVscbceKcPxwvv
107,Places,"Martin Solveig",27975,https://open.spotify.com/track/6O85MfGECKBqAK2MgSbCaj
108,"Hey DJ",CNCO,27920,https://open.spotify.com/track/209gZgcfLq2aUuu51vOWBl
109,"Homemade Dynamite",Lorde,27859,https://open.spotify.com/track/12o6dxWGk29uIAP3OWY0pM
110,"The Night We Met","Lord Huron",27703,https://open.spotify.com/track/6mORGLOz79w6VsCRLWYYuK
111,"Sunset Lover","Petit Biscuit",27594,https://open.spotify.com/track/0hNduWmlWmEmuwEFcYvRu1
112,"Louis Louis","Kay One",27513,https://open.spotify.com/track/7vnEuDZTbPRu5ThYoMv7G0
113,"No Lie","Sean Paul",26819,https://open.spotify.com/track/3cFsmM51N5zMAuu1nNY4Tw
114,Human,"Rag'n'Bone Man",26753,https://open.spotify.com/track/58zsLZPvfflaiIbNWoA22O
115,"Ahora Dice","Chris Jeday",26527,https://open.spotify.com/track/22eADXu8DfOAUEDw4vU8qy
116,Unendlichkeit,Cro,26263,https://open.spotify.com/track/5caMCe2gq8y72GVUEQEonQ
117,"Ε. Signaler",Damso,26197,https://open.spotify.com/track/03aduXwm6cTqO9bb4XFQ2b
118,"All Night","The Vamps",26104,https://open.spotify.com/track/1yNyoWWWikbLhwIGWjZuDW
119,"Ist da jemand","Adel Tawil",25899,https://open.spotify.com/track/1QzmdyU1N47jAj0ao5IvlW
120,"I Feel It Coming","The Weeknd",25797,https://open.spotify.com/track/5GXAXm5YOmYT0kL5jHvYBt
121,"Start Over","Imagine Dragons",25733,https://open.spotify.com/track/4J2RaG4UH2HCThcqzDpeAF
122,"Way Down We Go",Kaleo,25729,https://open.spotify.com/track/0y1QJc3SJVPKJ1OvFmFqe6
123,Photograph,"Ed Sheeran",25656,https://open.spotify.com/track/6fxVffaTuwjgEk5h9QyRjy
124,"Let Me Love You","DJ Snake",25644,https://open.spotify.com/track/4pdPtRcBmOSQDlJ3Fk945m
125,Faded,"Alan Walker",25562,https://open.spotify.com/track/7gHs73wELdeycvS48JfIos
126,"Slippery (feat. Gucci Mane)",Migos,25410,https://open.spotify.com/track/6p8NuHm8uCGnn2Dtbtf7zE
127,Alone,"Alan Walker",25295,https://open.spotify.com/track/0JiVRyTJcJnmlwCZ854K4p
128,Closer,"The Chainsmokers",25223,https://open.spotify.com/track/7BKLCZ1jbUBVqRi2FVlTVw
129,"Still Got Time",ZAYN,24841,https://open.spotify.com/track/000xQL6tZNLJzIrtIgxqSl
130,"Little Hollywood","Alle Farben",24725,https://open.spotify.com/track/1f3flfdU4VDM2OBDD2FMia
131,"Bon appétit","Katy Perry",24319,https://open.spotify.com/track/61WbtB6ujkpNAsAf5LjF4b
132,Starboy,"The Weeknd",24140,https://open.spotify.com/track/5aAx2yezTd8zXrkmtKl66Z
133,"The Way I Are (Dance With Somebody) [feat. Lil Wayne]","Bebe Rexha",23992,https://open.spotify.com/track/6Pw3Gvw4wNMZfTYZa6IQal
134,"Don't Let Me Down","The Chainsmokers",23906,https://open.spotify.com/track/0QsvXIfqM0zZoerQfsI9lm
135,"Cheap Thrills",Sia,23867,https://open.spotify.com/track/27SdWb2rFzO6GWiYDBTD9j
136,"Reggaetón Lento (Bailemos)",CNCO,23863,https://open.spotify.com/track/3AEZUABDXNtecAOSC1qTfo
137,Kontrollieren,"RAF Camora",23790,https://open.spotify.com/track/3H25ywsvlV0ZT2XSpSU7wk
138,Yesterday,"Imagine Dragons",23787,https://open.spotify.com/track/7nXk8UzwYn0bKNH8NVz6xO
139,"Treat You Better","Shawn Mendes",23738,https://open.spotify.com/track/4Hf7WnR761jpxPr5D46Bcd
140,Magnolia,"Playboi Carti",23666,https://open.spotify.com/track/1e1JKLEDKP7hEQzJfNAgPl
141,"The One","The Chainsmokers",23530,https://open.spotify.com/track/0wfbD5rAksdXUzRvMfM3x5
142,TG4M,"Zara Larsson",23458,https://open.spotify.com/track/4uoumbAMEMaKdtiv763jKz
143,Perfect,"Ed Sheeran",23268,https://open.spotify.com/track/0tgVpDi06FyKpA1z0VMD4v
144,"Chained To The Rhythm","Katy Perry",23232,https://open.spotify.com/track/6520aj0B4FSKGVuKNsOCOi
145,"P.Y.T. (Pretty Young Thing)","John Gibbons",23146,https://open.spotify.com/track/3Db8OhBMmNPLv2rHYoP7Wf
146,"The Cure","Lady Gaga",22813,https://open.spotify.com/track/51PIvodunv6NmX5250zxAh
147,"Quit (feat. Ariana Grande)","Cashmere Cat",22812,https://open.spotify.com/track/4Q5yMlwAfAoitqg4r9oZHN
148,"Γ. Mosaïque solitaire",Damso,22706,https://open.spotify.com/track/1E3zyoTHtJzsu5CjwIFIhY
149,"Uh Huh","Julia Michaels",22623,https://open.spotify.com/track/0ZExP2I5Ej92PsnG4G1jVG
150,"I Took A Pill In Ibiza - Seeb Remix","Mike Posner",22601,https://open.spotify.com/track/17Fd6Yb7mSbinKG8LoWfFl
151,Safari,"J Balvin",22364,https://open.spotify.com/track/6rQSrBHf7HlZjtcMZ4S4bO
152,"Otra Vez (feat. J Balvin)","Zion & Lennox",22209,https://open.spotify.com/track/3QwBODjSEzelZyVjxPOHdq
153,"Oceans Away","A R I Z O N A",22136,https://open.spotify.com/track/6A8dnC0xkiuWN4BshmTB2I
154,"Run Up (feat. PARTYNEXTDOOR & Nicki Minaj)","Major Lazer",21822,https://open.spotify.com/track/0fg8CqpjdojMyXLNzM2PaJ
155,Cocoon,"Milky Chance",21815,https://open.spotify.com/track/0L87MffumRNWrY2SNUFcvs
156,"No Complaints","Metro Boomin",21714,https://open.spotify.com/track/6kig1UFggPUyZBCvXD3Wod
157,"Feel Good (feat. Daya)",Gryffin,21709,https://open.spotify.com/track/0NyOeqzqjVM9j7IuWp2oJ6
158,"Lighthouse - Andrelli Remix","Hearts & Colors",21657,https://open.spotify.com/track/04CttTezSnv71USiiG9mIo
159,"Ciao Adios",Anne-Marie,21646,https://open.spotify.com/track/3EfugazgSddQvzZpkof5I4
160,"La Colegiala","The Boy Next Door",21571,https://open.spotify.com/track/6Yk3pZPw8hlUBMTeLLLRC1
161,"Sigo Extrañándote","J Balvin",21562,https://open.spotify.com/track/6qDF4wWL49CAVbgT7yuHl8
162,"Nicht jetzt","KC Rebell",21542,https://open.spotify.com/track/0RCSckg7PFBBfwG73ydbOG
163,"Glorious (feat. Skylar Grey)",Macklemore,21523,https://open.spotify.com/track/3HVr6jTVwBHBa2flM0eURR
164,"Lose Yourself - Soundtrack Version",Eminem,21499,https://open.spotify.com/track/5Z01UMMf7V1o0MzF86s6WJ
165,"Green Light",Lorde,21440,https://open.spotify.com/track/0gbBzIqrECJOEPvQJIBFs5
166,"CAN'T STOP THE FEELING! (Original Song from DreamWorks Animation's ""TROLLS"")","Justin Timberlake",21406,https://open.spotify.com/track/6JV2JOEocMgcZxYSZelKcc
167,Hands,"Mike Perry",21132,https://open.spotify.com/track/5153LWKMJiMNIRCChGN4Ja
168,"Dancing In The Dark","Imagine Dragons",20981,https://open.spotify.com/track/5HvtbJxOYLSACcPuhf62wT
169,Bravo,MHD,20896,https://open.spotify.com/track/3vRKEsv161Ekp1ASrIh70L
170,Ajajaj,Mert,20893,https://open.spotify.com/track/3NwZZSfJMceF6voaxIWEoV
171,"DUELE EL CORAZON","Enrique Iglesias",20885,https://open.spotify.com/track/6YZdkObH88npeKrrkb8Ggf
172,"4 AM","2 Chainz",20784,https://open.spotify.com/track/1nX9KhK3Fff27SnrIor2Yb
173,Selfish,Future,20779,https://open.spotify.com/track/2Ce5IyMlVRVvN997ZJjJJA
174,Bonita,"J Balvin",20747,https://open.spotify.com/track/693iqPOQvhI7PobtR8CC8v
175,"In the Name of Love","Martin Garrix",20727,https://open.spotify.com/track/04DwTuZ2VBdJCCC5TROn7L
176,"Hasta el Amanecer","Nicky Jam",20682,https://open.spotify.com/track/5Fim1gaXBgsiFfsQAfQSDS
177,"Come Home","Sad Eye",20622,https://open.spotify.com/track/26g6FFoDfV1ArdnIy28uST
178,"Hear Me Now",Alok,20609,https://open.spotify.com/track/1a5Yu5L18qNxVhXx38njON
179,"Ya Salam",Kurdo,20539,https://open.spotify.com/track/5fpujciVjGBhnR2XFx06E7
180,"Sugar (feat. Francesco Yates)","Robin Schulz",20494,https://open.spotify.com/track/5tf1VVWniHgryyumXyJM7w
181,"Can't Hold Us - feat. Ray Dalton","Macklemore & Ryan Lewis",20476,https://open.spotify.com/track/3bidbhpOYeV4knp8AIu8Xn
182,"Issues - Alan Walker Remix","Julia Michaels",20317,https://open.spotify.com/track/6nlXWOyoCPLXXWaklOyQcb
183,"La Rompe Corazones","Daddy Yankee",20291,https://open.spotify.com/track/4okba5wu9mMLXx79DXLKi3
184,"Bad and Boujee (feat. Lil Uzi Vert)",Migos,20246,https://open.spotify.com/track/4Km5HrUvYTaSUfiSGPJeQR
185,"Cold Water (feat. Justin Bieber & MØ)","Major Lazer",20166,https://open.spotify.com/track/6DNtNfH8hXkqOX1sjqmI7p
186,"Feel It Still","Portugal. The Man",20143,https://open.spotify.com/track/6QgjcU0zLnzq5OrUoSZ3OK
187,Happier,"Ed Sheeran",20086,https://open.spotify.com/track/2RttW7RAu5nOAfq6YFvApB
188,"N. J Respect R",Damso,20041,https://open.spotify.com/track/75UFzgBCaVwJJ4IVIaatpe
189,"Nummer 1",Zuna,20037,https://open.spotify.com/track/3sgGmPQD2J6aQduN36RDBO
190,"Look At Me!",XXXTENTACION,19935,https://open.spotify.com/track/4ARPvK8DHLwt4oX65ZAFMw
191,"No Roots","Alice Merton",19917,https://open.spotify.com/track/4bPWDXpN6MlTZBedxega3X
192,Mercy,"Shawn Mendes",19850,https://open.spotify.com/track/4TZy1wLyHec06pwgFYDh1a
193,"Lambo Diablo GT (feat. Nimo)",Capo,19819,https://open.spotify.com/track/715uqcez2DeFYNecXSoXDm
194,"By Your Side","Jonas Blue",19815,https://open.spotify.com/track/1D3ODoXHBLpdxolZRHWV1j
195,Lumbra,"Cali Y El Dandee",19807,https://open.spotify.com/track/6VHdcVbiKLYYOcMbIqBcuK
196,"Obsession (feat. Jon Bellion)",Vice,19758,https://open.spotify.com/track/5pvVAwQbuFoR7LkcicrKnk
197,"I Was Wrong - Robin Schulz Remix","A R I Z O N A",19693,https://open.spotify.com/track/3TZ3MiMILR5wrQbbWiFUwI
198,"Black Friday",Bushido,19677,https://open.spotify.com/track/75o7z16lEhLQFk1B9GkbHG
199,"Sodom und Gomorrha",Bushido,19673,https://open.spotify.com/track/19j4zJpumhQ2v0FottwCdD
200,"Lean On (feat. MØ & DJ Snake)","Major Lazer",19660,https://open.spotify.com/track/4WjH9Bzt3kx7z8kl0awxh4
