Position,"Track Name",Artist,Streams,URL
1,"Mi Gente","J Balvin",176680,https://open.spotify.com/track/2rb5MvYT7ZIxbKW5hfcHx8
2,"More Than You Know","Axwell /\ Ingrosso",167666,https://open.spotify.com/track/3PEgB3fkiojxms35ntsTgs
3,Unforgettable,"French Montana",153158,https://open.spotify.com/track/3B54sVLJ402zGa6Xm4YGNe
4,"Look What You Made Me Do","Taylor Swift",135554,https://open.spotify.com/track/6uFsE1JgZ20EXyU0JQZbUR
5,"New Rules","Dua Lipa",134525,https://open.spotify.com/track/2ekn2ttSfGqwhhate0LSR0
6,Thunder,"Imagine Dragons",128664,https://open.spotify.com/track/0tKcYR2II1VCQWT79i5NrW
7,Mama,"Jonas Blue",123500,https://open.spotify.com/track/0NiXXAI876aGImAd6rTj8w
8,"Friends (with BloodPop®)","Justin Bieber",122658,https://open.spotify.com/track/7nZmah2llfvLDiUjm0kiyz
9,Feels,"Calvin Harris",118613,https://open.spotify.com/track/5bcTCxgc7xVfSaMV3RuVke
10,Havana,"Camila Cabello",118381,https://open.spotify.com/track/0ofbQMrRDsUaVKq2mGLEAb
11,"Shape of You","Ed Sheeran",114741,https://open.spotify.com/track/7qiZfU4dY1lWllzX7mPBI3
12,"Wild Thoughts","DJ Khaled",113860,https://open.spotify.com/track/1OAh8uOEOvTDqkKFsKksCi
13,"Glorious (feat. Skylar Grey)",Macklemore,109545,https://open.spotify.com/track/3HVr6jTVwBHBa2flM0eURR
14,OK,"Robin Schulz",109352,https://open.spotify.com/track/3bWAqKDWg6u1davspr5IkS
15,Silence,Marshmello,104370,https://open.spotify.com/track/7vGuf3Y35N4wmASOKLUVVU
16,"Without You (feat. Sandro Cavazza)",Avicii,104317,https://open.spotify.com/track/6WbADFqMvR8N5u0BvtsWQE
17,"What About Us",P!nk,100000,https://open.spotify.com/track/31MkGwj0SWgZaTvEt5Hgxv
18,"2U (feat. Justin Bieber)","David Guetta",99356,https://open.spotify.com/track/3A7qX2QjDlPnazUsRk5y0M
19,"I Like Me Better",Lauv,97583,https://open.spotify.com/track/1wjzFQodRWrPcQ0AnYnvQ9
20,Attention,"Charlie Puth",96997,https://open.spotify.com/track/4iLqG9SeJSnt0cSPICSjxv
21,"Your Song","Rita Ora",92655,https://open.spotify.com/track/4c2W3VKsOFoIg2SFaO6DY5
22,Primo,"RAF Camora",89990,https://open.spotify.com/track/7y5chiQbuvviOYUfUmOPqo
23,"XO TOUR Llif3","Lil Uzi Vert",89374,https://open.spotify.com/track/7GX5flRQZVHRAGd6B4TmDO
24,"Despacito (Featuring Daddy Yankee)","Luis Fonsi",87770,https://open.spotify.com/track/4aWmUDTfIPGksMNLV2rQP2
25,"There's Nothing Holdin' Me Back","Shawn Mendes",86004,https://open.spotify.com/track/79cuOz3SPQTuFrp8WgftAu
26,"Sorry Not Sorry","Demi Lovato",85957,https://open.spotify.com/track/25C5CowdsfXld2jJanbiex
27,"Rich Love (with Seeb)",OneRepublic,84553,https://open.spotify.com/track/7aF09WaavZAmAWuUeYxlYD
28,"Me Rehúso","Danny Ocean",83670,https://open.spotify.com/track/6De0lHrwBfPfrhorm9q1Xl
29,"Strip That Down","Liam Payne",82440,https://open.spotify.com/track/6EpRaXYhGOB3fj4V2uDkMJ
30,Réseaux,Niska,82362,https://open.spotify.com/track/2Pu2Kcm1cwFg4dDSdmFip4
31,1-800-273-8255,Logic,76656,https://open.spotify.com/track/5tz69p7tJuGPeMGwNTxYuV
32,"Back to You (feat. Bebe Rexha & Digital Farm Animals)","Louis Tomlinson",76095,https://open.spotify.com/track/7F9vK8hNFMml4GtHsaXui6
33,"Something Just Like This","The Chainsmokers",75473,https://open.spotify.com/track/6RUKPb4LETWmmr3iAEQktW
34,"Summer Air",ItaloBrothers,74998,https://open.spotify.com/track/3GPI7hYiqD6enLRobhkBm8
35,"Despacito - Remix","Luis Fonsi",74532,https://open.spotify.com/track/5CtI0qwDJkDQGwXD1H1cLb
36,"Lonely Together (feat. Rita Ora)",Avicii,73052,https://open.spotify.com/track/2OALaHcDdKkjYEpAr0Qzab
37,"Jocelyn Flores",XXXTENTACION,72917,https://open.spotify.com/track/7m9OqQk4RVRkw9JJdeAw96
38,"Butterfly Effect","Travis Scott",72274,https://open.spotify.com/track/1yxgsra98r3qAtxqiGZPiX
39,"Bank Account","21 Savage",70824,https://open.spotify.com/track/5eqK0tbzUPo2SoeZsov04s
40,"There for You","Martin Garrix",70601,https://open.spotify.com/track/6jA8HL9i4QGzsj6fjoxp8Y
41,"Feel It Still","Portugal. The Man",70402,https://open.spotify.com/track/6QgjcU0zLnzq5OrUoSZ3OK
42,Believer,"Imagine Dragons",69937,https://open.spotify.com/track/0CcQNd8CINkwQfe1RDtGV6
43,"Swalla (feat. Nicki Minaj & Ty Dolla $ign)","Jason Derulo",66127,https://open.spotify.com/track/6kex4EBAj0WHXDKZMEJaaF
44,"Young Dumb & Broke",Khalid,64640,https://open.spotify.com/track/5Z3GHaZ6ec9bsiI5BenrbY
45,"What Lovers Do (feat. SZA)","Maroon 5",64358,https://open.spotify.com/track/4mxWSdf71VFO52qFeY0fZt
46,"Symphony (feat. Zara Larsson)","Clean Bandit",64170,https://open.spotify.com/track/1x5sYLZiu9r5E43kMlt9f8
47,"Pretty Girl - Cheat Codes X CADE Remix","Maggie Lindemann",60476,https://open.spotify.com/track/1NDxZ7cFAo481dtYWdrUnR
48,"Andere Liga","RAF Camora",59733,https://open.spotify.com/track/2NWZiXyRdKEolP8QrjBGmp
49,"I'm the One","DJ Khaled",58619,https://open.spotify.com/track/3DXncPQOG4VBw3QHh3S817
50,"Felices los 4",Maluma,58198,https://open.spotify.com/track/0qYTZCo5Bwh1nsUFGZP3zn
51,Du,Nemo,55709,https://open.spotify.com/track/0EM85Qj3526QtxCBOQL6rT
52,"Complicated (feat. Kiiara)","Dimitri Vegas & Like Mike",52323,https://open.spotify.com/track/1Sl3njkhhz8nrSPZroDQ82
53,"Would You Ever",Skrillex,51257,https://open.spotify.com/track/57p8CBvPOxrvyCbn6ttl5r
54,"Know No Better (feat. Quavo)","Major Lazer",50709,https://open.spotify.com/track/3Ytr1SUCUi6J3L9dRFx5iH
55,"...Ready For It?","Taylor Swift",50689,https://open.spotify.com/track/7zgqtptZvhf8GEmdsM2vp2
56,"Galway Girl","Ed Sheeran",50601,https://open.spotify.com/track/0afhq8XCExXpqazXczTSve
57,HUMBLE.,"Kendrick Lamar",50222,https://open.spotify.com/track/7KXjTSCq5nL1LoYtL7XAwS
58,"Solo Dance","Martin Jensen",50151,https://open.spotify.com/track/6HUnnBwYZqcED1eQztxMBN
59,"It Ain't Me (with Selena Gomez)",Kygo,48471,https://open.spotify.com/track/3eR23VReFzcdmS7TYCrhCe
60,Issues,"Julia Michaels",47885,https://open.spotify.com/track/0xG0SHshCStMEyNbNC5d4k
61,"Slow Hands","Niall Horan",47831,https://open.spotify.com/track/167NczpNbRF7oWakJaY3Hh
62,"Fuck Love (feat. Trippie Redd)",XXXTENTACION,46601,https://open.spotify.com/track/7AQim7LbvFVZJE3O8TYgf2
63,"SUBEME LA RADIO","Enrique Iglesias",44575,https://open.spotify.com/track/7nKBxz47S9SD79N086fuhn
64,Questions,"Chris Brown",44375,https://open.spotify.com/track/5XQMr19TL7Mfksq9zihbOu
65,Congratulations,"Post Malone",41072,https://open.spotify.com/track/3a1lNhkSLSkpJE4MSHpDu9
66,"Bodak Yellow","Cardi B",40980,https://open.spotify.com/track/2771LMNxwf62FTAdpJMQfM
67,"Two High","Moon Taxi",40694,https://open.spotify.com/track/0Z9HQ8YvHqdeOjTwsR3cS7
68,"September Song","JP Cooper",40665,https://open.spotify.com/track/0FuTx2s3YH1ppmtiM6l0zI
69,"Monica Bellucci",RIN,40279,https://open.spotify.com/track/06ieFuGkwHCOFP2cmOBmgb
70,"No Promises (feat. Demi Lovato)","Cheat Codes",40051,https://open.spotify.com/track/1louJpMmzEicAn7lzDalPW
71,"Mask Off",Future,39133,https://open.spotify.com/track/3rOSwuTsUlJp0Pu0MkN8r8
72,"No Vacancy",OneRepublic,39033,https://open.spotify.com/track/6XOYVSmNDjKUNMXooU4s4z
73,"Ke Bock",Nemo,38688,https://open.spotify.com/track/4b5YxFDUp0RccsIIilVENq
74,Hot2Touch,"Felix Jaehn",38314,https://open.spotify.com/track/1sBhJGPUKrdRycgKxve70v
75,"Alles probiert","RAF Camora",38230,https://open.spotify.com/track/4NrwzWgZfNHb7dpNrEEQqX
76,Bonita,"J Balvin",38065,https://open.spotify.com/track/693iqPOQvhI7PobtR8CC8v
77,"Fetish (feat. Gucci Mane)","Selena Gomez",37010,https://open.spotify.com/track/0XLOf9LhyazPX9Ld8jPiUq
78,"Instruction (feat. Demi Lovato & Stefflon Don)","Jax Jones",35243,https://open.spotify.com/track/0XfOi87h82i09rQjWYG0Bm
79,"Reggaetón Lento (Remix) [CNCO & Little Mix]",CNCO,35237,https://open.spotify.com/track/3zoYkqS4y2BsGVShPL2nTE
80,"Be Mine",Ofenbach,35155,https://open.spotify.com/track/2KklXplRtxMsBYo474Es0w
81,"First Time",Kygo,35144,https://open.spotify.com/track/2Gl0FzuLxflY6nPifJp5Dr
82,Kontrollieren,"RAF Camora",34996,https://open.spotify.com/track/1uGERQ2DVv7j9WSsWzOHVp
83,"Bon Voyage","Miami Yacine",34712,https://open.spotify.com/track/7McVnXcGdaVAzjKpN1BWPb
84,goosebumps,"Travis Scott",34475,https://open.spotify.com/track/6gBFPUFcJLzWGx4lenP6h2
85,"Call On Me - Ryan Riback Extended Remix",Starley,34041,https://open.spotify.com/track/78rIJddV4X0HkNAInEcYde
86,"Escápate Conmigo",Wisin,33957,https://open.spotify.com/track/2cnKEkpVUSV4wnjQiTWfH6
87,"Kleiner Cabrón",Veysel,33872,https://open.spotify.com/track/36XNdtXaPIAfhOiyKIPpWl
88,Bros,RIN,33662,https://open.spotify.com/track/5cV34hcKf632Ry0avUxx5k
89,"I Get The Bag (feat. Migos)","Gucci Mane",33291,https://open.spotify.com/track/1HTtUBEY3tuw2btgwwI2Ja
90,"Θ. Macarena",Damso,33285,https://open.spotify.com/track/2UZW9WOPXdxw9YMG1bebS8
91,"Ohne mein Team","Bonez MC",33037,https://open.spotify.com/track/05Mp2UJulSttxQ4E6hQPH3
92,"Scared to Be Lonely","Martin Garrix",32880,https://open.spotify.com/track/3ebXMykcMXOcLeJ9xZ17XH
93,"You Don't Know Me - Radio Edit","Jax Jones",32637,https://open.spotify.com/track/00lNx0OcTJrS3MKHcB80HY
94,"Came Here for Love",Sigala,32467,https://open.spotify.com/track/3kGfazcbVvVkuZunzlLgTD
95,Millionär,"187 Strassenbande",31974,https://open.spotify.com/track/6mw02h3qbWmuq2bJCRjRAe
96,"If I'm Lucky","Jason Derulo",31431,https://open.spotify.com/track/6eUncuJutsFi9BGO1JaBHh
97,"Desert Eagle",Kurdo,30996,https://open.spotify.com/track/29CoYNq5Jn9v0xkmOGGT0s
98,"Everybody Dies In Their Nightmares",XXXTENTACION,30688,https://open.spotify.com/track/3GVkPk8mqxz0itaAriG1L7
99,"Heute mit mir",Nimo,30619,https://open.spotify.com/track/7fUWZUNj5qbEuoL6K9947g
100,Angelina,"Dabu Fantastic",30464,https://open.spotify.com/track/7diSzKYr6oXl8YlIHfvLrg
101,"Stay (with Alessia Cara)",Zedd,30046,https://open.spotify.com/track/0dA2Mk56wEzDgegdC6R17g
102,"Bye, Bye","RAF Camora",29879,https://open.spotify.com/track/6DRFMGpAzS8WKgWNOfz53q
103,"I Don’t Wanna Live Forever (Fifty Shades Darker) - From ""Fifty Shades Darker (Original Motion Picture Soundtrack)""",ZAYN,29710,https://open.spotify.com/track/3NdDpSvN911VPGivFlV5d0
104,OMG,"Camila Cabello",29427,https://open.spotify.com/track/4xBjsLUSjcx2h7PcRikpQp
105,Roots,"RAF Camora",29067,https://open.spotify.com/track/4ZvS3wPyuNaiHefG9bJsBX
106,Praying,Kesha,28804,https://open.spotify.com/track/0jdny0dhgjUwoIp5GkqEaA
107,Signs,Drake,28475,https://open.spotify.com/track/5EnYT6F7wEcdege6mDHEfO
108,"Crying in the Club","Camila Cabello",28273,https://open.spotify.com/track/1SJtlNRJDeYHioymcvsqev
109,Tired,"Alan Walker",28092,https://open.spotify.com/track/3b5Li4QKDVBx1x7fQuu54a
110,"Sign of the Times","Harry Styles",28091,https://open.spotify.com/track/5Ohxk2dO5COHF1krpoPigN
111,"Me Enamoré",Shakira,28029,https://open.spotify.com/track/4qknM1pQz53QOyfDVTjcM9
112,"Feel Good","Felix Jaehn",27937,https://open.spotify.com/track/6a9vKVMFfNBi741DVSit3H
113,"Say You Won't Let Go","James Arthur",27883,https://open.spotify.com/track/5uCax9HTNlzGybIStD3vDh
114,Photograph,"Ed Sheeran",27677,https://open.spotify.com/track/6fxVffaTuwjgEk5h9QyRjy
115,"Una Lady Como Tú","Manuel Turizo",27513,https://open.spotify.com/track/7MHN1aCFtLXjownGhvEQlF
116,"Rockabye (feat. Sean Paul & Anne-Marie)","Clean Bandit",27357,https://open.spotify.com/track/5knuzwU65gJK7IF5yJsuaW
117,"The Night We Met","Lord Huron",27263,https://open.spotify.com/track/6mORGLOz79w6VsCRLWYYuK
118,Legendary,"Welshly Arms",26917,https://open.spotify.com/track/5ysL31dJXdNK1OCI5Hlqe7
119,"Get Low (with Liam Payne)",Zedd,26567,https://open.spotify.com/track/1CKd1PnqfYx0H12V9MSaIY
120,Chantaje,Shakira,26387,https://open.spotify.com/track/6mICuAdrwEjh6Y6lroV2Kg
121,Brother,Kodaline,26201,https://open.spotify.com/track/6dVa7xk5dOoT6pOkDw1TMH
122,"Mis Huus dis Huus","Lo & Leduc",26090,https://open.spotify.com/track/62OfM84eZaGWst4otpbqaS
123,"Lambo Diablo GT (feat. Nimo)",Capo,25975,https://open.spotify.com/track/6HxFJbQahRd5rWQ752D710
124,Bass,RIN,25712,https://open.spotify.com/track/2qYDKlveGVHIh6GZXTCBZh
125,"Lose Yourself - Soundtrack Version",Eminem,25661,https://open.spotify.com/track/5Z01UMMf7V1o0MzF86s6WJ
126,Hunter,Galantis,25493,https://open.spotify.com/track/3caMfJGFp53NAH2TuigdNj
127,"Sowieso - Radio Version","Mark Forster",25462,https://open.spotify.com/track/07TAUihsoCBnLWWXuZYUyw
128,Paris,"The Chainsmokers",25456,https://open.spotify.com/track/72jbDTw1piOOj770jWNeaG
129,"Little Hollywood","Alle Farben",25190,https://open.spotify.com/track/1f3flfdU4VDM2OBDD2FMia
130,Brütigam,Dodo,25132,https://open.spotify.com/track/2MNLCZEyYnlKvVEhRfLgHc
131,"Lighthouse - Andrelli Remix","Hearts & Colors",25090,https://open.spotify.com/track/04CttTezSnv71USiiG9mIo
132,"do re mi (feat. Gucci Mane)",blackbear,25067,https://open.spotify.com/track/53mrVsi49rLHIaKBiSvElG
133,"Marmalade (feat. Lil Yachty)",Macklemore,24823,https://open.spotify.com/track/0RYXEibxMami3QuT8kn4Iz
134,"El Amante","Nicky Jam",24732,https://open.spotify.com/track/3umS4y3uQDkqekNjVpiRUs
135,Tuesday,"Burak Yeter",24698,https://open.spotify.com/track/7abpmGpF7PGep2rDU68GBR
136,"No Roots","Alice Merton",24256,https://open.spotify.com/track/7anBA0IdgFaN3Pbyk2tog0
137,"All Stars","Martin Solveig",24049,https://open.spotify.com/track/3aLSrx8qhssXrh5yjB6oy9
138,Mobali,Siboy,23992,https://open.spotify.com/track/6xcXAVbDuVT1pCsa2rmDHY
139,"Ε. Signaler",Damso,23920,https://open.spotify.com/track/03aduXwm6cTqO9bb4XFQ2b
140,Malibu,"Miley Cyrus",23868,https://open.spotify.com/track/2habSXqcJGExM6JJyskY7O
141,Blackout,RIN,23629,https://open.spotify.com/track/0AuhdBr6C98i37znwH4e69
142,Nightlife,RIN,23621,https://open.spotify.com/track/1NPAfzVZZH4lVEXNVfCjsb
143,"Shed a Light","Robin Schulz",23612,https://open.spotify.com/track/1cG0umU5TKStygKsPFZ9pY
144,"Nice Girl 2.0",Ufo361,23569,https://open.spotify.com/track/607TgBgbTvP8CTgIHN0R6q
145,Slide,"Calvin Harris",23524,https://open.spotify.com/track/7tr2za8SQg2CI8EDgrdtNl
146,Unendlichkeit,Cro,23422,https://open.spotify.com/track/5caMCe2gq8y72GVUEQEonQ
147,"Castle on the Hill","Ed Sheeran",23314,https://open.spotify.com/track/6PCUP3dWmTjcTtXY02oFdT
148,"Schall und Rauch",Manillio,23213,https://open.spotify.com/track/7aeGd0YnC3df7Mpr9KUOo0
149,"Hey DJ",CNCO,22781,https://open.spotify.com/track/209gZgcfLq2aUuu51vOWBl
150,"Robarte un Beso","Carlos Vives",22721,https://open.spotify.com/track/4z3GJkrtH97Bj6fRta983T
151,Skin,"Rag'n'Bone Man",22682,https://open.spotify.com/track/6y2Kaz9QI01XBKJ8mTb7Pf
152,"Mit den Jungz","187 Strassenbande",22633,https://open.spotify.com/track/3aDYo34VzVf2i8aJyJk0ca
153,"Wohin willst du","Gestört aber GeiL",22527,https://open.spotify.com/track/51WUacrCkukxCgym463uNN
154,Perfect,"Ed Sheeran",22475,https://open.spotify.com/track/0tgVpDi06FyKpA1z0VMD4v
155,"Whippin (feat. Felix Snow)",Kiiara,22390,https://open.spotify.com/track/3QWjljChcOMkRDYSzF33Qr
156,"Ahora Dice","Chris Jeday",22369,https://open.spotify.com/track/22eADXu8DfOAUEDw4vU8qy
157,Down,"Fifth Harmony",22296,https://open.spotify.com/track/20H2Hd5AkUcRjB4yL3UQtJ
158,Anthrazit,"RAF Camora",22260,https://open.spotify.com/track/3a0lTKu4ls7IsemVo8pvH5
159,"One Dance",Drake,22134,https://open.spotify.com/track/1xznGGDReH1oQq0xzbwXa3
160,Faded,"Alan Walker",22013,https://open.spotify.com/track/7gHs73wELdeycvS48JfIos
161,"Look At Me!",XXXTENTACION,21875,https://open.spotify.com/track/4ARPvK8DHLwt4oX65ZAFMw
162,"Sun Comes Up",Rudimental,21854,https://open.spotify.com/track/6SUocL0caib4mLHe8ZrZzi
163,Magnolia,"Playboi Carti",21812,https://open.spotify.com/track/1e1JKLEDKP7hEQzJfNAgPl
164,Wait,"Martin Jensen",21686,https://open.spotify.com/track/5XiZK7m9PLppgIzJBpw2x5
165,"Olé Olé","Capital Bra",21491,https://open.spotify.com/track/7FpW9V6XATqH6z7jhqQjlp
166,"Most Girls","Hailee Steinfeld",21438,https://open.spotify.com/track/2mfUa8bLs2s5N4VaqJZ4lZ
167,"'Till I Collapse",Eminem,21352,https://open.spotify.com/track/6yr8GiTHWvFfi4o6Q5ebdT
168,Mamacita,Ninho,21335,https://open.spotify.com/track/08GhiNwYij4HNVkBZnJvft
169,"Love Galore",SZA,21278,https://open.spotify.com/track/0q75NwOoFiARAVp4EXU4Bs
170,"All Night","The Vamps",21220,https://open.spotify.com/track/4b4KcovePX8Ke2cLIQTLM0
171,Revenge,XXXTENTACION,21192,https://open.spotify.com/track/5TXDeTFVRVY7Cvt0Dw4vWW
172,Human,"Rag'n'Bone Man",21142,https://open.spotify.com/track/58zsLZPvfflaiIbNWoA22O
173,"Party On The West Coast (feat. Snoop Dogg)",Matoma,21109,https://open.spotify.com/track/45OfR7ugJMgbFDuNOVpIq3
174,"The Way Life Goes","Lil Uzi Vert",21043,https://open.spotify.com/track/2eAZfqOm4EnOF9VvN50Tyc
175,"Perplexing Pegasus","Rae Sremmurd",21035,https://open.spotify.com/track/2nYwV62UABTH0NanrwVIdQ
176,Entertainment,"RAF Camora",20987,https://open.spotify.com/track/6JltcNxVQ1xl0LT6NTXjb3
177,Charlotta,Hecht,20894,https://open.spotify.com/track/7agNlOMDCcYFiiPCkbgAy3
178,"Super Far",LANY,20820,https://open.spotify.com/track/74ODGXs4byLTRdnKGM4s6E
179,"Rhythm n' Flouz","Celo & Abdi",20740,https://open.spotify.com/track/2LAudGqtk1ci9zTJD3Sq9B
180,Knöcheltief,Trettmann,20644,https://open.spotify.com/track/27XVTa9Eb2nO6lhhY5SbTl
181,"Can't Hold Us - feat. Ray Dalton","Macklemore & Ryan Lewis",20508,https://open.spotify.com/track/3bidbhpOYeV4knp8AIu8Xn
182,"Way Down We Go",Kaleo,20387,https://open.spotify.com/track/0y1QJc3SJVPKJ1OvFmFqe6
183,"Slippery (feat. Gucci Mane)",Migos,20383,https://open.spotify.com/track/6p8NuHm8uCGnn2Dtbtf7zE
184,"Burden Down",Micar,20337,https://open.spotify.com/track/1R8eM53yWnjsfiWktgObe7
185,"It's Gotta Be You",Isaiah,20306,https://open.spotify.com/track/6cAKeFFYW2aClZSUyvqAEW
186,"Sunset Lover","Petit Biscuit",20268,https://open.spotify.com/track/0hNduWmlWmEmuwEFcYvRu1
187,"The Ocean","Mike Perry",20247,https://open.spotify.com/track/2CPqh63wRVscbceKcPxwvv
188,Starboy,"The Weeknd",20179,https://open.spotify.com/track/5aAx2yezTd8zXrkmtKl66Z
189,Mayores,"Becky G",20164,https://open.spotify.com/track/7JNh1cfm0eXjqFVOzKLyau
190,"In The End","Linkin Park",20097,https://open.spotify.com/track/60a0Rd6pjrkxjPbaKzXjfq
191,"Nights With You",MØ,19859,https://open.spotify.com/track/5q5gzmbBS5yQzos2BvVr1t
192,DNA.,"Kendrick Lamar",19855,https://open.spotify.com/track/6HZILIRieu8S0iqY8kIKhj
193,"You Be Love (feat. Billy Raffoul)",Avicii,19830,https://open.spotify.com/track/12ip0ceCeszDTDFxDY1AXJ
194,"Thinking Out Loud","Ed Sheeran",19814,https://open.spotify.com/track/1Slwb6dOYkBlWal1PGtnNg
195,"Now Or Never",Halsey,19775,https://open.spotify.com/track/7i2DJ88J7jQ8K7zqFX2fW8
196,Zürimaa,Dodo,19730,https://open.spotify.com/track/0FcrYNSBoeAVNROWfbHWaf
197,Alone,"Alan Walker",19723,https://open.spotify.com/track/0JiVRyTJcJnmlwCZ854K4p
198,"Palmen aus Plastik","Bonez MC",19693,https://open.spotify.com/track/6wHRm1KR8pzVDPdmR6Qovj
199,Vienna,"RAF Camora",19673,https://open.spotify.com/track/6qCsTRYKBTzde2oBsFq5fP
200,"Roll In Peace (feat. XXXTENTACION)","Kodak Black",19633,https://open.spotify.com/track/40oKW22ZNNkEdZLJTScaQI
