Position,"Track Name",Artist,Streams,URL
1,"Mi Gente","J Balvin",166665,https://open.spotify.com/track/2rb5MvYT7ZIxbKW5hfcHx8
2,"More Than You Know","Axwell /\ Ingrosso",159462,https://open.spotify.com/track/3PEgB3fkiojxms35ntsTgs
3,Unforgettable,"French Montana",151129,https://open.spotify.com/track/3B54sVLJ402zGa6Xm4YGNe
4,"Too Good At Goodbyes","Sam Smith",142161,https://open.spotify.com/track/0mel2N9Ws9r4yLQn5QE21Y
5,"New Rules","Dua Lipa",133786,https://open.spotify.com/track/2ekn2ttSfGqwhhate0LSR0
6,Havana,"Camila Cabello",124618,https://open.spotify.com/track/0ofbQMrRDsUaVKq2mGLEAb
7,Thunder,"Imagine Dragons",123993,https://open.spotify.com/track/0tKcYR2II1VCQWT79i5NrW
8,"Dusk Till Dawn - Radio Edit",ZAYN,122989,https://open.spotify.com/track/1j4kHkkpqZRBwE0A4CN4Yv
9,"Look What You Made Me Do","Taylor Swift",118747,https://open.spotify.com/track/6uFsE1JgZ20EXyU0JQZbUR
10,Mama,"Jonas Blue",117631,https://open.spotify.com/track/0NiXXAI876aGImAd6rTj8w
11,"Friends (with BloodPop®)","Justin Bieber",113171,https://open.spotify.com/track/7nZmah2llfvLDiUjm0kiyz
12,Silence,Marshmello,111831,https://open.spotify.com/track/7vGuf3Y35N4wmASOKLUVVU
13,"Shape of You","Ed Sheeran",108849,https://open.spotify.com/track/7qiZfU4dY1lWllzX7mPBI3
14,Feels,"Calvin Harris",107381,https://open.spotify.com/track/5bcTCxgc7xVfSaMV3RuVke
15,"What About Us",P!nk,106227,https://open.spotify.com/track/31MkGwj0SWgZaTvEt5Hgxv
16,OK,"Robin Schulz",105082,https://open.spotify.com/track/3bWAqKDWg6u1davspr5IkS
17,"Wild Thoughts","DJ Khaled",102064,https://open.spotify.com/track/1OAh8uOEOvTDqkKFsKksCi
18,"Glorious (feat. Skylar Grey)",Macklemore,101136,https://open.spotify.com/track/3HVr6jTVwBHBa2flM0eURR
19,"I Like Me Better",Lauv,100682,https://open.spotify.com/track/1wjzFQodRWrPcQ0AnYnvQ9
20,"Without You (feat. Sandro Cavazza)",Avicii,97477,https://open.spotify.com/track/6WbADFqMvR8N5u0BvtsWQE
21,"What Lovers Do (feat. SZA)","Maroon 5",93371,https://open.spotify.com/track/4mxWSdf71VFO52qFeY0fZt
22,1-800-273-8255,Logic,92885,https://open.spotify.com/track/5tz69p7tJuGPeMGwNTxYuV
23,Attention,"Charlie Puth",92086,https://open.spotify.com/track/4iLqG9SeJSnt0cSPICSjxv
24,"2U (feat. Justin Bieber)","David Guetta",91339,https://open.spotify.com/track/3A7qX2QjDlPnazUsRk5y0M
25,"Your Song","Rita Ora",89124,https://open.spotify.com/track/4c2W3VKsOFoIg2SFaO6DY5
26,Primo,"RAF Camora",83164,https://open.spotify.com/track/7y5chiQbuvviOYUfUmOPqo
27,"Sorry Not Sorry","Demi Lovato",82033,https://open.spotify.com/track/25C5CowdsfXld2jJanbiex
28,"Me Rehúso","Danny Ocean",80946,https://open.spotify.com/track/6De0lHrwBfPfrhorm9q1Xl
29,"Strip That Down","Liam Payne",80018,https://open.spotify.com/track/6EpRaXYhGOB3fj4V2uDkMJ
30,"Despacito (Featuring Daddy Yankee)","Luis Fonsi",79864,https://open.spotify.com/track/4aWmUDTfIPGksMNLV2rQP2
31,Réseaux,Niska,78370,https://open.spotify.com/track/2Pu2Kcm1cwFg4dDSdmFip4
32,"Rich Love (with Seeb)",OneRepublic,77106,https://open.spotify.com/track/7aF09WaavZAmAWuUeYxlYD
33,"Jocelyn Flores",XXXTENTACION,75857,https://open.spotify.com/track/7m9OqQk4RVRkw9JJdeAw96
34,"XO TOUR Llif3","Lil Uzi Vert",75653,https://open.spotify.com/track/7GX5flRQZVHRAGd6B4TmDO
35,"Lonely Together (feat. Rita Ora)",Avicii,75642,https://open.spotify.com/track/2OALaHcDdKkjYEpAr0Qzab
36,"There's Nothing Holdin' Me Back","Shawn Mendes",75518,https://open.spotify.com/track/79cuOz3SPQTuFrp8WgftAu
37,"Feel It Still","Portugal. The Man",75344,https://open.spotify.com/track/6QgjcU0zLnzq5OrUoSZ3OK
38,"...Ready For It?","Taylor Swift",72724,https://open.spotify.com/track/19WjVVgXjdKXfLXoaDPwTM
39,"Something Just Like This","The Chainsmokers",72137,https://open.spotify.com/track/6RUKPb4LETWmmr3iAEQktW
40,"Back to You (feat. Bebe Rexha & Digital Farm Animals)","Louis Tomlinson",72129,https://open.spotify.com/track/7F9vK8hNFMml4GtHsaXui6
41,"Summer Air",ItaloBrothers,71642,https://open.spotify.com/track/0V9cosR5jWa4fr2koARmhD
42,"Butterfly Effect","Travis Scott",69950,https://open.spotify.com/track/1yxgsra98r3qAtxqiGZPiX
43,"Bank Account","21 Savage",69643,https://open.spotify.com/track/5eqK0tbzUPo2SoeZsov04s
44,Believer,"Imagine Dragons",67381,https://open.spotify.com/track/0CcQNd8CINkwQfe1RDtGV6
45,"Despacito - Remix","Luis Fonsi",66524,https://open.spotify.com/track/5CtI0qwDJkDQGwXD1H1cLb
46,Senorita,"Kay One",64399,https://open.spotify.com/track/5OHOykHs3Ct2pgbqod8uMD
47,"Young Dumb & Broke",Khalid,63044,https://open.spotify.com/track/5Z3GHaZ6ec9bsiI5BenrbY
48,"Swalla (feat. Nicki Minaj & Ty Dolla $ign)","Jason Derulo",62231,https://open.spotify.com/track/6kex4EBAj0WHXDKZMEJaaF
49,"Symphony (feat. Zara Larsson)","Clean Bandit",61075,https://open.spotify.com/track/1x5sYLZiu9r5E43kMlt9f8
50,"There for You","Martin Garrix",55350,https://open.spotify.com/track/6jA8HL9i4QGzsj6fjoxp8Y
51,Du,Nemo,53787,https://open.spotify.com/track/0EM85Qj3526QtxCBOQL6rT
52,"Complicated (feat. Kiiara)","Dimitri Vegas & Like Mike",53643,https://open.spotify.com/track/1Sl3njkhhz8nrSPZroDQ82
53,"De l'autre côté (feat. Nekfeu)",Ninho,53324,https://open.spotify.com/track/3ldfGgw7IoLHbaqmspX3ME
54,"Pretty Girl - Cheat Codes X CADE Remix","Maggie Lindemann",52885,https://open.spotify.com/track/1NDxZ7cFAo481dtYWdrUnR
55,"Solo Dance","Martin Jensen",50900,https://open.spotify.com/track/6HUnnBwYZqcED1eQztxMBN
56,"I'm the One","DJ Khaled",50531,https://open.spotify.com/track/3DXncPQOG4VBw3QHh3S817
57,"Felices los 4",Maluma,48891,https://open.spotify.com/track/0qYTZCo5Bwh1nsUFGZP3zn
58,"It Ain't Me (with Selena Gomez)",Kygo,48771,https://open.spotify.com/track/3eR23VReFzcdmS7TYCrhCe
59,"Galway Girl","Ed Sheeran",48697,https://open.spotify.com/track/0afhq8XCExXpqazXczTSve
60,"Would You Ever",Skrillex,48571,https://open.spotify.com/track/57p8CBvPOxrvyCbn6ttl5r
61,HUMBLE.,"Kendrick Lamar",47466,https://open.spotify.com/track/7KXjTSCq5nL1LoYtL7XAwS
62,"Slow Hands","Niall Horan",45783,https://open.spotify.com/track/167NczpNbRF7oWakJaY3Hh
63,Caramelo,Ninho,45527,https://open.spotify.com/track/4fuhLKAuSxRY5OO2hwARlY
64,"Andere Liga","RAF Camora",45157,https://open.spotify.com/track/2NWZiXyRdKEolP8QrjBGmp
65,"Fuck Love (feat. Trippie Redd)",XXXTENTACION,43821,https://open.spotify.com/track/7AQim7LbvFVZJE3O8TYgf2
66,"Know No Better (feat. Quavo)","Major Lazer",42703,https://open.spotify.com/track/3Ytr1SUCUi6J3L9dRFx5iH
67,Mamacita,Ninho,42510,https://open.spotify.com/track/35gJuqfvrdlCA2MmAtaD3J
68,Hot2Touch,"Felix Jaehn",42326,https://open.spotify.com/track/1sBhJGPUKrdRycgKxve70v
69,Questions,"Chris Brown",41055,https://open.spotify.com/track/5XQMr19TL7Mfksq9zihbOu
70,"Bodak Yellow","Cardi B",40915,https://open.spotify.com/track/2771LMNxwf62FTAdpJMQfM
71,"SUBEME LA RADIO","Enrique Iglesias",40642,https://open.spotify.com/track/7nKBxz47S9SD79N086fuhn
72,Rose,Ninho,40487,https://open.spotify.com/track/4Ln4KAwk37peyCh2QpqYnP
73,"Two High","Moon Taxi",40368,https://open.spotify.com/track/0Z9HQ8YvHqdeOjTwsR3cS7
74,Großstadtdschungel,"Miami Yacine",39359,https://open.spotify.com/track/38mwJAySCI0sxFWJvN3KbC
75,"September Song","JP Cooper",38751,https://open.spotify.com/track/0FuTx2s3YH1ppmtiM6l0zI
76,Congratulations,"Post Malone",38692,https://open.spotify.com/track/3a1lNhkSLSkpJE4MSHpDu9
77,"Kleiner Cabrón",Veysel,38684,https://open.spotify.com/track/36XNdtXaPIAfhOiyKIPpWl
78,"Elle m'a eu",Ninho,38634,https://open.spotify.com/track/78DktVruMrKYyv6rjdKDMM
79,Issues,"Julia Michaels",38037,https://open.spotify.com/track/0xG0SHshCStMEyNbNC5d4k
80,"Mask Off",Future,37918,https://open.spotify.com/track/3rOSwuTsUlJp0Pu0MkN8r8
81,Bonita,"J Balvin",36803,https://open.spotify.com/track/693iqPOQvhI7PobtR8CC8v
82,"No Vacancy",OneRepublic,36629,https://open.spotify.com/track/6XOYVSmNDjKUNMXooU4s4z
83,"Bon Voyage","Miami Yacine",36449,https://open.spotify.com/track/7McVnXcGdaVAzjKpN1BWPb
84,"unendlichkeit - Main Edit",Cro,35352,https://open.spotify.com/track/00xBJ1IJSkErFWuuHxLPoP
85,"No Promises (feat. Demi Lovato)","Cheat Codes",34292,https://open.spotify.com/track/1louJpMmzEicAn7lzDalPW
86,"Instruction (feat. Demi Lovato & Stefflon Don)","Jax Jones",34160,https://open.spotify.com/track/0XfOi87h82i09rQjWYG0Bm
87,goosebumps,"Travis Scott",33977,https://open.spotify.com/track/6gBFPUFcJLzWGx4lenP6h2
88,"Ohne mein Team","Bonez MC",33837,https://open.spotify.com/track/05Mp2UJulSttxQ4E6hQPH3
89,"Call On Me - Ryan Riback Extended Remix",Starley,33765,https://open.spotify.com/track/78rIJddV4X0HkNAInEcYde
90,"Laisse pas traîner ton fils (feat. Sofiane)",Ninho,33522,https://open.spotify.com/track/1Fv767CH5YFrjo6HwzHnpR
91,Chino,Ninho,33148,https://open.spotify.com/track/3p4bezMTUHn0u1D8C1uJrz
92,"Θ. Macarena",Damso,33061,https://open.spotify.com/track/2UZW9WOPXdxw9YMG1bebS8
93,Kontrollieren,"RAF Camora",32748,https://open.spotify.com/track/1uGERQ2DVv7j9WSsWzOHVp
94,"Reggaetón Lento (Remix) [CNCO & Little Mix]",CNCO,32433,https://open.spotify.com/track/3zoYkqS4y2BsGVShPL2nTE
95,"First Time",Kygo,32248,https://open.spotify.com/track/2Gl0FzuLxflY6nPifJp5Dr
96,"Alles probiert","RAF Camora",32074,https://open.spotify.com/track/4NrwzWgZfNHb7dpNrEEQqX
97,"Ke Bock",Nemo,31897,https://open.spotify.com/track/4b5YxFDUp0RccsIIilVENq
98,"Scared to Be Lonely","Martin Garrix",31745,https://open.spotify.com/track/3ebXMykcMXOcLeJ9xZ17XH
99,"Heute mit mir",Nimo,31730,https://open.spotify.com/track/7fUWZUNj5qbEuoL6K9947g
100,"I Don’t Wanna Live Forever (Fifty Shades Darker) - From ""Fifty Shades Darker (Original Motion Picture Soundtrack)""",ZAYN,31165,https://open.spotify.com/track/3NdDpSvN911VPGivFlV5d0
101,"Monica Bellucci",RIN,31088,https://open.spotify.com/track/06ieFuGkwHCOFP2cmOBmgb
102,"Comme prévu",Ninho,30983,https://open.spotify.com/track/3AqwdLkl62kRTE8TwXxeIM
103,"Be Mine",Ofenbach,30667,https://open.spotify.com/track/2KklXplRtxMsBYo474Es0w
104,"I Get The Bag (feat. Migos)","Gucci Mane",30664,https://open.spotify.com/track/1HTtUBEY3tuw2btgwwI2Ja
105,"You Don't Know Me - Radio Edit","Jax Jones",30249,https://open.spotify.com/track/00lNx0OcTJrS3MKHcB80HY
106,"Lové (feat. Gradur)",Ninho,29957,https://open.spotify.com/track/4HeTbgW1dDHxE8LrNL5HDP
107,"Feel Good","Felix Jaehn",29839,https://open.spotify.com/track/6a9vKVMFfNBi741DVSit3H
108,"Came Here for Love",Sigala,29575,https://open.spotify.com/track/3kGfazcbVvVkuZunzlLgTD
109,"Fetish (feat. Gucci Mane)","Selena Gomez",29506,https://open.spotify.com/track/0XLOf9LhyazPX9Ld8jPiUq
110,Millionär,"187 Strassenbande",29445,https://open.spotify.com/track/6mw02h3qbWmuq2bJCRjRAe
111,"Escápate Conmigo",Wisin,29256,https://open.spotify.com/track/2cnKEkpVUSV4wnjQiTWfH6
112,"If I'm Lucky","Jason Derulo",29237,https://open.spotify.com/track/6eUncuJutsFi9BGO1JaBHh
113,"Crying in the Club","Camila Cabello",28527,https://open.spotify.com/track/1SJtlNRJDeYHioymcvsqev
114,"Stay (with Alessia Cara)",Zedd,28300,https://open.spotify.com/track/0dA2Mk56wEzDgegdC6R17g
115,"The Night We Met","Lord Huron",28212,https://open.spotify.com/track/6mORGLOz79w6VsCRLWYYuK
116,"Sign of the Times","Harry Styles",28145,https://open.spotify.com/track/5Ohxk2dO5COHF1krpoPigN
117,Angelina,"Dabu Fantastic",27887,https://open.spotify.com/track/7diSzKYr6oXl8YlIHfvLrg
118,Wait,"Martin Jensen",27778,https://open.spotify.com/track/5XiZK7m9PLppgIzJBpw2x5
119,"Say You Won't Let Go","James Arthur",27383,https://open.spotify.com/track/5uCax9HTNlzGybIStD3vDh
120,"Everybody Dies In Their Nightmares",XXXTENTACION,27245,https://open.spotify.com/track/3GVkPk8mqxz0itaAriG1L7
121,Tired,"Alan Walker",26944,https://open.spotify.com/track/3b5Li4QKDVBx1x7fQuu54a
122,"Rockabye (feat. Sean Paul & Anne-Marie)","Clean Bandit",26620,https://open.spotify.com/track/5knuzwU65gJK7IF5yJsuaW
123,"Lambo Diablo GT (feat. Nimo)",Capo,26575,https://open.spotify.com/track/6HxFJbQahRd5rWQ752D710
124,Signs,Drake,26528,https://open.spotify.com/track/5EnYT6F7wEcdege6mDHEfO
125,OMG,"Camila Cabello",26498,https://open.spotify.com/track/4xBjsLUSjcx2h7PcRikpQp
126,"Una Lady Como Tú","Manuel Turizo",26469,https://open.spotify.com/track/7MHN1aCFtLXjownGhvEQlF
127,"I Believe I'm Fine","Robin Schulz",26227,https://open.spotify.com/track/7Lgpic8BsBJR4jFrr9abbz
128,"Sowieso - Radio Version","Mark Forster",26147,https://open.spotify.com/track/07TAUihsoCBnLWWXuZYUyw
129,Photograph,"Ed Sheeran",26133,https://open.spotify.com/track/6fxVffaTuwjgEk5h9QyRjy
130,Bros,RIN,26016,https://open.spotify.com/track/5cV34hcKf632Ry0avUxx5k
131,"HLM ou Palace",Ninho,26006,https://open.spotify.com/track/0IrzlAmB2W08MZynOctOhI
132,Perfect,"Ed Sheeran",25977,https://open.spotify.com/track/0tgVpDi06FyKpA1z0VMD4v
133,"Lose Yourself - Soundtrack Version",Eminem,25827,https://open.spotify.com/track/5Z01UMMf7V1o0MzF86s6WJ
134,"Lighthouse - Andrelli Remix","Hearts & Colors",25745,https://open.spotify.com/track/04CttTezSnv71USiiG9mIo
135,Roro,Ninho,25627,https://open.spotify.com/track/1EifJutqv2tG7Cwwaq2ud4
136,todas,Cro,25301,https://open.spotify.com/track/6oh6njZqTXlIkHDC2tjvWi
137,"Me Enamoré",Shakira,25257,https://open.spotify.com/track/4qknM1pQz53QOyfDVTjcM9
138,"Get Low (with Liam Payne)",Zedd,25164,https://open.spotify.com/track/1CKd1PnqfYx0H12V9MSaIY
139,Pourquoi,Ninho,24990,https://open.spotify.com/track/4wbmLB3IZzEIgi7VGAb0lf
140,Chantaje,Shakira,24951,https://open.spotify.com/track/6mICuAdrwEjh6Y6lroV2Kg
141,Paris,"The Chainsmokers",24742,https://open.spotify.com/track/72jbDTw1piOOj770jWNeaG
142,Legendary,"Welshly Arms",24653,https://open.spotify.com/track/5ysL31dJXdNK1OCI5Hlqe7
143,"No Roots","Alice Merton",24634,https://open.spotify.com/track/7anBA0IdgFaN3Pbyk2tog0
144,Brother,Kodaline,24610,https://open.spotify.com/track/6dVa7xk5dOoT6pOkDw1TMH
145,"Dita (feat. Hös)",Ninho,24604,https://open.spotify.com/track/5yJ7tCEbgBC8ewZzUy0dBF
146,"Little Hollywood","Alle Farben",24136,https://open.spotify.com/track/1f3flfdU4VDM2OBDD2FMia
147,"Nice Girl 2.0",Ufo361,24016,https://open.spotify.com/track/607TgBgbTvP8CTgIHN0R6q
148,"Ε. Signaler",Damso,24008,https://open.spotify.com/track/03aduXwm6cTqO9bb4XFQ2b
149,Mobali,Siboy,23921,https://open.spotify.com/track/6xcXAVbDuVT1pCsa2rmDHY
150,Hunter,Galantis,23854,https://open.spotify.com/track/3caMfJGFp53NAH2TuigdNj
151,Tuesday,"Burak Yeter",23852,https://open.spotify.com/track/7abpmGpF7PGep2rDU68GBR
152,"Bye, Bye","RAF Camora",23537,https://open.spotify.com/track/6DRFMGpAzS8WKgWNOfz53q
153,Praying,Kesha,23385,https://open.spotify.com/track/0jdny0dhgjUwoIp5GkqEaA
154,Carbozo,Ninho,23249,https://open.spotify.com/track/1YSqt7M3WZe5Fgdu5KUruc
155,"Shed a Light","Robin Schulz",23217,https://open.spotify.com/track/1cG0umU5TKStygKsPFZ9pY
156,"do re mi (feat. Gucci Mane)",blackbear,23120,https://open.spotify.com/track/53mrVsi49rLHIaKBiSvElG
157,"Let Me Go (with Alesso, Florida Georgia Line & watt)","Hailee Steinfeld",22979,https://open.spotify.com/track/5Gu0PDLN4YJeW75PpBSg9p
158,"Castle on the Hill","Ed Sheeran",22891,https://open.spotify.com/track/6PCUP3dWmTjcTtXY02oFdT
159,"Mis Huus dis Huus","Lo & Leduc",22816,https://open.spotify.com/track/62OfM84eZaGWst4otpbqaS
160,Malibu,"Miley Cyrus",22730,https://open.spotify.com/track/2habSXqcJGExM6JJyskY7O
161,"Whippin (feat. Felix Snow)",Kiiara,22646,https://open.spotify.com/track/3QWjljChcOMkRDYSzF33Qr
162,tru,Cro,22643,https://open.spotify.com/track/3oTNeTXw2gk2y6iLUrYPO9
163,Faded,"Alan Walker",22619,https://open.spotify.com/track/7gHs73wELdeycvS48JfIos
164,Roots,"RAF Camora",22330,https://open.spotify.com/track/4ZvS3wPyuNaiHefG9bJsBX
165,"Ce soir (feat. Alonzo)",Ninho,22233,https://open.spotify.com/track/1QH6Irlx3h57TyLjJmNufU
166,Skin,"Rag'n'Bone Man",21966,https://open.spotify.com/track/6y2Kaz9QI01XBKJ8mTb7Pf
167,"forrest gump",Cro,21889,https://open.spotify.com/track/5m9kKKdZckx60Acxnmszdn
168,"Wohin willst du","Gestört aber GeiL",21870,https://open.spotify.com/track/51WUacrCkukxCgym463uNN
169,"El Amante","Nicky Jam",21702,https://open.spotify.com/track/3umS4y3uQDkqekNjVpiRUs
170,"Most Girls","Hailee Steinfeld",21664,https://open.spotify.com/track/2mfUa8bLs2s5N4VaqJZ4lZ
171,"Gucci Gang","Lil Pump",21579,https://open.spotify.com/track/6foxplXS0YEq8cO374Lty4
172,"'Till I Collapse",Eminem,21546,https://open.spotify.com/track/6yr8GiTHWvFfi4o6Q5ebdT
173,Slide,"Calvin Harris",21541,https://open.spotify.com/track/7tr2za8SQg2CI8EDgrdtNl
174,"Mit den Jungz","187 Strassenbande",21345,https://open.spotify.com/track/3aDYo34VzVf2i8aJyJk0ca
175,"One Dance",Drake,21341,https://open.spotify.com/track/1xznGGDReH1oQq0xzbwXa3
176,"Robarte un Beso","Carlos Vives",21328,https://open.spotify.com/track/4z3GJkrtH97Bj6fRta983T
177,"Sun Comes Up",Rudimental,21112,https://open.spotify.com/track/6SUocL0caib4mLHe8ZrZzi
178,"Thinking Out Loud","Ed Sheeran",21100,https://open.spotify.com/track/1Slwb6dOYkBlWal1PGtnNg
179,"Desert Eagle",Kurdo,20977,https://open.spotify.com/track/29CoYNq5Jn9v0xkmOGGT0s
180,"All Night","The Vamps",20955,https://open.spotify.com/track/4b4KcovePX8Ke2cLIQTLM0
181,Human,"Rag'n'Bone Man",20948,https://open.spotify.com/track/58zsLZPvfflaiIbNWoA22O
182,"All Stars","Martin Solveig",20940,https://open.spotify.com/track/3aLSrx8qhssXrh5yjB6oy9
183,"Rhythm n' Flouz","Celo & Abdi",20924,https://open.spotify.com/track/2LAudGqtk1ci9zTJD3Sq9B
184,"Way Down We Go",Kaleo,20915,https://open.spotify.com/track/0y1QJc3SJVPKJ1OvFmFqe6
185,"Look At Me!",XXXTENTACION,20912,https://open.spotify.com/track/4ARPvK8DHLwt4oX65ZAFMw
186,"Ahora Dice","Chris Jeday",20823,https://open.spotify.com/track/22eADXu8DfOAUEDw4vU8qy
187,"Slippery (feat. Gucci Mane)",Migos,20823,https://open.spotify.com/track/6p8NuHm8uCGnn2Dtbtf7zE
188,"Hey DJ",CNCO,20475,https://open.spotify.com/track/209gZgcfLq2aUuu51vOWBl
189,Brütigam,Dodo,20407,https://open.spotify.com/track/2MNLCZEyYnlKvVEhRfLgHc
190,Mayores,"Becky G",20387,https://open.spotify.com/track/7JNh1cfm0eXjqFVOzKLyau
191,"Je pense à toi","Hornet La Frappe",20340,https://open.spotify.com/track/6jTEKtJvIoECSQMEZoLmjR
192,"Nights With You",MØ,20334,https://open.spotify.com/track/5q5gzmbBS5yQzos2BvVr1t
193,"In The End","Linkin Park",20262,https://open.spotify.com/track/60a0Rd6pjrkxjPbaKzXjfq
194,"I Feel It Coming","The Weeknd",20256,https://open.spotify.com/track/5GXAXm5YOmYT0kL5jHvYBt
195,"Olé Olé","Capital Bra",20112,https://open.spotify.com/track/7FpW9V6XATqH6z7jhqQjlp
196,Magnolia,"Playboi Carti",20107,https://open.spotify.com/track/1e1JKLEDKP7hEQzJfNAgPl
197,"It's Gotta Be You",Isaiah,20088,https://open.spotify.com/track/6cAKeFFYW2aClZSUyvqAEW
198,Charlotta,Hecht,20037,https://open.spotify.com/track/7w3DI4aaFM6cG1nUx11U4h
199,"Wonderwall - Remastered",Oasis,20007,https://open.spotify.com/track/5qqabIl2vWzo9ApSC317sa
200,"Can't Hold Us - feat. Ray Dalton","Macklemore & Ryan Lewis",19888,https://open.spotify.com/track/3bidbhpOYeV4knp8AIu8Xn
