Position,"Track Name",Artist,Streams,URL
1,"Mi Gente","J Balvin",216526,https://open.spotify.com/track/2rb5MvYT7ZIxbKW5hfcHx8
2,Unforgettable,"French Montana",171202,https://open.spotify.com/track/3B54sVLJ402zGa6Xm4YGNe
3,"Wild Thoughts","DJ Khaled",161004,https://open.spotify.com/track/1OAh8uOEOvTDqkKFsKksCi
4,"More Than You Know","Axwell /\ Ingrosso",160654,https://open.spotify.com/track/3PEgB3fkiojxms35ntsTgs
5,Thunder,"Imagine Dragons",153473,https://open.spotify.com/track/0tKcYR2II1VCQWT79i5NrW
6,Mama,"Jonas Blue",148627,https://open.spotify.com/track/0NiXXAI876aGImAd6rTj8w
7,"2U (feat. Justin Bieber)","David Guetta",146087,https://open.spotify.com/track/3A7qX2QjDlPnazUsRk5y0M
8,"Despacito - Remix","Luis Fonsi",142712,https://open.spotify.com/track/5CtI0qwDJkDQGwXD1H1cLb
9,OK,"Robin Schulz",130680,https://open.spotify.com/track/3bWAqKDWg6u1davspr5IkS
10,"Shape of You","Ed Sheeran",130007,https://open.spotify.com/track/7qiZfU4dY1lWllzX7mPBI3
11,Feels,"Calvin Harris",117812,https://open.spotify.com/track/5bcTCxgc7xVfSaMV3RuVke
12,"Your Song","Rita Ora",113751,https://open.spotify.com/track/4c2W3VKsOFoIg2SFaO6DY5
13,Attention,"Charlie Puth",113586,https://open.spotify.com/track/4iLqG9SeJSnt0cSPICSjxv
14,"Despacito (Featuring Daddy Yankee)","Luis Fonsi",113384,https://open.spotify.com/track/4aWmUDTfIPGksMNLV2rQP2
15,"I'm the One","DJ Khaled",112728,https://open.spotify.com/track/3DXncPQOG4VBw3QHh3S817
16,"There's Nothing Holdin' Me Back","Shawn Mendes",105572,https://open.spotify.com/track/79cuOz3SPQTuFrp8WgftAu
17,"There for You","Martin Garrix",105519,https://open.spotify.com/track/6jA8HL9i4QGzsj6fjoxp8Y
18,"SUBEME LA RADIO","Enrique Iglesias",98811,https://open.spotify.com/track/7nKBxz47S9SD79N086fuhn
19,Believer,"Imagine Dragons",97204,https://open.spotify.com/track/0CcQNd8CINkwQfe1RDtGV6
20,"Strip That Down","Liam Payne",97030,https://open.spotify.com/track/6EpRaXYhGOB3fj4V2uDkMJ
21,"Pretty Girl - Cheat Codes X CADE Remix","Maggie Lindemann",93020,https://open.spotify.com/track/1NDxZ7cFAo481dtYWdrUnR
22,"Glorious (feat. Skylar Grey)",Macklemore,92912,https://open.spotify.com/track/3HVr6jTVwBHBa2flM0eURR
23,"Symphony (feat. Zara Larsson)","Clean Bandit",90526,https://open.spotify.com/track/1x5sYLZiu9r5E43kMlt9f8
24,"Swalla (feat. Nicki Minaj & Ty Dolla $ign)","Jason Derulo",89515,https://open.spotify.com/track/6kex4EBAj0WHXDKZMEJaaF
25,"Know No Better (feat. Quavo)","Major Lazer",88118,https://open.spotify.com/track/3Ytr1SUCUi6J3L9dRFx5iH
26,"Fetish (feat. Gucci Mane)","Selena Gomez",87938,https://open.spotify.com/track/0XLOf9LhyazPX9Ld8jPiUq
27,"Something Just Like This","The Chainsmokers",82580,https://open.spotify.com/track/6RUKPb4LETWmmr3iAEQktW
28,"XO TOUR Llif3","Lil Uzi Vert",82270,https://open.spotify.com/track/2eMwDehkIC1j68U6FA3Eiq
29,"I Like Me Better",Lauv,81996,https://open.spotify.com/track/1wjzFQodRWrPcQ0AnYnvQ9
30,"New Rules","Dua Lipa",79608,https://open.spotify.com/track/2ekn2ttSfGqwhhate0LSR0
31,"Summer Air",ItaloBrothers,76521,https://open.spotify.com/track/3GPI7hYiqD6enLRobhkBm8
32,"Butterfly Effect","Travis Scott",74627,https://open.spotify.com/track/1yxgsra98r3qAtxqiGZPiX
33,"Me Rehúso","Danny Ocean",74252,https://open.spotify.com/track/6De0lHrwBfPfrhorm9q1Xl
34,"Sorry Not Sorry","Demi Lovato",72817,https://open.spotify.com/track/25C5CowdsfXld2jJanbiex
35,"Galway Girl","Ed Sheeran",69508,https://open.spotify.com/track/0afhq8XCExXpqazXczTSve
36,"Crying in the Club","Camila Cabello",69135,https://open.spotify.com/track/1SJtlNRJDeYHioymcvsqev
37,Signs,Drake,68898,https://open.spotify.com/track/5EnYT6F7wEcdege6mDHEfO
38,"No Promises (feat. Demi Lovato)","Cheat Codes",68401,https://open.spotify.com/track/1louJpMmzEicAn7lzDalPW
39,"Back to You (feat. Bebe Rexha & Digital Farm Animals)","Louis Tomlinson",66091,https://open.spotify.com/track/7F9vK8hNFMml4GtHsaXui6
40,"Mask Off",Future,65684,https://open.spotify.com/track/3rOSwuTsUlJp0Pu0MkN8r8
41,"Felices los 4",Maluma,63840,https://open.spotify.com/track/0qYTZCo5Bwh1nsUFGZP3zn
42,Slide,"Calvin Harris",63198,https://open.spotify.com/track/7tr2za8SQg2CI8EDgrdtNl
43,"No Vacancy",OneRepublic,61135,https://open.spotify.com/track/6XOYVSmNDjKUNMXooU4s4z
44,"Slow Hands","Niall Horan",60926,https://open.spotify.com/track/167NczpNbRF7oWakJaY3Hh
45,"It Ain't Me (with Selena Gomez)",Kygo,59922,https://open.spotify.com/track/3eR23VReFzcdmS7TYCrhCe
46,"Bad Liar","Selena Gomez",59239,https://open.spotify.com/track/1sCxVKWImDZSZKvG0U9B23
47,"Came Here for Love",Sigala,58671,https://open.spotify.com/track/3kGfazcbVvVkuZunzlLgTD
48,HUMBLE.,"Kendrick Lamar",58558,https://open.spotify.com/track/7KXjTSCq5nL1LoYtL7XAwS
49,Congratulations,"Post Malone",58068,https://open.spotify.com/track/3a1lNhkSLSkpJE4MSHpDu9
50,Millionär,"187 Strassenbande",54617,https://open.spotify.com/track/6mw02h3qbWmuq2bJCRjRAe
51,"Rich Love (with Seeb)",OneRepublic,51820,https://open.spotify.com/track/7aF09WaavZAmAWuUeYxlYD
52,"Two High","Moon Taxi",49071,https://open.spotify.com/track/3sJHkcxojoJD2Ytbo1yLLF
53,"Stay (with Alessia Cara)",Zedd,48646,https://open.spotify.com/track/0dA2Mk56wEzDgegdC6R17g
54,Hunter,Galantis,47929,https://open.spotify.com/track/3caMfJGFp53NAH2TuigdNj
55,Hot2Touch,"Felix Jaehn",47144,https://open.spotify.com/track/1sBhJGPUKrdRycgKxve70v
56,"You Don't Know Me - Radio Edit","Jax Jones",46247,https://open.spotify.com/track/00lNx0OcTJrS3MKHcB80HY
57,"Solo Dance","Martin Jensen",46072,https://open.spotify.com/track/6HUnnBwYZqcED1eQztxMBN
58,"First Time",Kygo,45633,https://open.spotify.com/track/2Gl0FzuLxflY6nPifJp5Dr
59,"Shed a Light","Robin Schulz",45016,https://open.spotify.com/track/1cG0umU5TKStygKsPFZ9pY
60,"In The End","Linkin Park",43921,https://open.spotify.com/track/60a0Rd6pjrkxjPbaKzXjfq
61,"Feel It Still","Portugal. The Man",42887,https://open.spotify.com/track/6QgjcU0zLnzq5OrUoSZ3OK
62,"Escápate Conmigo",Wisin,42866,https://open.spotify.com/track/2cnKEkpVUSV4wnjQiTWfH6
63,"Bank Account","21 Savage",42694,https://open.spotify.com/track/5eqK0tbzUPo2SoeZsov04s
64,Réseaux,Niska,42036,https://open.spotify.com/track/2Pu2Kcm1cwFg4dDSdmFip4
65,"Bon Voyage","Miami Yacine",41886,https://open.spotify.com/track/7McVnXcGdaVAzjKpN1BWPb
66,Redbone,"Childish Gambino",41511,https://open.spotify.com/track/3kxfsdsCpFgN412fpnW85Y
67,"Be Mine",Ofenbach,39769,https://open.spotify.com/track/2KklXplRtxMsBYo474Es0w
68,Tired,"Alan Walker",39507,https://open.spotify.com/track/3b5Li4QKDVBx1x7fQuu54a
69,Issues,"Julia Michaels",39479,https://open.spotify.com/track/6D0b04NJIKfEMg040WioJQ
70,Down,"Fifth Harmony",39027,https://open.spotify.com/track/7LEydI5NfjY6mZfKwYIptZ
71,"Get Low (with Liam Payne)",Zedd,38127,https://open.spotify.com/track/1CKd1PnqfYx0H12V9MSaIY
72,"Scared to Be Lonely","Martin Garrix",37542,https://open.spotify.com/track/3ebXMykcMXOcLeJ9xZ17XH
73,Location,Khalid,37241,https://open.spotify.com/track/152lZdxL1OR0ZMW6KquMif
74,goosebumps,"Travis Scott",36242,https://open.spotify.com/track/6gBFPUFcJLzWGx4lenP6h2
75,"Heute mit mir",Nimo,36241,https://open.spotify.com/track/7fUWZUNj5qbEuoL6K9947g
76,Rollin,"Calvin Harris",36065,https://open.spotify.com/track/0lMbuWUpfTWhEmOKxppEau
77,"Call On Me - Ryan Riback Extended Remix",Starley,35235,https://open.spotify.com/track/78rIJddV4X0HkNAInEcYde
78,Numb,"Linkin Park",35069,https://open.spotify.com/track/2nLtzopw4rPReszdYBJU6h
79,"Heavy (feat. Kiiara)","Linkin Park",34826,https://open.spotify.com/track/104buTcnP2AsxqB7U1FIZ4
80,"Most Girls","Hailee Steinfeld",34231,https://open.spotify.com/track/2mfUa8bLs2s5N4VaqJZ4lZ
81,"Θ. Macarena",Damso,33679,https://open.spotify.com/track/2UZW9WOPXdxw9YMG1bebS8
82,"Rockabye (feat. Sean Paul & Anne-Marie)","Clean Bandit",33478,https://open.spotify.com/track/5knuzwU65gJK7IF5yJsuaW
83,"Me Enamoré",Shakira,33244,https://open.spotify.com/track/4qknM1pQz53QOyfDVTjcM9
84,Chantaje,Shakira,32836,https://open.spotify.com/track/6mICuAdrwEjh6Y6lroV2Kg
85,"Party On The West Coast (feat. Snoop Dogg)",Matoma,32803,https://open.spotify.com/track/45OfR7ugJMgbFDuNOVpIq3
86,Malibu,"Miley Cyrus",32777,https://open.spotify.com/track/2habSXqcJGExM6JJyskY7O
87,"Ohne mein Team","Bonez MC",32204,https://open.spotify.com/track/05Mp2UJulSttxQ4E6hQPH3
88,"Now Or Never",Halsey,31848,https://open.spotify.com/track/7i2DJ88J7jQ8K7zqFX2fW8
89,"That's What I Like","Bruno Mars",31841,https://open.spotify.com/track/0KKkJNfGyhkQ5aFogxQAPU
90,"Mit den Jungz","187 Strassenbande",31009,https://open.spotify.com/track/3aDYo34VzVf2i8aJyJk0ca
91,"Ni Tú Ni Yo","Jennifer Lopez",30837,https://open.spotify.com/track/5xMzazov0IHYllrc8U2K6F
92,Praying,Kesha,30806,https://open.spotify.com/track/79NlESqzFSW0hdBWgls4FX
93,"I Don’t Wanna Live Forever (Fifty Shades Darker) - From ""Fifty Shades Darker (Original Motion Picture Soundtrack)""",ZAYN,30596,https://open.spotify.com/track/3NdDpSvN911VPGivFlV5d0
94,"Sign of the Times","Harry Styles",29924,https://open.spotify.com/track/5Ohxk2dO5COHF1krpoPigN
95,"El Amante","Nicky Jam",29870,https://open.spotify.com/track/3umS4y3uQDkqekNjVpiRUs
96,"September Song","JP Cooper",29605,https://open.spotify.com/track/0FuTx2s3YH1ppmtiM6l0zI
97,"Little Hollywood","Alle Farben",29558,https://open.spotify.com/track/1f3flfdU4VDM2OBDD2FMia
98,Tuesday,"Burak Yeter",28754,https://open.spotify.com/track/7abpmGpF7PGep2rDU68GBR
99,Paris,"The Chainsmokers",27829,https://open.spotify.com/track/72jbDTw1piOOj770jWNeaG
100,"Sunset Lover","Petit Biscuit",27592,https://open.spotify.com/track/0hNduWmlWmEmuwEFcYvRu1
101,"Castle on the Hill","Ed Sheeran",27509,https://open.spotify.com/track/6PCUP3dWmTjcTtXY02oFdT
102,"Say You Won't Let Go","James Arthur",27493,https://open.spotify.com/track/5uCax9HTNlzGybIStD3vDh
103,"Hey DJ",CNCO,27066,https://open.spotify.com/track/209gZgcfLq2aUuu51vOWBl
104,1-800-273-8255,Logic,27029,https://open.spotify.com/track/5tz69p7tJuGPeMGwNTxYuV
105,Unendlichkeit,Cro,26911,https://open.spotify.com/track/5caMCe2gq8y72GVUEQEonQ
106,"Hey Ma (with Pitbull & J Balvin feat. Camila Cabello) - Spanish Version",Pitbull,26605,https://open.spotify.com/track/2Vdub5mY4lad7w64bFPUez
107,Photograph,"Ed Sheeran",26562,https://open.spotify.com/track/6fxVffaTuwjgEk5h9QyRjy
108,"Complicated (feat. Kiiara)","Dimitri Vegas & Like Mike",26491,https://open.spotify.com/track/1Sl3njkhhz8nrSPZroDQ82
109,"Vente Pa' Ca","Ricky Martin",26378,https://open.spotify.com/track/7DM4BPaS7uofFul3ywMe46
110,"Whippin (feat. Felix Snow)",Kiiara,26314,https://open.spotify.com/track/3QWjljChcOMkRDYSzF33Qr
111,"Ahora Dice","Chris Jeday",26112,https://open.spotify.com/track/22eADXu8DfOAUEDw4vU8qy
112,"Super Far",LANY,26053,https://open.spotify.com/track/74ODGXs4byLTRdnKGM4s6E
113,"Una Lady Como Tú","Manuel Turizo",26048,https://open.spotify.com/track/7MHN1aCFtLXjownGhvEQlF
114,"Can't Hold Us - feat. Ray Dalton","Macklemore & Ryan Lewis",25719,https://open.spotify.com/track/3bidbhpOYeV4knp8AIu8Xn
115,Passionfruit,Drake,25494,https://open.spotify.com/track/7hDc8b7IXETo14hHIHdnhd
116,"Whatever It Takes","Imagine Dragons",25415,https://open.spotify.com/track/4IWAyPf1KMq7JCyGeCjTeH
117,"Slippery (feat. Gucci Mane)",Migos,25147,https://open.spotify.com/track/6p8NuHm8uCGnn2Dtbtf7zE
118,"Would You Ever",Skrillex,25137,https://open.spotify.com/track/57p8CBvPOxrvyCbn6ttl5r
119,Bonita,"J Balvin",24964,https://open.spotify.com/track/693iqPOQvhI7PobtR8CC8v
120,Places,"Martin Solveig",24828,https://open.spotify.com/track/6O85MfGECKBqAK2MgSbCaj
121,"One Dance",Drake,24802,https://open.spotify.com/track/1xznGGDReH1oQq0xzbwXa3
122,"All My Love (feat. Conor Maynard)","Cash Cash",24619,https://open.spotify.com/track/1839RWzPRZCVgvamu4sHSN
123,"Sowieso - Radio Version","Mark Forster",24322,https://open.spotify.com/track/07TAUihsoCBnLWWXuZYUyw
124,"The Night We Met","Lord Huron",24287,https://open.spotify.com/track/6mORGLOz79w6VsCRLWYYuK
125,"Lambo Diablo GT (feat. Nimo)",Capo,23995,https://open.spotify.com/track/6HxFJbQahRd5rWQ752D710
126,Skin,"Rag'n'Bone Man",23960,https://open.spotify.com/track/6y2Kaz9QI01XBKJ8mTb7Pf
127,"What I've Done","Linkin Park",23938,https://open.spotify.com/track/4kfm1uI9QGaoN9qm6CkAMn
128,Faded,"Alan Walker",23800,https://open.spotify.com/track/7gHs73wELdeycvS48JfIos
129,"Young Dumb & Broke",Khalid,23770,https://open.spotify.com/track/5Z3GHaZ6ec9bsiI5BenrbY
130,DNA.,"Kendrick Lamar",23635,https://open.spotify.com/track/6HZILIRieu8S0iqY8kIKhj
131,Hawaii,Luciano,23605,https://open.spotify.com/track/3sr3vqiXLSDIMd2XUDsHoK
132,Human,"Rag'n'Bone Man",23461,https://open.spotify.com/track/58zsLZPvfflaiIbNWoA22O
133,"Marmalade (feat. Lil Yachty)",Macklemore,23402,https://open.spotify.com/track/0RYXEibxMami3QuT8kn4Iz
134,"Reminding Me","Shawn Hook",23115,https://open.spotify.com/track/4gqMQftUs22F8pOGVn5Acr
135,"The Ocean","Mike Perry",23109,https://open.spotify.com/track/2CPqh63wRVscbceKcPxwvv
136,"Nice Girl 2.0",Ufo361,22914,https://open.spotify.com/track/607TgBgbTvP8CTgIHN0R6q
137,Perfect,"Ed Sheeran",22833,https://open.spotify.com/track/0tgVpDi06FyKpA1z0VMD4v
138,"No Roots","Alice Merton",22828,https://open.spotify.com/track/1LzguIGcb1qtA1Kw9pfwAP
139,"Wohin willst du","Gestört aber GeiL",22741,https://open.spotify.com/track/51WUacrCkukxCgym463uNN
140,"High Life","187 Strassenbande",22694,https://open.spotify.com/track/0Vy7fWzknPBpNTwJkGc7Sm
141,Starboy,"The Weeknd",22686,https://open.spotify.com/track/5aAx2yezTd8zXrkmtKl66Z
142,"All Night","The Vamps",22600,https://open.spotify.com/track/4b4KcovePX8Ke2cLIQTLM0
143,Alone,"Alan Walker",22495,https://open.spotify.com/track/0JiVRyTJcJnmlwCZ854K4p
144,"Nights With You",MØ,22421,https://open.spotify.com/track/5q5gzmbBS5yQzos2BvVr1t
145,"Issues - Alan Walker Remix","Julia Michaels",22281,https://open.spotify.com/track/6nlXWOyoCPLXXWaklOyQcb
146,"No Lie","Sean Paul",22266,https://open.spotify.com/track/3cFsmM51N5zMAuu1nNY4Tw
147,"Way Down We Go",Kaleo,22232,https://open.spotify.com/track/0y1QJc3SJVPKJ1OvFmFqe6
148,"One More Light","Linkin Park",22213,https://open.spotify.com/track/3xXBsjrbG1xQIm1xv1cKOt
149,"Lose Yourself - Soundtrack Version",Eminem,22147,https://open.spotify.com/track/5Z01UMMf7V1o0MzF86s6WJ
150,"Love Galore",SZA,21808,https://open.spotify.com/track/0q75NwOoFiARAVp4EXU4Bs
151,"Sun Comes Up",Rudimental,21567,https://open.spotify.com/track/6SUocL0caib4mLHe8ZrZzi
152,"I Feel It Coming","The Weeknd",21565,https://open.spotify.com/track/5GXAXm5YOmYT0kL5jHvYBt
153,Cocoon,"Milky Chance",21521,https://open.spotify.com/track/0L87MffumRNWrY2SNUFcvs
154,"Reggaetón Lento (Bailemos)",CNCO,21497,https://open.spotify.com/track/3AEZUABDXNtecAOSC1qTfo
155,Safari,"J Balvin",21286,https://open.spotify.com/track/6rQSrBHf7HlZjtcMZ4S4bO
156,"Good Life (with G-Eazy & Kehlani)",G-Eazy,21233,https://open.spotify.com/track/1Eck97uRMlprKOOJN9oO1E
157,"Alles probiert","RAF Camora",21038,https://open.spotify.com/track/7d2QNWdojil8IXENPnAgTv
158,"Don't Let Me Down","The Chainsmokers",20989,https://open.spotify.com/track/0QsvXIfqM0zZoerQfsI9lm
159,Kontrollieren,"RAF Camora",20944,https://open.spotify.com/track/3H25ywsvlV0ZT2XSpSU7wk
160,"Still Got Time",ZAYN,20918,https://open.spotify.com/track/000xQL6tZNLJzIrtIgxqSl
161,"Let Me Love You","DJ Snake",20901,https://open.spotify.com/track/4pdPtRcBmOSQDlJ3Fk945m
162,Closer,"The Chainsmokers",20870,https://open.spotify.com/track/7BKLCZ1jbUBVqRi2FVlTVw
163,"Ist da jemand","Adel Tawil",20740,https://open.spotify.com/track/1QzmdyU1N47jAj0ao5IvlW
164,"Cheap Thrills",Sia,20542,https://open.spotify.com/track/27SdWb2rFzO6GWiYDBTD9j
165,"Ε. Signaler",Damso,20414,https://open.spotify.com/track/03aduXwm6cTqO9bb4XFQ2b
166,Hands,"Mike Perry",20359,https://open.spotify.com/track/5VaLhE67iBHeuPKbyGS2wk
167,"Nummer 1",Zuna,20328,https://open.spotify.com/track/3sgGmPQD2J6aQduN36RDBO
168,"Treat You Better","Shawn Mendes",20323,https://open.spotify.com/track/4Hf7WnR761jpxPr5D46Bcd
169,"Come Home","Sad Eye",20235,https://open.spotify.com/track/26g6FFoDfV1ArdnIy28uST
170,"Louis Louis","Kay One",20112,https://open.spotify.com/track/7vnEuDZTbPRu5ThYoMv7G0
171,"Numb / Encore","JAY Z",20087,https://open.spotify.com/track/5sNESr6pQfIhL3krM8CtZn
172,"LOYALTY. FEAT. RIHANNA.","Kendrick Lamar",20075,https://open.spotify.com/track/6SwRhMLwNqEi6alNPVG00n
173,"Lighthouse - Andrelli Remix","Hearts & Colors",20073,https://open.spotify.com/track/04CttTezSnv71USiiG9mIo
174,Murcielago,"KC Rebell",19957,https://open.spotify.com/track/39qlqpwVzRkQP6WsILfIB5
175,Sideways,"SEASIDE HIGHLIFE",19734,https://open.spotify.com/track/35AOGxEzcsgAdzhFLutbXO
176,TG4M,"Zara Larsson",19573,https://open.spotify.com/track/4uoumbAMEMaKdtiv763jKz
177,Legendary,"Welshly Arms",19508,https://open.spotify.com/track/1HxvdVlvQH5NUPi1wsq5L1
178,Sitzheizung,"187 Strassenbande",19485,https://open.spotify.com/track/42HI1CnQ4meVfZCTSwZK0n
179,Why,"Sabrina Carpenter",19467,https://open.spotify.com/track/2jYmK1cb3Uya6FFsocdpzO
180,Happier,"Ed Sheeran",19449,https://open.spotify.com/track/2RttW7RAu5nOAfq6YFvApB
181,"Obsession (feat. Jon Bellion)",Vice,19426,https://open.spotify.com/track/5pvVAwQbuFoR7LkcicrKnk
182,"Good Goodbye (feat. Pusha T and Stormzy)","Linkin Park",19299,https://open.spotify.com/track/650OeHTLxZAQmb4aEbGmaA
183,"I Took A Pill In Ibiza - Seeb Remix","Mike Posner",19226,https://open.spotify.com/track/17Fd6Yb7mSbinKG8LoWfFl
184,"La Rompe Corazones","Daddy Yankee",19136,https://open.spotify.com/track/4okba5wu9mMLXx79DXLKi3
185,"CAN'T STOP THE FEELING! (Original Song from DreamWorks Animation's ""TROLLS"")","Justin Timberlake",19123,https://open.spotify.com/track/6JV2JOEocMgcZxYSZelKcc
186,Magnolia,"Playboi Carti",19037,https://open.spotify.com/track/1e1JKLEDKP7hEQzJfNAgPl
187,"Burden Down",Micar,19001,https://open.spotify.com/track/1R8eM53yWnjsfiWktgObe7
188,"Palmen aus Plastik","Bonez MC",18972,https://open.spotify.com/track/6wHRm1KR8pzVDPdmR6Qovj
189,"Thinking Out Loud","Ed Sheeran",18956,https://open.spotify.com/track/1Slwb6dOYkBlWal1PGtnNg
190,"Sugar (feat. Francesco Yates)","Robin Schulz",18924,https://open.spotify.com/track/5tf1VVWniHgryyumXyJM7w
191,"Bad and Boujee (feat. Lil Uzi Vert)",Migos,18880,https://open.spotify.com/track/4Km5HrUvYTaSUfiSGPJeQR
192,"Otra Vez (feat. J Balvin)","Zion & Lennox",18841,https://open.spotify.com/track/3QwBODjSEzelZyVjxPOHdq
193,"Wonderwall - Remastered",Oasis,18787,https://open.spotify.com/track/5qqabIl2vWzo9ApSC317sa
194,Bombadilla,"The Main Level",18718,https://open.spotify.com/track/4CnoD3XxuCJC7z0JE3SVWm
195,"P.Y.T. (Pretty Young Thing)","John Gibbons",18602,https://open.spotify.com/track/3Db8OhBMmNPLv2rHYoP7Wf
196,"High Without Your Love",Loote,18516,https://open.spotify.com/track/7qs2GAglLWfxEfmO8u2u0A
197,Angelina,"Dabu Fantastic",18452,https://open.spotify.com/track/7diSzKYr6oXl8YlIHfvLrg
198,"Sigo Extrañándote","J Balvin",18236,https://open.spotify.com/track/6qDF4wWL49CAVbgT7yuHl8
199,"'Till I Collapse",Eminem,18169,https://open.spotify.com/track/6yr8GiTHWvFfi4o6Q5ebdT
200,"Voglio ballare con te","Baby K",18076,https://open.spotify.com/track/14KKXLz5WHrzGOMUNFV22H
