Position,"Track Name",Artist,Streams,URL
1,"Me Rehúso","Danny Ocean",367618,https://open.spotify.com/track/6De0lHrwBfPfrhorm9q1Xl
2,"Una Lady Como Tú","Manuel Turizo",358929,https://open.spotify.com/track/7MHN1aCFtLXjownGhvEQlF
3,"Felices los 4",Maluma,344873,https://open.spotify.com/track/0qYTZCo5Bwh1nsUFGZP3zn
4,"Shape of You","Ed Sheeran",290691,https://open.spotify.com/track/7qiZfU4dY1lWllzX7mPBI3
5,"Ahora Dice","Chris Jeday",281542,https://open.spotify.com/track/22eADXu8DfOAUEDw4vU8qy
6,"Escápate Conmigo",Wisin,274411,https://open.spotify.com/track/2cnKEkpVUSV4wnjQiTWfH6
7,Bonita,"J Balvin",245466,https://open.spotify.com/track/693iqPOQvhI7PobtR8CC8v
8,Besándote,"Piso 21",234413,https://open.spotify.com/track/13X0XdLMOdtbXVtAj2ox4h
9,"El Amante","Nicky Jam",232351,https://open.spotify.com/track/3umS4y3uQDkqekNjVpiRUs
10,"Sola (Remix) [feat. Daddy Yankee, Wisin, Farruko, Zion & Lennox]","Anuel Aa",229183,https://open.spotify.com/track/5q2JbCNi4FcnglgPfxcV65
11,"Sigo Extrañándote","J Balvin",211650,https://open.spotify.com/track/6qDF4wWL49CAVbgT7yuHl8
12,"Tu Foto",Ozuna,203110,https://open.spotify.com/track/0Szp49tpFasIjX04Mcsydp
13,"Despacito (Featuring Daddy Yankee)","Luis Fonsi",199857,https://open.spotify.com/track/4aWmUDTfIPGksMNLV2rQP2
14,Besame,Valentino,199171,https://open.spotify.com/track/7Ckhk1XW5NV2k4jpqtQNlz
15,"Otra Vez (feat. J Balvin)","Zion & Lennox",193423,https://open.spotify.com/track/3QwBODjSEzelZyVjxPOHdq
16,"Hey DJ",CNCO,188311,https://open.spotify.com/track/209gZgcfLq2aUuu51vOWBl
17,"Si Tú La Ves","Nicky Jam",186915,https://open.spotify.com/track/4yN6xPLopmTLvc27pO9LIE
18,"Despacito - Remix","Luis Fonsi",180588,https://open.spotify.com/track/5CtI0qwDJkDQGwXD1H1cLb
19,"Te Quiero Pa´Mi","Don Omar",167977,https://open.spotify.com/track/3BY2mafsbsoKGqS380Xnuz
20,"SUBEME LA RADIO","Enrique Iglesias",161982,https://open.spotify.com/track/7nKBxz47S9SD79N086fuhn
21,Báilame,Nacho,160753,https://open.spotify.com/track/7lRsNbdOGykkMAgsqs4R1C
22,"Swalla (feat. Nicki Minaj & Ty Dolla $ign)","Jason Derulo",159027,https://open.spotify.com/track/6kex4EBAj0WHXDKZMEJaaF
23,"La Rompe Corazones","Daddy Yankee",156008,https://open.spotify.com/track/4okba5wu9mMLXx79DXLKi3
24,"Alguien Robo","Sebastian Yatra",153810,https://open.spotify.com/track/5i50gKdLAjjIr7UxRT5IVy
25,"Hey Ma (with Pitbull & J Balvin feat. Camila Cabello) - Spanish Version",Pitbull,150989,https://open.spotify.com/track/2Vdub5mY4lad7w64bFPUez
26,"Me Llamas (feat. Maluma) - Remix","Piso 21",145713,https://open.spotify.com/track/5hEM0JchdVzQ5PwvSfITeX
27,"Reggaetón Lento (Bailemos)",CNCO,145486,https://open.spotify.com/track/3AEZUABDXNtecAOSC1qTfo
28,"2U (feat. Justin Bieber)","David Guetta",141763,https://open.spotify.com/track/3A7qX2QjDlPnazUsRk5y0M
29,"I'm the One","DJ Khaled",135792,https://open.spotify.com/track/1jYiIOC5d6soxkJP81fxq2
30,"Me Enamoré",Shakira,134068,https://open.spotify.com/track/4qknM1pQz53QOyfDVTjcM9
31,"It Ain't Me (with Selena Gomez)",Kygo,129561,https://open.spotify.com/track/3eR23VReFzcdmS7TYCrhCe
32,Lumbra,"Cali Y El Dandee",128650,https://open.spotify.com/track/6VHdcVbiKLYYOcMbIqBcuK
33,"Something Just Like This","The Chainsmokers",123434,https://open.spotify.com/track/6RUKPb4LETWmmr3iAEQktW
34,"Ay Mi Dios",IAmChino,122926,https://open.spotify.com/track/6stYbAJgTszHAHZMPxWWCY
35,"Deja vu","Prince Royce",121814,https://open.spotify.com/track/46HdsiK0uR26B2dY9QPzda
36,"Rockabye (feat. Sean Paul & Anne-Marie)","Clean Bandit",120144,https://open.spotify.com/track/5knuzwU65gJK7IF5yJsuaW
37,"Si Tu Novio Te Deja Sola","J Balvin",119984,https://open.spotify.com/track/0RFFFGtPn6a58RHY3ccVYX
38,"Bailame Despacio",Xantos,115074,https://open.spotify.com/track/4OaTpLJIa2harufGxfOPUu
39,Traicionera,"Sebastian Yatra",114489,https://open.spotify.com/track/5J1c3M4EldCfNxXwrwt8mT
40,"That's What I Like","Bruno Mars",113904,https://open.spotify.com/track/0KKkJNfGyhkQ5aFogxQAPU
41,Attention,"Charlie Puth",113414,https://open.spotify.com/track/4iLqG9SeJSnt0cSPICSjxv
42,"Andas En Mi Cabeza","Chino & Nacho",112689,https://open.spotify.com/track/5mey7CLLuFToM2P68Qu1gF
43,Safari,"J Balvin",111419,https://open.spotify.com/track/6rQSrBHf7HlZjtcMZ4S4bO
44,"I Feel It Coming","The Weeknd",109723,https://open.spotify.com/track/5GXAXm5YOmYT0kL5jHvYBt
45,"Let Me Love You","DJ Snake",107334,https://open.spotify.com/track/4pdPtRcBmOSQDlJ3Fk945m
46,Vacaciones,Wisin,106115,https://open.spotify.com/track/3dQDid3IUNhZy1OehIfYfE
47,"Vente Pa' Ca","Ricky Martin",105882,https://open.spotify.com/track/7DM4BPaS7uofFul3ywMe46
48,Chillax,Farruko,105529,https://open.spotify.com/track/1lxswgIpzV6HhENRvkflES
49,"Dile Que Tu Me Quieres",Ozuna,105237,https://open.spotify.com/track/20ZAJdsKB5IGbGj4ilRt2o
50,"Al Filo de Tu Amor","Carlos Vives",105098,https://open.spotify.com/track/77a9893yxuz36cBUmBzA8E
51,Chantaje,Shakira,78790,https://open.spotify.com/track/6mICuAdrwEjh6Y6lroV2Kg
52,"Sign of the Times","Harry Styles",75858,https://open.spotify.com/track/5Ohxk2dO5COHF1krpoPigN
53,"Ya No Me Duele Más","Silvestre Dangond",70037,https://open.spotify.com/track/4JnJ9ACXmtLkpH61ZvFSaM
54,"There's Nothing Holdin' Me Back","Shawn Mendes",69667,https://open.spotify.com/track/79cuOz3SPQTuFrp8WgftAu
55,"La Bicicleta","Carlos Vives",66644,https://open.spotify.com/track/0sXvAOmXgjR2QUqLK1MltU
56,"Stay (with Alessia Cara)",Zedd,66444,https://open.spotify.com/track/0dA2Mk56wEzDgegdC6R17g
57,"Bad Liar","Selena Gomez",66405,https://open.spotify.com/track/1sCxVKWImDZSZKvG0U9B23
58,"Diles (feat. Arcangel, Nengo Flow, Dj Luian & Mambo Kings)",Farruko,65310,https://open.spotify.com/track/2FrnTVSHjgnEylKGdHRUK1
59,"La Última Vez","Anuel Aa",62531,https://open.spotify.com/track/4J1e3hbf0e5YUZjkxyJWD3
60,"There for You","Martin Garrix",61325,https://open.spotify.com/track/6jA8HL9i4QGzsj6fjoxp8Y
61,"Soy Peor","Bad Bunny",59357,https://open.spotify.com/track/5MT96Zz0ymUJNm8obKZQr0
62,Malibu,"Miley Cyrus",59160,https://open.spotify.com/track/2habSXqcJGExM6JJyskY7O
63,"Scared to Be Lonely","Martin Garrix",58197,https://open.spotify.com/track/3ebXMykcMXOcLeJ9xZ17XH
64,"Déjame te explico",Reykon,58131,https://open.spotify.com/track/7jzpAD8q77nwEmSsqUeUjy
65,"One Dance",Drake,58092,https://open.spotify.com/track/1xznGGDReH1oQq0xzbwXa3
66,Passionfruit,Drake,57807,https://open.spotify.com/track/7hDc8b7IXETo14hHIHdnhd
67,"Strip That Down","Liam Payne",56754,https://open.spotify.com/track/6EpRaXYhGOB3fj4V2uDkMJ
68,"Por Fin Te Encontré","Cali Y El Dandee",56670,https://open.spotify.com/track/3GpvoKKWZyTwgbLEM9RmWM
69,"Una y otra vez","Manuel Medrano",56415,https://open.spotify.com/track/0bK3jxkbq5cDKWr68KtO8G
70,Feels,"Calvin Harris",56335,https://open.spotify.com/track/6BaCraQ9xeLYg4Sb9TBT2X
71,"Symphony (feat. Zara Larsson)","Clean Bandit",55527,https://open.spotify.com/track/1x5sYLZiu9r5E43kMlt9f8
72,"La Eléctrica","El Gran Martín Elías",54737,https://open.spotify.com/track/0tHzhHxk1ykK6Sa5t6bSYa
73,"Buscando Huellas (feat. J Balvin & Sean Paul)","Major Lazer",54602,https://open.spotify.com/track/6urlj8N8TL3MK0ATNGIZYW
74,"A Ella","Karol G",53455,https://open.spotify.com/track/3nqrj9bM1clIkejk7BVPtX
75,"Mi Tesoro (feat. Nicky Jam)","Zion & Lennox",52928,https://open.spotify.com/track/5HABnFSYvl6mTmg8nSdzHa
76,"Sé Que Te Duele","Alejandro Fernandez",52910,https://open.spotify.com/track/5vZfgeDfNhlkKeJqjzSAmg
77,"Hasta que amanezca",ChocQuibTown,51844,https://open.spotify.com/track/2GVVRtYmBUQNXys8bFxNZ5
78,Unforgettable,"French Montana",51659,https://open.spotify.com/track/1F2HXIJrE2Xn81OzT2zZvW
79,Closer,"The Chainsmokers",51569,https://open.spotify.com/track/7BKLCZ1jbUBVqRi2FVlTVw
80,"I Don’t Wanna Live Forever (Fifty Shades Darker) - From ""Fifty Shades Darker (Original Motion Picture Soundtrack)""",ZAYN,51525,https://open.spotify.com/track/3NdDpSvN911VPGivFlV5d0
81,"Me llamas","Piso 21",51415,https://open.spotify.com/track/3jpqMaJREkmVDYlRvW1qWC
82,"Ya Me Enteré (feat. Nicky Jam) - Urban Version",Reik,51119,https://open.spotify.com/track/2SSYqDX8KTgy01NlqtUo0F
83,"Al Fin Llegaste Tú","El Gran Martín Elías",50135,https://open.spotify.com/track/7jZJm3yRLCKxmJ3kxUtp6f
84,"No Promises (feat. Demi Lovato)","Cheat Codes",48593,https://open.spotify.com/track/1louJpMmzEicAn7lzDalPW
85,"First Time",Kygo,48455,https://open.spotify.com/track/2Gl0FzuLxflY6nPifJp5Dr
86,Slide,"Calvin Harris",48355,https://open.spotify.com/track/6gpcs5eMhJwax4mIfKDYQk
87,"Swish Swish","Katy Perry",48345,https://open.spotify.com/track/2kVHAQKVtczchKctctzbtK
88,Thunder,"Imagine Dragons",48052,https://open.spotify.com/track/0tKcYR2II1VCQWT79i5NrW
89,Believer,"Imagine Dragons",47869,https://open.spotify.com/track/0CcQNd8CINkwQfe1RDtGV6
90,"Shape of You (Latin Remix) [feat. Zion & Lennox]","Ed Sheeran",47504,https://open.spotify.com/track/5nCtCCB5i1OfbADvynNw0i
91,"Wild Thoughts","DJ Khaled",46455,https://open.spotify.com/track/1OAh8uOEOvTDqkKFsKksCi
92,"Crying in the Club","Camila Cabello",45973,https://open.spotify.com/track/1SJtlNRJDeYHioymcvsqev
93,"Hasta el Amanecer","Nicky Jam",45904,https://open.spotify.com/track/5Fim1gaXBgsiFfsQAfQSDS
94,"Borro Cassette",Maluma,45515,https://open.spotify.com/track/6DUdDIRgLqCGq1DwkNWQTN
95,"Ahora Me Llama","Karol G",45097,https://open.spotify.com/track/61HHDBLqF3AmSvLfHKNGd2
96,"We Don't Talk Anymore (feat. Selena Gomez)","Charlie Puth",44958,https://open.spotify.com/track/68EMU2RD1ECNeOeJ5qAXCV
97,"Bon appétit","Katy Perry",44773,https://open.spotify.com/track/61WbtB6ujkpNAsAf5LjF4b
98,"Bajo el agua","Manuel Medrano",44739,https://open.spotify.com/track/5QSYWruQQ7kBCHScI4xJ9g
99,Starboy,"The Weeknd",44714,https://open.spotify.com/track/5aAx2yezTd8zXrkmtKl66Z
100,"Ayer 2","Anuel Aa",44643,https://open.spotify.com/track/5ZF3889W92eTBOROe0lPNN
101,"Thinking Out Loud","Ed Sheeran",44446,https://open.spotify.com/track/1Slwb6dOYkBlWal1PGtnNg
102,"El Ton Ton","El Gran Martín Elías",43708,https://open.spotify.com/track/79tXeic8XnQhits8UBnuO8
103,Cold,"Maroon 5",43644,https://open.spotify.com/track/5NNlUMcOEOdoOIwwaWXv0k
104,"El Ratico",Juanes,43213,https://open.spotify.com/track/2HqlnQkOtLFLyQgOVYqWkU
105,"I Took A Pill In Ibiza - Seeb Remix","Mike Posner",43174,https://open.spotify.com/track/17Fd6Yb7mSbinKG8LoWfFl
106,"Bendito Corazón","El Gran Martín Elías",43095,https://open.spotify.com/track/1uMfP62jIFSq8TNJ8NGU3l
107,Fuego,Juanes,42562,https://open.spotify.com/track/0mwPE0lPOgnWf2bo14xedJ
108,"Caile (feat. Zion & De La Ghetto)",Revol,42405,https://open.spotify.com/track/626rYyBfeAeleh1F5t4B70
109,"Know No Better (feat. Quavo)","Major Lazer",42250,https://open.spotify.com/track/3Ytr1SUCUi6J3L9dRFx5iH
110,"My Way","Calvin Harris",41921,https://open.spotify.com/track/1vvNmPOiUuyCbgWmtc6yfm
111,"Me Mata","Bad Bunny",41565,https://open.spotify.com/track/2wgDAPgBhFA7pnIbm0YOhP
112,"Shaky Shaky","Daddy Yankee",41270,https://open.spotify.com/track/58IL315gMSTD37DOZPJ2hf
113,"Por un Beso de Tu Boca","Silvestre Dangond",41217,https://open.spotify.com/track/6AN5AFLDuiEqaCYBqhat55
114,"Love Yourself","Justin Bieber",41048,https://open.spotify.com/track/3hB5DgAiMAQ4DzYbsMq1IT
115,"Don't Wanna Know","Maroon 5",40818,https://open.spotify.com/track/5MFzQMkrl1FOOng9tq6R9r
116,"Labios Negros","El Gran Martín Elías",40614,https://open.spotify.com/track/0BD2jPDGksffL0mSAGbKUD
117,"Galway Girl","Ed Sheeran",40559,https://open.spotify.com/track/0afhq8XCExXpqazXczTSve
118,"Si Me Dices Que Si (feat. Nicky Jam)",Cosculluela,40501,https://open.spotify.com/track/3noN1TxpjbjjmKqssghvg8
119,"Treat You Better","Shawn Mendes",40110,https://open.spotify.com/track/4Hf7WnR761jpxPr5D46Bcd
120,"Ando buscando","Carlos Baute",40069,https://open.spotify.com/track/7BwJtE8KSbCQKOCTIAY3jX
121,HUMBLE.,"Kendrick Lamar",40038,https://open.spotify.com/track/7KXjTSCq5nL1LoYtL7XAwS
122,"Perro Fiel",Shakira,39960,https://open.spotify.com/track/70lnL3QaSOIIyMa2X9aVRL
123,"No Te Hagas","Jory Boy",39940,https://open.spotify.com/track/5hKjEpYrJIJs6uPl7zw6Y6
124,Photograph,"Ed Sheeran",39809,https://open.spotify.com/track/6fxVffaTuwjgEk5h9QyRjy
125,Paris,"The Chainsmokers",39671,https://open.spotify.com/track/72jbDTw1piOOj770jWNeaG
126,"No Lie","Sean Paul",39648,https://open.spotify.com/track/3cFsmM51N5zMAuu1nNY4Tw
127,Faded,"Alan Walker",39261,https://open.spotify.com/track/7gHs73wELdeycvS48JfIos
128,"Devuélveme El Corazón","Sebastian Yatra",39071,https://open.spotify.com/track/2uWg6P3lEsS1qQ2qg11TUx
129,Mama,"Jonas Blue",39062,https://open.spotify.com/track/4xlrALxuaCf9yZBHJeTSG6
130,Báilame,"El Gran Martín Elías",38955,https://open.spotify.com/track/4SwLByQCbFPYRCB7VGrDyl
131,"Mejor Que A Ti Me Va - Versión Reggae","Andrés Cepeda",38667,https://open.spotify.com/track/68RyOAQNqTeuKeaNIo03Gp
132,"DUELE EL CORAZON","Enrique Iglesias",38408,https://open.spotify.com/track/6YZdkObH88npeKrrkb8Ggf
133,"Don't Let Me Down","The Chainsmokers",38150,https://open.spotify.com/track/0QsvXIfqM0zZoerQfsI9lm
134,"La Gozadera","Gente De Zona",38016,https://open.spotify.com/track/0OMRAvrtLWE2TvcXorRiB9
135,"Que Viva El Amor","El Gran Martín Elías",37910,https://open.spotify.com/track/0N3gvk8qWjQ4gLye4FFlrI
136,"24K Magic","Bruno Mars",37910,https://open.spotify.com/track/6b8Be6ljOzmkOmFslEb23P
137,"Ya No Me Duele Más - Remix","Silvestre Dangond",37745,https://open.spotify.com/track/4CTjql34LKCJy5WOSgEhvA
138,911,Feid,37656,https://open.spotify.com/track/1denQBP7H6fh9BXaTIgvQy
139,"Cuatro Babys",Maluma,37467,https://open.spotify.com/track/0JoHqmlqE0W0i9prt6kcHR
140,"Cheap Thrills",Sia,37136,https://open.spotify.com/track/27SdWb2rFzO6GWiYDBTD9j
141,"In the Name of Love","Martin Garrix",36864,https://open.spotify.com/track/04DwTuZ2VBdJCCC5TROn7L
142,"Un Ratito Mas","Bryant Myers",36798,https://open.spotify.com/track/21lnmphofXWWeSSx0PEMjc
143,"Si Te Me Vas","El Gran Martín Elías",36615,https://open.spotify.com/track/5vRob8UtxM6vG1WwVdqWHL
144,Caraluna,Bacilos,36574,https://open.spotify.com/track/7DhYjNLksXZhbRQeheAums
145,"Te Mando Flores",Fonseca,36508,https://open.spotify.com/track/6OpHDI8lRiqHLqmUIYUxVr
146,"Qué Gano Olvidándote - Versión Urbana",Reik,36228,https://open.spotify.com/track/3H179O48ynsu9q8LOnFQZY
147,"Cake By The Ocean",DNCE,36213,https://open.spotify.com/track/2aFiaMXmWsM3Vj72F9ksBl
148,"Cold Water (feat. Justin Bieber & MØ)","Major Lazer",36093,https://open.spotify.com/track/6DNtNfH8hXkqOX1sjqmI7p
149,Issues,"Julia Michaels",35670,https://open.spotify.com/track/1sXUWdKx03aP9Gmzft58rt
150,Ride,"Twenty One Pilots",35544,https://open.spotify.com/track/2Z8WuEywRWYTKe1NybPQEW
151,Duele,"Bomba Estéreo",35453,https://open.spotify.com/track/2oS9oshqJtXs9sdcfHw2qR
152,Déjame,"Mike Bahía",35100,https://open.spotify.com/track/2OiwhJfqhP0xuS8n3XQMHR
153,"El Chisme",Reykon,35036,https://open.spotify.com/track/4VXejnj5WgM6H72ct2fSgQ
154,Perfect,"Ed Sheeran",34882,https://open.spotify.com/track/0tgVpDi06FyKpA1z0VMD4v
155,"Chained To The Rhythm","Katy Perry",34605,https://open.spotify.com/track/6520aj0B4FSKGVuKNsOCOi
156,"Gyal You A Party Animal","Charly Black",34522,https://open.spotify.com/track/1mSzZKMIPZIkn3jFV7v62b
157,"Side To Side","Ariana Grande",34408,https://open.spotify.com/track/4pLwZjInHj3SimIyN9SnOz
158,Materialista,"Silvestre Dangond",34170,https://open.spotify.com/track/3jqSBJ8I20iUN0Bw8NA5xQ
159,"Me Ama Me Odia",Ozuna,33973,https://open.spotify.com/track/6041gM9Th1ViQcnzkIxnuv
160,"Stressed Out","Twenty One Pilots",33779,https://open.spotify.com/track/3CRDbSIZ4r5MsZ0YwxuEkn
161,"La Fundillo Loco","El Gran Martín Elías",33430,https://open.spotify.com/track/7ejwv8B5T919XmRFEU04LZ
162,"Me Acostumbre (feat. Bad Bunny)",Arcangel,33373,https://open.spotify.com/track/2FIm6YsSGL5acOqSuJDh5s
163,"La Más Bonita","El Gran Martín Elías",32765,https://open.spotify.com/track/4sFAjKwIQjRpZfuuxgMDn7
164,"Tu No Vive Asi (feat. Mambo Kingz & DJ Luian)",Arcangel,32653,https://open.spotify.com/track/6NSMQFKgjpQb0KkjMDYIK0
165,"Loca (feat. Cali Y El Dandee)","Maite Perroni",32277,https://open.spotify.com/track/05ZXXyeZFhZtA6DAP3Aw7x
166,Sugar,"Maroon 5",31953,https://open.spotify.com/track/494OU6M7NOf4ICYb4zWCf5
167,"Gyal You A Party Animal - Remix","Charly Black",31711,https://open.spotify.com/track/1AkTW13ysu0AJrwuM6UY0I
168,"Slow Hands","Niall Horan",31687,https://open.spotify.com/track/167NczpNbRF7oWakJaY3Hh
169,"More Than You Know","Axwell /\ Ingrosso",31442,https://open.spotify.com/track/4q8PHoRsPUB52LFylX8Ulz
170,"Volví a Nacer","Carlos Vives",31325,https://open.spotify.com/track/6Al0Kpd4VrRZ0Z4kTThNPa
171,"Bebé - Remix",Brytiago,31299,https://open.spotify.com/track/2jVJYU4X3aD8hlTco3MlsN
172,"El Mismo Cuento","El Gran Martín Elías",31127,https://open.spotify.com/track/7owZOaiiUbsrc1t0F0eM2L
173,"All of Me","John Legend",30996,https://open.spotify.com/track/2q6tgiA9tpb6DMguABwCWE
174,"This Is What You Came For","Calvin Harris",30879,https://open.spotify.com/track/0azC730Exh71aQlOt9Zj3y
175,"Mi Religión",Yandel,30800,https://open.spotify.com/track/2bdD0eYH8XirjVAXq68JAN
176,"Now Or Never",Halsey,30549,https://open.spotify.com/track/0Nhu3zSYbEz32IYiobV75e
177,"Lean On (feat. MØ & DJ Snake)","Major Lazer",30541,https://open.spotify.com/track/4WjH9Bzt3kx7z8kl0awxh4
178,"Te Busco (feat. Nicky Jam)",Cosculluela,30515,https://open.spotify.com/track/6wHm04cn5HxK6pE2ITEdUS
179,"Olha a Explosão","MC Kevinho",30506,https://open.spotify.com/track/6m2LNopVJKsvBB9l7Z1rwn
180,Privado,Rvssian,29848,https://open.spotify.com/track/11zRKpjEZwmcBBBGzB4pMn
181,Quédate,"Manuel Medrano",29829,https://open.spotify.com/track/5XXxxfDWGvI6OaXPEniklV
182,Sorry,"Justin Bieber",29823,https://open.spotify.com/track/69bp2EbF7Q2rqc5N3ylezZ
183,"Yo Contigo, Tú Conmigo - The Gong Gong Song / El Tema De La Película ""Gru 3 Mi Villano Favorito""",Morat,29631,https://open.spotify.com/track/63udHMyYjnnnojax4x26tO
184,"Nota de Amor",Wisin,29422,https://open.spotify.com/track/4YW2Fr25fHwUt6qgvM1iE1
185,"Afuera del planeta","Manuel Medrano",29417,https://open.spotify.com/track/71t9GoojGIMZLySI6imKFY
186,"Hermosa Ingrata",Juanes,29329,https://open.spotify.com/track/3H0Vda4LvcNlwRQpNd8MHJ
187,"Counting Stars",OneRepublic,29235,https://open.spotify.com/track/5edBgVtRD0fvWk140Sl21T
188,"Pa Ti","Bad Bunny",29097,https://open.spotify.com/track/17nOaHsTn06jxuU9NpHuFU
189,"Simple (feat. Cosculluela, Nengo Flow & Baby Rasta y Gringo)","DJ Luian",28866,https://open.spotify.com/track/15kZDQoTtpkya2kG8ZPJoi
190,Desesperado,"Andrés Cepeda",28715,https://open.spotify.com/track/2lRzcVCnWqYwttNNfbPHW0
191,"Te Vas",Ozuna,28563,https://open.spotify.com/track/2twUPIYOTqVivev47pf7bU
192,"No Vacancy (with Sebastián Yatra)",OneRepublic,28358,https://open.spotify.com/track/3Gqj86AgnD8EiIOFIGLubs
193,"Cómo Te Atreves",Morat,28335,https://open.spotify.com/track/2z0EshEO4XptiepEb9j3Og
194,"La Ocasion (feat. Arcangel, Ozuna & Anuel Aa)","De La Ghetto",28321,https://open.spotify.com/track/498YWgZPJWIA4lphXtCNma
195,"XO TOUR Llif3","Lil Uzi Vert",28051,https://open.spotify.com/track/2eMwDehkIC1j68U6FA3Eiq
196,"Light It Up (feat. Nyla & Fuse ODG) - Remix","Major Lazer",27941,https://open.spotify.com/track/0L7loeTIg6akW84aEQZpCT
197,"Bohemian Rhapsody - Remastered 2011",Queen,27840,https://open.spotify.com/track/1AhDOtG9vPSOmsWgNW0BEY
198,"The Scientist",Coldplay,27839,https://open.spotify.com/track/75JFxkI2RXiU7L9VXzMkle
199,"Hula Hoop","Daddy Yankee",27826,https://open.spotify.com/track/7BEI30TTNhwnkCyNUDmFrr
200,"Diabla - Official Remix",Farruko,27541,https://open.spotify.com/track/2OxUtaKYeahAGNaBiahXtR
