Position,"Track Name",Artist,Streams,URL
1,"Otra Vez (feat. J Balvin)","Zion & Lennox",316628,https://open.spotify.com/track/3QwBODjSEzelZyVjxPOHdq
2,Chantaje,Shakira,251017,https://open.spotify.com/track/6mICuAdrwEjh6Y6lroV2Kg
3,Safari,"J Balvin",233523,https://open.spotify.com/track/6rQSrBHf7HlZjtcMZ4S4bO
4,"Let Me Love You","DJ Snake",205559,https://open.spotify.com/track/4pdPtRcBmOSQDlJ3Fk945m
5,"Vente Pa' Ca","Ricky Martin",205030,https://open.spotify.com/track/7DM4BPaS7uofFul3ywMe46
6,"Bailame Despacio",Xantos,194108,https://open.spotify.com/track/4OaTpLJIa2harufGxfOPUu
7,"Ya No Me Duele Más","Silvestre Dangond",190800,https://open.spotify.com/track/4JnJ9ACXmtLkpH61ZvFSaM
8,"Reggaetón Lento (Bailemos)",CNCO,185639,https://open.spotify.com/track/3AEZUABDXNtecAOSC1qTfo
9,"La Bicicleta","Carlos Vives",184247,https://open.spotify.com/track/0sXvAOmXgjR2QUqLK1MltU
10,"Me llamas","Piso 21",181963,https://open.spotify.com/track/3jpqMaJREkmVDYlRvW1qWC
11,Closer,"The Chainsmokers",181518,https://open.spotify.com/track/7BKLCZ1jbUBVqRi2FVlTVw
12,Traicionera,"Sebastian Yatra",179798,https://open.spotify.com/track/5J1c3M4EldCfNxXwrwt8mT
13,Chillax,Farruko,177772,https://open.spotify.com/track/1lxswgIpzV6HhENRvkflES
14,"One Dance",Drake,177018,https://open.spotify.com/track/1xznGGDReH1oQq0xzbwXa3
15,"Andas En Mi Cabeza","Chino & Nacho",167295,https://open.spotify.com/track/5mey7CLLuFToM2P68Qu1gF
16,"Cuatro Babys",Maluma,165106,https://open.spotify.com/track/0JoHqmlqE0W0i9prt6kcHR
17,"Dile Que Tu Me Quieres",Ozuna,163662,https://open.spotify.com/track/20ZAJdsKB5IGbGj4ilRt2o
18,Starboy,"The Weeknd",162917,https://open.spotify.com/track/5aAx2yezTd8zXrkmtKl66Z
19,"24K Magic","Bruno Mars",150122,https://open.spotify.com/track/6b8Be6ljOzmkOmFslEb23P
20,"Don't Wanna Know","Maroon 5",144711,https://open.spotify.com/track/5MFzQMkrl1FOOng9tq6R9r
21,"Shaky Shaky","Daddy Yankee",142140,https://open.spotify.com/track/58IL315gMSTD37DOZPJ2hf
22,"Cold Water (feat. Justin Bieber & MØ)","Major Lazer",138334,https://open.spotify.com/track/6DNtNfH8hXkqOX1sjqmI7p
23,"My Way","Calvin Harris",134277,https://open.spotify.com/track/1vvNmPOiUuyCbgWmtc6yfm
24,"Te Quiero Pa´Mi","Don Omar",131461,https://open.spotify.com/track/3BY2mafsbsoKGqS380Xnuz
25,"Don't Let Me Down","The Chainsmokers",128033,https://open.spotify.com/track/0QsvXIfqM0zZoerQfsI9lm
26,"The Greatest",Sia,127739,https://open.spotify.com/track/6bLopGnirdrilrpdVB6Um1
27,"Cheap Thrills",Sia,126207,https://open.spotify.com/track/27SdWb2rFzO6GWiYDBTD9j
28,"Ay Mi Dios",IAmChino,125947,https://open.spotify.com/track/6stYbAJgTszHAHZMPxWWCY
29,"Ya Me Enteré (feat. Nicky Jam) - Urban Version",Reik,125324,https://open.spotify.com/track/2SSYqDX8KTgy01NlqtUo0F
30,"Por Fin Te Encontré","Cali Y El Dandee",120106,https://open.spotify.com/track/3GpvoKKWZyTwgbLEM9RmWM
31,"In the Name of Love","Martin Garrix",119211,https://open.spotify.com/track/04DwTuZ2VBdJCCC5TROn7L
32,"Una y otra vez","Manuel Medrano",118265,https://open.spotify.com/track/0bK3jxkbq5cDKWr68KtO8G
33,Vacaciones,Wisin,116294,https://open.spotify.com/track/3dQDid3IUNhZy1OehIfYfE
34,"Gyal You A Party Animal","Charly Black",116232,https://open.spotify.com/track/1mSzZKMIPZIkn3jFV7v62b
35,"DUELE EL CORAZON","Enrique Iglesias",114280,https://open.spotify.com/track/6YZdkObH88npeKrrkb8Ggf
36,"I Took A Pill In Ibiza - Seeb Remix","Mike Posner",113315,https://open.spotify.com/track/17Fd6Yb7mSbinKG8LoWfFl
37,"El Chisme",Reykon,110767,https://open.spotify.com/track/4VXejnj5WgM6H72ct2fSgQ
38,"Treat You Better","Shawn Mendes",110331,https://open.spotify.com/track/4Hf7WnR761jpxPr5D46Bcd
39,"Side To Side","Ariana Grande",109711,https://open.spotify.com/track/4pLwZjInHj3SimIyN9SnOz
40,"Ruleta Rusa","Kevin Roldan",109541,https://open.spotify.com/track/77KHmKnBmVGTjRCeMVXpWH
41,"I Feel It Coming","The Weeknd",104786,https://open.spotify.com/track/5GXAXm5YOmYT0kL5jHvYBt
42,"Bajo el agua","Manuel Medrano",104633,https://open.spotify.com/track/5QSYWruQQ7kBCHScI4xJ9g
43,"We Don't Talk Anymore (feat. Selena Gomez)","Charlie Puth",104303,https://open.spotify.com/track/68EMU2RD1ECNeOeJ5qAXCV
44,"Cake By The Ocean",DNCE,102755,https://open.spotify.com/track/2aFiaMXmWsM3Vj72F9ksBl
45,Bobo,"J Balvin",102137,https://open.spotify.com/track/7AtlMCIauSQZqiXSlbBPW6
46,"Me Llamas (feat. Maluma) - Remix","Piso 21",102029,https://open.spotify.com/track/5hEM0JchdVzQ5PwvSfITeX
47,Heathens,"Twenty One Pilots",100997,https://open.spotify.com/track/6i0V12jOa3mr6uu4WYhUBr
48,Encantadora,Yandel,98426,https://open.spotify.com/track/7LABrQFfRYcZUqUwng0Heb
49,"Te Busco (feat. Nicky Jam)",Cosculluela,96201,https://open.spotify.com/track/6wHm04cn5HxK6pE2ITEdUS
50,"This Is What You Came For","Calvin Harris",95181,https://open.spotify.com/track/0azC730Exh71aQlOt9Zj3y
51,Ride,"Twenty One Pilots",92050,https://open.spotify.com/track/2Z8WuEywRWYTKe1NybPQEW
52,"Rockabye (feat. Sean Paul & Anne-Marie)","Clean Bandit",72450,https://open.spotify.com/track/5knuzwU65gJK7IF5yJsuaW
53,"Borro Cassette",Maluma,70933,https://open.spotify.com/track/6DUdDIRgLqCGq1DwkNWQTN
54,"La Gozadera","Gente De Zona",67801,https://open.spotify.com/track/0OMRAvrtLWE2TvcXorRiB9
55,Fuego,Juanes,65599,https://open.spotify.com/track/0mwPE0lPOgnWf2bo14xedJ
56,"Diles (feat. Arcangel, Nengo Flow, Dj Luian & Mambo Kings)",Farruko,64910,https://open.spotify.com/track/2FrnTVSHjgnEylKGdHRUK1
57,"Hasta el Amanecer","Nicky Jam",62998,https://open.spotify.com/track/5Fim1gaXBgsiFfsQAfQSDS
58,Manicomio,Cosculluela,61274,https://open.spotify.com/track/3n58u3LOFw8mITLvfPvQBz
59,"Light It Up (feat. Nyla & Fuse ODG) - Remix","Major Lazer",58183,https://open.spotify.com/track/0L7loeTIg6akW84aEQZpCT
60,"Sola (Remix) [feat. Daddy Yankee, Wisin, Farruko, Zion & Lennox]","Anuel Aa",56958,https://open.spotify.com/track/5q2JbCNi4FcnglgPfxcV65
61,Work,Rihanna,56931,https://open.spotify.com/track/14WWzenpaEgQZlqPq2nk4v
62,"I Don’t Wanna Live Forever (Fifty Shades Darker) - From ""Fifty Shades Darker (Original Motion Picture Soundtrack)""",ZAYN,53811,https://open.spotify.com/track/3NdDpSvN911VPGivFlV5d0
63,"Te Vas",Ozuna,53507,https://open.spotify.com/track/2twUPIYOTqVivev47pf7bU
64,Faded,"Alan Walker",53256,https://open.spotify.com/track/7gHs73wELdeycvS48JfIos
65,"Love Yourself","Justin Bieber",52347,https://open.spotify.com/track/3hB5DgAiMAQ4DzYbsMq1IT
66,"CAN'T STOP THE FEELING! (Original Song from DreamWorks Animation's ""TROLLS"")","Justin Timberlake",51188,https://open.spotify.com/track/6JV2JOEocMgcZxYSZelKcc
67,"No Quiere Enamorarse (Remix) [feat. Daddy Yankee]",Ozuna,50995,https://open.spotify.com/track/4vlbjBSMqycZk6t4HVRpnC
68,Materialista,"Silvestre Dangond",50834,https://open.spotify.com/track/3jqSBJ8I20iUN0Bw8NA5xQ
69,"Gyal You A Party Animal - Remix","Charly Black",50336,https://open.spotify.com/track/1AkTW13ysu0AJrwuM6UY0I
70,"Work from Home","Fifth Harmony",50239,https://open.spotify.com/track/4tCtwWceOPWzenK2HAIJSb
71,"Stressed Out","Twenty One Pilots",49037,https://open.spotify.com/track/3CRDbSIZ4r5MsZ0YwxuEkn
72,"Ya No Me Duele Más - Remix","Silvestre Dangond",48984,https://open.spotify.com/track/4CTjql34LKCJy5WOSgEhvA
73,"Traicionera - Remix","Sebastian Yatra",46622,https://open.spotify.com/track/2webQDZmtGioeu3zUUi9We
74,"Me Ama Me Odia",Ozuna,45599,https://open.spotify.com/track/6041gM9Th1ViQcnzkIxnuv
75,"Lean On (feat. MØ & DJ Snake)","Major Lazer",44791,https://open.spotify.com/track/4WjH9Bzt3kx7z8kl0awxh4
76,"Que Raro",Feid,44750,https://open.spotify.com/track/3kg9JvQe6QJFKUQCN1oIQz
77,"Nunca Me Olvides",Yandel,44587,https://open.spotify.com/track/27ebni0DfbT5Owz6W42HP8
78,"La Ocasion (feat. Arcangel, Ozuna & Anuel Aa)","De La Ghetto",44450,https://open.spotify.com/track/498YWgZPJWIA4lphXtCNma
79,Sorry,"Justin Bieber",43897,https://open.spotify.com/track/69bp2EbF7Q2rqc5N3ylezZ
80,"Just Hold On","Steve Aoki",43282,https://open.spotify.com/track/3EmmCZoqpWOTY1g2GBwJoR
81,Sugar,"Maroon 5",42835,https://open.spotify.com/track/494OU6M7NOf4ICYb4zWCf5
82,"Black Beatles","Rae Sremmurd",42831,https://open.spotify.com/track/6fujklziTHa8uoM5OQSfIo
83,"Mi Tesoro (feat. Nicky Jam)","Zion & Lennox",42677,https://open.spotify.com/track/5HABnFSYvl6mTmg8nSdzHa
84,Obsesionado,Farruko,42218,https://open.spotify.com/track/5Jt4zdXTd9y1zxihiNYQI1
85,Middle,"DJ Snake",41325,https://open.spotify.com/track/4OZEu0Vwq0RB2LAq14v99n
86,Embriágame,"Zion & Lennox",41278,https://open.spotify.com/track/07YFRv1Rj2iTtA7NY3CTcY
87,"Afuera del planeta","Manuel Medrano",40822,https://open.spotify.com/track/71t9GoojGIMZLySI6imKFY
88,"Corazon De Seda (feat. Ozuna)",Klasico,40661,https://open.spotify.com/track/0uRHot8ml8U8cYVwwzMwNT
89,"Embriágame (feat. Don Omar) - Remix","Zion & Lennox",40479,https://open.spotify.com/track/1WOJTQfNUEkLlsinPP95VM
90,"Encantadora - Remix",Yandel,40413,https://open.spotify.com/track/0EpFfFZpCuqYFzHvxOtrZS
91,Ginza,"J Balvin",39411,https://open.spotify.com/track/5N8nNuTmIzkZOfcxXlygUw
92,Mercy,"Shawn Mendes",39245,https://open.spotify.com/track/4TZy1wLyHec06pwgFYDh1a
93,"Too Good",Drake,39241,https://open.spotify.com/track/11KJSRSgaDxqydKYiD2Jew
94,Hello,Adele,39084,https://open.spotify.com/track/4sPmO7WMQUAf45kwMOtONw
95,"Hymn For The Weekend - Seeb Remix",Coldplay,38581,https://open.spotify.com/track/1OAiWI2oPmglaOiv9fdioU
96,Desesperado,"Andrés Cepeda",38555,https://open.spotify.com/track/2lRzcVCnWqYwttNNfbPHW0
97,"Perfect Strangers","Jonas Blue",38521,https://open.spotify.com/track/5bZtRlMBU76vHuDOb1GM5u
98,"Te Mando Flores",Fonseca,38390,https://open.spotify.com/track/6OpHDI8lRiqHLqmUIYUxVr
99,"All We Know","The Chainsmokers",38226,https://open.spotify.com/track/2rizacJSyD9S1IQUxUxnsK
100,"Desde Esa Noche",Thalía,38128,https://open.spotify.com/track/1pWYnQIlqxTh5bxuPmTG4E
101,"Fake Love",Drake,37594,https://open.spotify.com/track/343YBumqHu19cGoGARUTsd
102,Starving,"Hailee Steinfeld",37581,https://open.spotify.com/track/1qOLh0tI7trd1zdDKxYZTe
103,"Thinking Out Loud","Ed Sheeran",37518,https://open.spotify.com/track/1Slwb6dOYkBlWal1PGtnNg
104,"Si Me Dices Que Si (feat. Nicky Jam)",Cosculluela,37355,https://open.spotify.com/track/3noN1TxpjbjjmKqssghvg8
105,"Flor Pálida","Marc Anthony",37119,https://open.spotify.com/track/47TyfLrGhYHHyyQWk64d0M
106,"Si No Te Quiere Remix (feat. Arcangel & Farruko)",Ozuna,36328,https://open.spotify.com/track/7gDmPRpv9oLHbTLwicn4Zl
107,"Nota de Amor",Wisin,36277,https://open.spotify.com/track/4YW2Fr25fHwUt6qgvM1iE1
108,"Hasta Que Se Seque el Malecón - Remix","Jacob Forever",36249,https://open.spotify.com/track/6sMPwcpYtxm1mlgYbp1B0t
109,"El Perdedor - The Remix",Maluma,36087,https://open.spotify.com/track/4QsPTKvdpgkA7mBAvclZTa
110,"En La Intimidad",Ozuna,35747,https://open.spotify.com/track/0QetVR4wwvyiTezQeFNdeZ
111,"What Do You Mean?","Justin Bieber",35541,https://open.spotify.com/track/3pzjHKrQSvXGHQ98dx18HI
112,Hello,"Karol G",35421,https://open.spotify.com/track/1PGENMzwUy16wlpZiuLS65
113,"Cheap Thrills",Sia,35121,https://open.spotify.com/track/378iszndTZAR4dH8kwsLC6
114,"Say You Won't Let Go","James Arthur",35109,https://open.spotify.com/track/5uCax9HTNlzGybIStD3vDh
115,"El Perdedor",Maluma,34548,https://open.spotify.com/track/1iEwyiSLAunPR6uouANE0O
116,Stitches,"Shawn Mendes",34385,https://open.spotify.com/track/1WP1r7fuvRqZRnUaTi2I1Q
117,"Bailando - Spanish Version","Enrique Iglesias",34258,https://open.spotify.com/track/32lm3769IRfcnrQV11LO4E
118,"Can't Feel My Face","The Weeknd",34114,https://open.spotify.com/track/6RsWqX8zABZLhZydXxEFOm
119,"Lush Life","Zara Larsson",33734,https://open.spotify.com/track/1rIKgCH4H52lrvDcz50hS8
120,"Acércate (feat. Nicky Jam) - Remix","De La Ghetto",32904,https://open.spotify.com/track/35OC6rMxa8lJi8eDiUVShS
121,"Locked Away","R. City",32835,https://open.spotify.com/track/7x5xYW5W42OGPAdHUyyguy
122,"Oiga, Mira, Vea","Guayacán Orquesta",32377,https://open.spotify.com/track/5HJyn7mTQq7OtmpldocdZC
123,"Tu No Vive Asi (feat. Mambo Kingz & DJ Luian)",Arcangel,32272,https://open.spotify.com/track/6NSMQFKgjpQb0KkjMDYIK0
124,Firestone,Kygo,32110,https://open.spotify.com/track/1I8tHoNBFTuoJAlh4hfVVE
125,"Maldita Traicion",Álzate,31724,https://open.spotify.com/track/1vBkb5uekLodTDjvHWwnm4
126,"This Girl (Kungs Vs. Cookin' On 3 Burners) - Kungs Vs. Cookin' On 3 Burners",Kungs,31628,https://open.spotify.com/track/0tICYNayWWhH9GPeFrfjfD
127,"Fast Car","Jonas Blue",31527,https://open.spotify.com/track/6OZh916QF8XNunWaP97WEZ
128,Privado,Rvssian,31438,https://open.spotify.com/track/11zRKpjEZwmcBBBGzB4pMn
129,"Into You","Ariana Grande",31335,https://open.spotify.com/track/7yHEDfrJNd0zWOfXwydNH0
130,"Uptown Funk","Mark Ronson",31309,https://open.spotify.com/track/32OlwWuMpZ6b0aN2RZOeMS
131,"Propuesta Indecente","Romeo Santos",31304,https://open.spotify.com/track/5PycBIeabfvX3n9ILG7Vrv
132,"7 Years","Lukas Graham",31146,https://open.spotify.com/track/7129iqBafaphfc3WPCGC0L
133,"Vivir Mi Vida","Marc Anthony",31127,https://open.spotify.com/track/3QHMxEOAGD51PDlbFPHLyJ
134,Photograph,"Ed Sheeran",30936,https://open.spotify.com/track/6fxVffaTuwjgEk5h9QyRjy
135,"Hymn For The Weekend",Coldplay,30785,https://open.spotify.com/track/3RiPr603aXAoi4GHyXx0uy
136,"By Your Side","Jonas Blue",30709,https://open.spotify.com/track/1D3ODoXHBLpdxolZRHWV1j
137,"De Pies a Cabeza",Maná,30651,https://open.spotify.com/track/2CkHE54EH44Qj945ynQRw7
138,Chandelier,Sia,30556,https://open.spotify.com/track/4VrWlk8IQxevMvERoX08iC
139,"Si No Te Quiere",Ozuna,30134,https://open.spotify.com/track/7kxYYjOYRO8HamP4RKBhJ0
140,"Bohemian Rhapsody - Remastered 2011",Queen,30131,https://open.spotify.com/track/1AhDOtG9vPSOmsWgNW0BEY
141,"Deja Que Te Bese","Alejandro Sanz",30113,https://open.spotify.com/track/0s6yB0ZFl1LvYHAnGhXFga
142,"Vine a Buscarte",Fonseca,30089,https://open.spotify.com/track/2UrnKFI7ENhH3Ht25gC0jd
143,"Cheerleader - Felix Jaehn Remix Radio Edit",OMI,29921,https://open.spotify.com/track/7vFoFDWqTX0mHzLfrF1Cfy
144,"Bad Things (with Camila Cabello)","Machine Gun Kelly",29657,https://open.spotify.com/track/1PSBzsahR2AKwLJgx8ehBj
145,"Stole the Show",Kygo,29590,https://open.spotify.com/track/5masKPHeAOVNgxdLebIcK7
146,"Counting Stars",OneRepublic,29335,https://open.spotify.com/track/5edBgVtRD0fvWk140Sl21T
147,"La Muñeca","Mike Bahía",29308,https://open.spotify.com/track/2abdToaI1gzHajvDrErISs
148,"Somos Dos","Bomba Estéreo",29279,https://open.spotify.com/track/35u3Isd3DuXKAEC7JCC0lB
149,"Un Polvo",Maluma,29089,https://open.spotify.com/track/01vHGJRvJ6EZW9KO8NtZpi
150,"Sucker For Pain (with Wiz Khalifa, Imagine Dragons, Logic & Ty Dolla $ign feat. X Ambassadors)","Lil Wayne",28890,https://open.spotify.com/track/4dASQiO1Eoo3RJvt74FtXB
151,Caraluna,Bacilos,28863,https://open.spotify.com/track/7DhYjNLksXZhbRQeheAums
152,"The Scientist",Coldplay,28558,https://open.spotify.com/track/75JFxkI2RXiU7L9VXzMkle
153,PILLOWTALK,ZAYN,28469,https://open.spotify.com/track/0PDUDa38GO8lMxLCRc4lL1
154,"Adventure Of A Lifetime",Coldplay,28308,https://open.spotify.com/track/69uxyAqqPIsUyTO8txoP2M
155,"Niégame Tres Veces","Silvestre Dangond",28231,https://open.spotify.com/track/4mGRIaDuszXYCTGZfLjjpA
156,"Call On Me - Ryan Riback Extended Remix",Starley,28085,https://open.spotify.com/track/78rIJddV4X0HkNAInEcYde
157,"Cómo Lo Hizo","Silvestre Dangond",27884,https://open.spotify.com/track/5oQ12KlSu359ek2vpJTMX3
158,"Me Voy Enamorando - Remix","Chino & Nacho",27734,https://open.spotify.com/track/0nfBKG11Wv2bK8cPjMU5VB
159,"Volví a Nacer","Carlos Vives",27726,https://open.spotify.com/track/6Al0Kpd4VrRZ0Z4kTThNPa
160,"All of Me","John Legend",27715,https://open.spotify.com/track/2q6tgiA9tpb6DMguABwCWE
161,"Cuando Nos Volvamos a Encontrar","Carlos Vives",27675,https://open.spotify.com/track/59hfezbTqi7I68O4OyLfcR
162,"Si Ella Quisiera","Justin Quiles",27624,https://open.spotify.com/track/7cIkMEpDhT7Vpw1FHOQqKC
163,"Baila Conmigo","Juan Magán",27470,https://open.spotify.com/track/772io14jrMTxGJbijtDccQ
164,Panda,Desiigner,27300,https://open.spotify.com/track/5OOkp4U9P9oL23maHFHL1h
165,"Send My Love (To Your New Lover)",Adele,27150,https://open.spotify.com/track/4BHzQ9C00ceJxfG16AlNWb
166,Sunset,Farruko,26657,https://open.spotify.com/track/2yDaWqECegHdiFOuez5gdO
167,DM,Mueka,26542,https://open.spotify.com/track/0YwxZXiwZDJbWhfQJMIn8u
168,"Por el Resto de Mi Vida","Andrés Cepeda",26513,https://open.spotify.com/track/0gjhhuqKxswtR1KzYSpSfd
169,"Lo mejor que hay en mi vida","Andrés Cepeda",26490,https://open.spotify.com/track/0gDrHUizlbFgRKVQeLI595
170,"Pierde Los Modales","J Balvin",26429,https://open.spotify.com/track/4r3itKA9HEJo48RG65OEnt
171,"Ya Me Enteré",Reik,26387,https://open.spotify.com/track/0lPXFrKyl8HkdQ2E6NmNja
172,"Sin Contrato",Maluma,26281,https://open.spotify.com/track/09S64DUkxIX9EwIaULu6yN
173,"How Deep Is Your Love","Calvin Harris",26107,https://open.spotify.com/track/22mek4IiqubGD9ctzxc69s
174,"Sorry - Latino Remix","Justin Bieber",26020,https://open.spotify.com/track/0XXLwO7YHHTAK3OJkWQ37b
175,"Me Tienes Loco","Kevin Roldan",25941,https://open.spotify.com/track/5x9NZJODOZhowAse65OEGL
176,Bajito,Jencarlos,25824,https://open.spotify.com/track/2q5VkfuJpCHJiFkMqNsenl
177,"El Preso","Fruko Y Sus Tesos",25755,https://open.spotify.com/track/69LfSVCs3xfpwLiS6c0q4E
178,"Como Mirarte","Sebastian Yatra",25603,https://open.spotify.com/track/3LCEPpWeFpp6EONBsL2qbk
179,"Hotline Bling",Drake,25578,https://open.spotify.com/track/2FBUoWkIuQXwayw2RNo5l6
180,"Si Ella Quisiera - Remix","Justin Quiles",25442,https://open.spotify.com/track/0A2h9QjoPdbVwa9LFiijqM
181,"Me Rehúso","Danny Ocean",25359,https://open.spotify.com/track/6De0lHrwBfPfrhorm9q1Xl
182,"Safe And Sound","Capital Cities",25184,https://open.spotify.com/track/6Z8R6UsFuGXGtiIxiD8ISb
183,"Cómo Te Atreves",Morat,25149,https://open.spotify.com/track/2z0EshEO4XptiepEb9j3Og
184,"El Perdón","Nicky Jam",25045,https://open.spotify.com/track/7qCAVkHWZkF44OzOUKf8Cr
185,"Ya Me Cansé",Álzate,24781,https://open.spotify.com/track/4k2FA4wQYFqGWDNHVHW9M1
186,"Bang My Head (feat. Sia & Fetty Wap)","David Guetta",24743,https://open.spotify.com/track/53Y0kdCa1CZ9gRqEuknfwy
187,Alone,"Alan Walker",24646,https://open.spotify.com/track/0JiVRyTJcJnmlwCZ854K4p
188,Stay,Kygo,24582,https://open.spotify.com/track/2FiSTH0GYpIioUgjfzMIja
189,"Vine a Buscarte - Remix",Fonseca,24547,https://open.spotify.com/track/50gVdVChbqzdMmWR2dp0tP
190,"All I Want for Christmas Is You","Mariah Carey",24507,https://open.spotify.com/track/0bYg9bo50gSsH3LtXe2SQn
191,"En Barranquilla Me Quedo","Joe Arroyo",24496,https://open.spotify.com/track/3WXfQDsASfXrSojk9WB3aR
192,"La Invité a Bailar","Kevin Florez",24407,https://open.spotify.com/track/1KqbEgwOZrAI36yBnGkZ94
193,"Locked Out Of Heaven","Bruno Mars",24389,https://open.spotify.com/track/5g7sDjBhZ4I3gcFIpkrLuI
194,Rude,MAGIC!,24379,https://open.spotify.com/track/6RtPijgfPKROxEzTHNRiDp
195,"Ando buscando","Carlos Baute",24333,https://open.spotify.com/track/7BwJtE8KSbCQKOCTIAY3jX
196,"Un ratito","Andrés Cepeda",24286,https://open.spotify.com/track/0yWTj7svBMM02NdKajK1cy
197,"Ni Que Fueras la Mas Buena",Álzate,24162,https://open.spotify.com/track/3rbeV5mt1vaQP0p7Ts1E17
198,"Cali Pachanguero","Grupo Niche",24019,https://open.spotify.com/track/3SXWtn3YbXOuz6s9LN8LeJ
199,Lloraras,"Billo's Caracas Boys",24009,https://open.spotify.com/track/06sGPlylSN84nEQK23fZhQ
200,"Scars To Your Beautiful","Alessia Cara",23921,https://open.spotify.com/track/0prNGof3XqfTvNDxHonvdK
